id,text
1,"Why is it so foggy in San Francisco?

It isn't as foggy as you might think. Spring and Fall are quite temperate, and San Francisco is renowned for it's ""Indian Summer"" in September. However, Mark Twain had a point when he said ""The coldest Winter I ever spent was Summer in San Francisco.""\nThis is because the warm air from inland (where it gets quite hot in the Summer) clashes with the cold air from the surrounding Pacific Ocean and the SF Bay. When that happens, fog forms. Further explanation from http://kids.earth.nasa.gov: ""At night, the ground surface cools by radiating heat to space. Air near the ground cools to the dew point temperature, causing water in the air to condense.""\nSure it's cold, but fog can be quite beautiful and atmospheric. Just look at the pictures on http://www.goldengatephoto.com/sanfran/thefogrollsin.html  Lovely!"
2,"Avoid Search Engine Blacklisting Avoid Search Engine Blacklisting\\The best way to avoid being blacklisted by the search engines is to avoid using some questionable techniques that were once popular to gain high rankings. Even if your website is not blacklisted by using some of the techniques below, it may be penalized (buried in the ...

Avoid Search Engine Blacklisting Avoid Search Engine Blacklisting\\The best way to avoid being blacklisted by the search engines is to avoid using some questionable techniques that were once popular to gain high rankings. Even if your website is not blacklisted by using some of the techniques below, it may be penalized (buried in the ..."
3,"Jones Day

Jones Day is an elite international law firm. The firm currently has 37 offices worldwide and employs over 2400 lawyers making it the third largest law firm in the world. Consistently ranked as one of the most prestigious in the world the firm represents many of the world's largest companies and financial institutions and is best known for its litigation practice. Jones Day has one the highest brand equity among US law firms. The current managing partner Stephen J."
4,"Why do we only drink eggnog during Christmas?

Eggnog is a popular wintertime drink.  We do not serve eggnog only during Christmas.  It is also popular on New Year's day and some serve it on Thanksgiving."
5,"Niederegger

J. G. Niederegger GmbH & Co. KG is a producer of marzipan and sweets. It is based in Lübeck Germany.Niederegger was founded by Johann Georg Niederegger on 1 March 1806 in Lübeck and is since known for their marzipan for about 200 years."
6,"How do I tone my butt? What's the best exercise for butts?

Where do you live?  I have been taking a class called ""Core Fusion"" for almost a year now, and it has been the most effective thing I've done in terms of toning my body up (all over, not just butt).  It is offered at Exhale Spa, which has locations in Boston, New York, Chicago, Venice (CA) and Santa Monica - and I believe they'll be opening up a Dallas location in 2006.  \n\nIf you are not near an Exhale, yoga has a lot of postures that will help you tone your butt muscles (maybe check out a local gym or studio?).  So does Pilates (which I'm not really a fan of - I find it boring).  \n\nThere are also the old ""standbys"" of squats and lunges (you can get added benefit by integrating props or machines - i.e. do the lunges or squats on the Smith Machine - the one that has the bar with adjustable weights that you square on the back of your shoulders while doing the exercises, or stand with your back to the wall, place a physioball behind you and roll it up and down the wall with your back as you squat).  One important thing to remember about squats and lunges is not to let your knees go forward of your ankles - that puts a lot of strain on your knees and sets you up for unpleasant injuries.  \n\nIf you go to the gym, some of the weight machines they should have can be effective butt toners - like the leg/hamstring curl machines."
7,"What is the meaning of life?

Well, from wich perspective do you look at it? In my opinion, physical reality incarnations are done for the purpouse of spiritual growth...""body is a car, soul is a driver, YOU"". Aside from that, I believe all is devine, in other words, all is god, source, as some say it. I also believe that each seek's to reunite with source... :) Take Care, Love and Light"
8,"Which Diet is Best? The One That Works for You By Kathleen Doheny, HealthDay Reporter    HealthDayNews -- Gather together some diners who are trying to lose weight, then sit back and listen to the debate.    Almost anyone who's on a diet -- or at least one that's working -- is convinced his or her plan is the best...

Which Diet is Best? The One That Works for You By Kathleen Doheny, HealthDay Reporter    HealthDayNews -- Gather together some diners who are trying to lose weight, then sit back and listen to the debate.    Almost anyone who's on a diet -- or at least one that's working -- is convinced his or her plan is the best..."
9,"SA Power Networks

SA Power Networks (previously ETSA Utilities) is the operator of the South Australian electricity distribution network delivering electricity from the high voltage transmission network connection points through a network of about 87500 kilometres of powerlines to about 830000 residential and business customers throughout most of South Australia.SA Power Networks is the fifth largest electricity distributor in the Australian National Electricity Market.ETSA Utilities changed its name to SA Power Networks effective 3 September 2012."
10,"De Wendel family

The de Wendel Family is an industrialist family from Lorraine France.In the 19th and 20th centuries the family gained might both industrial and political. As a result they also attracted controversy as an icon of French capitalism. Following the nationalisation of the French steel industry in 1978 they became a successful investment company (Wendel Investissement)."
11,"Mercadona

Mercadona (Valencian: [meɾkaˈðɔna] Spanish: [merkaˈðona]) is a Spanish family owned supermarket chain. Francisco Roig Ballester and his wife Trinidad Alfonso Mocholi founded the company in 1977 which began as a small butcher shop in Valencia. Juan Roig assumed the role of CEO in 1981 and the company has since expanded nationwide. In the 1990s Mr."
12,"Look Communications

Look Communications (NEX: LOK.H) is a telecommunication company that has been in liquidation since November 2009. It was a digital wireless cable internet service and web hosting provider. It was once linked to former crown corporation Teleglobe and Chinese ISP Inter Pacific Online.Founded in 1997 Look's head office was in Milton Ontario though most of its departments and employees were based in its Montreal office."
13,"Tools wrap: Sun, Javalobby, Infravio make moves Officials at Sun Microsystems, Javalobby, and Infravio this week revealed initiatives positioned as advances in either Java development or Web services consumption.

Tools wrap: Sun, Javalobby, Infravio make moves Officials at Sun Microsystems, Javalobby, and Infravio this week revealed initiatives positioned as advances in either Java development or Web services consumption."
14,"Pollutants From Asia Appear on East Coast (AP) AP - Scientists looking into air quality and climate change have found pollutants from as far as Asia over New England and the Atlantic.

Pollutants From Asia Appear on East Coast (AP) AP - Scientists looking into air quality and climate change have found pollutants from as far as Asia over New England and the Atlantic."
15,"Barnegat Fund Management

Barnegat Fund Management Inc is a hedge fund management company based in Hoboken New Jersey which manages the Barnegat Fund a fixed-income relative-value hedge fund. The fund exploits interest-rate anomalies in large financial markets. The financial instruments traded include government bonds interest-rate swaps and futures contracts."
16,"Lilliput Lane

Lilliput Lane founded in 1982 by David Tate is a company known for its extensive range of realistic miniature handmade models of real English and Welsh cottages and scenes. Based in Penrith Cumbria the company has produced models ranging from The Tower of London and Tower Bridge to small fisherman's bothies as seen in the image to the right. The models sell in over 50 countries around the world."
17,"Saudi phone sector gets \$1bn lift A group led by the UAE's Etisalat plans to spend \$1bn (544m) on expansion after winning two mobile phone licences in Saudi Arabia.

Saudi phone sector gets \$1bn lift A group led by the UAE's Etisalat plans to spend \$1bn (544m) on expansion after winning two mobile phone licences in Saudi Arabia."
18,"Which is better for back pain-- ice or heat?

Looks like for the first 72 hours after an back injury or strain, you should use ice to reduce inflammation and pain. After that, heat can be applied or used alternately with ice. If you apply heat too early you could worsen the inflammation. Link from webMD below:"
19,"MSN Adds Movie Downloads and Rentals Microsoft partners with Blockbuster Online, CinemaNow, and MovieTickets.com on one-stop entertainment portal.

MSN Adds Movie Downloads and Rentals Microsoft partners with Blockbuster Online, CinemaNow, and MovieTickets.com on one-stop entertainment portal."
20,"Lignes Aériennes Congolaises

Lignes Aériennes Congolaises (English: Congolese Airlines) also known by its acronym LAC is an airline of the Democratic Republic of the Congo with its head office in Kinshasa and its central administration on the property of N'djili Airport in Kinshasa. The carrier has the latter airport as the base of its flight operations.Along with all other airlines registered in the country the company is banned from flying into any member state of the European Union's bloc."
21,"The Great K5 Limerick Contest Queue submissions being scarce, I suggest we all submit limericks for consideration.  Mod up your favorites.    I'm no poet, so I'll submit a favorite of my childhood:    There was a young woman named Bright,  Who traveled much faster than light    She set out one day  In a relative way    And returned on the previous night.    I'm afraid I don't remember the author.

The Great K5 Limerick Contest Queue submissions being scarce, I suggest we all submit limericks for consideration.  Mod up your favorites.    I'm no poet, so I'll submit a favorite of my childhood:    There was a young woman named Bright,  Who traveled much faster than light    She set out one day  In a relative way    And returned on the previous night.    I'm afraid I don't remember the author."
22,"Unprecedented Electronic Digital Net for Olympics By MIRON VAROUHAKIS      ATHENS, Greece (AP) -- If you're planning on attending this month's Olympic Games, you'd best be careful what you say and do in public.    Software will be watching and listening...

Unprecedented Electronic Digital Net for Olympics By MIRON VAROUHAKIS      ATHENS, Greece (AP) -- If you're planning on attending this month's Olympic Games, you'd best be careful what you say and do in public.    Software will be watching and listening..."
23,"ReganBooks

ReganBooks was an American bestselling imprint or division of HarperCollins book publishing house (parent company is News Corporation) headed by editor and publisher Judith Regan started in 1994 and ended in late 2006. During its existence Regan was called by LA Weekly the world's most successful publisher. The division reportedly earned $120 million a year. ReganBooks focused on celebrity authors and controversial topics sometimes from recent tabloids."
24,"Invictus Games

Invictus Games is an independent Hungarian video game development studio founded in 1992 by Tamás Kozák and Ákos Diviánszky. They specialize in racing simulation games like Project Torque Street Legal and Street Legal Racing Redline Insane and onEscapee. Their publishers include Codemasters Activision 1C Gamepot and Joyzone."
25,"Website Lets Users Scout the Red Planet from Home (SPACE.com) SPACE.com - For those who want to explore Mars but cant wait for a spacecraft to take them there, NASA scientists have reformulated a website that lets the general public search data and images from previous missions.

Website Lets Users Scout the Red Planet from Home (SPACE.com) SPACE.com - For those who want to explore Mars but cant wait for a spacecraft to take them there, NASA scientists have reformulated a website that lets the general public search data and images from previous missions."
26,"Deaths Raise Fears Over Stomach Stapling Surgery By LINDA A. JOHNSON    (AP) -- An obese Massachusetts woman and her 8-month-old fetus died of complications 18 months after stomach-stapling surgery, an apparent first that is leading to warnings about the risks of pregancy soon after the surgery...

Deaths Raise Fears Over Stomach Stapling Surgery By LINDA A. JOHNSON    (AP) -- An obese Massachusetts woman and her 8-month-old fetus died of complications 18 months after stomach-stapling surgery, an apparent first that is leading to warnings about the risks of pregancy soon after the surgery..."
27,"Calla Records

Calla Records was a small New York City-based independent black owned Soul record label run by Nate McCalla and active c. 1965 to 1977.McCalla was an associate and bodyguard for Morris Levy who headed Roulette Records which had known ties to the mob.Artists recording for the label include J.J. Jackson The Sandpebbles Little Jerry Williams (aka Swamp Dogg) Jean Wells The Emotions The Fuzz Lonnie Youngblood The Persuaders and Geraldine Hunt among others."
28,"Lokalbanen

Lokalbanen A/S (The Local Railway abbreviated LB) is a Danish company responsible for train operation and related passenger services on five local railways north of Copenhagen Denmark."
29,"Wageningen Academic Publishers

Wageningen Academic Publishers is a publishing company in the field of life sciences that publishes scientific journals as well as monographs textbooks and proceedings. The company was founded in 2002 as successor of Wageningen Pers. The company publishes books in the fields of animal food social plant and environmental sciences."
30,"Nasa help for stem cell study UK tissue engineering experts are teaming up with NASA to find treatments for diseases back on Earth.

Nasa help for stem cell study UK tissue engineering experts are teaming up with NASA to find treatments for diseases back on Earth."
31,"Grinnell Aeroplane

The Grinnell Aeroplane Company was an American aircraft manufacturer based in Grinnell Iowa that built aircraft prior to World War I."
32,"Does echinacea really help prevent colds?

Well, there appears to be some controvery about this.  While some people swear by the stuff, others say that it has no real effect on overcoming a cold.  \nHere are some links, one of which is from a National Institute of Health study.  I hope these help you decide whether to head to the health store or not."
33,"Some VoIP calls being blocked Some Net phone users who are also broadband subscribers aren't receiving incoming calls. AT #38;T plans to release patch.

Some VoIP calls being blocked Some Net phone users who are also broadband subscribers aren't receiving incoming calls. AT #38;T plans to release patch."
34,"Archimage

Archimage is a Houston-based visual arts studio that has used its experience in computer-based architecture to specialize in Serious Video Game development for the medial research community. Archimage created Escape From Diab and Nanoswarm: Invasion from Inner Space two multi-million dollar PC games funded by the National Institutes of Health to combat obesity and type 2 diabetes in children.[citation needed]"
35,"What does RSS means ?

It means Really Simple Syndication or Rich Site Summary. Dave Winer has a claim to the paternity."
36,"Trans Tech

Trans Tech Bus a division of Transportation Collaborative Inc. is an American manufacturer of conventional and environmentally friendly electric Type A school buses. Established in 2007 as a successor to the defunct U.S. Bus Corporation the company produces Type A & Type A-II School Buses and various models of commercial buses all built on cutaway vehicle chassis."
37,"Why is it considered unlucky to open an umbrella indoors?

Possibly because African royalty used umbrellas as protection from the sun, and opening one in the shade was considered an insult to the sun god. Opening it indoors was also taboo."
38,"Post Bank of Iran

Post Bank of Iran (Persian: پست بانک ایران‎) is an Iranian bank."
39,"PolyGram

PolyGram was the name of the major label recording company started by Philips as a holding company for its music interests in 1945. In 1999 it was sold to Seagram and merged with Universal Music Group."
40,"Is it important to send a thank you note after an interview?

It is a nice touch, even in a casual workplace, to get the business cards of people you interview with, and send them a quick email thank you note. Although it will not sway the decision of that particular job, if there's another job that the person knows about, they will remember you and have your email in their inbox to contact you about it.  Just be brief, and don't make it sound like a form letter."
41,"Companies Approve New High-Capacity Disc Format (Reuters) Reuters - A group of consumer electronics\makers said on Wednesday they approved the format for a new\generation of discs that can store five times the data of DVDs\at the same cost -- enough to put a full season of ""The\Sopranos"" on one disc.

Companies Approve New High-Capacity Disc Format (Reuters) Reuters - A group of consumer electronics\makers said on Wednesday they approved the format for a new\generation of discs that can store five times the data of DVDs\at the same cost -- enough to put a full season of ""The\Sopranos"" on one disc."
42,"HP replaces three senior executives Company follows up on promise of ""immediate management changes"" after disappointing earnings report, CNET News.com has learned.

HP replaces three senior executives Company follows up on promise of ""immediate management changes"" after disappointing earnings report, CNET News.com has learned."
43,"What are the advantages of a compact crankset over a triple on a bicycle?

The main advantage is that the compact crankset gearing is much closer to the high cadence riding that is the current trend in modern cycling.  With a standard triple crank you have 30/42/52 chainrings, from which most people use the 42 and 30 rings.  The 30 is a little too short for most hilly rides, and basically you're spinning super fast to get up a hill.  The 42 is   a bit too small for barrelling down a hill, and the 52 is so steep that it's rarely being used.\n\nThe compact crankset has 50 and 34 tooth gears which are theoretically better for the way most cyclists ride today.  The 34 gives you short enough gearing to get up big hills but is not quite as short as the granny gear on the triple, and the 50 gives you the speed in a manageable dose.\n\nA couple things to consider, though.  In order to switch to a double compact, you need to replace a fair number of components, including the bottom bracket, cranks, rear derailleur (optional but highly recommended), front derailleur and possibly your left shifter.  You might be able to get what you want from switching out the cassette on your bike, which is of course a lot cheaper."
44,"United Artists

United Artists Corporation (UA) is an American film studio. The original studio using of that name was founded in 1919 by D. W. Griffith Charlie Chaplin Mary Pickford and Douglas Fairbanks with the intention of controlling their own interests rather than depending upon the powerful commercial studios.The current United Artists formed in November 2006 under a partnership between producer/actor Tom Cruise and his production partner Paula Wagner and Metro-Goldwyn-Mayer."
45,"Travel Column: Offsetting Air Travel's Greenhouse Impact Global warming is threatening travel destinations worldwide. What's more, travelers themselves are contributing to it. Find out what you can do about it.

Travel Column: Offsetting Air Travel's Greenhouse Impact Global warming is threatening travel destinations worldwide. What's more, travelers themselves are contributing to it. Find out what you can do about it."
46,"Do Studio

Do Studio is a Computer animation studio based in El Salvador. The studio was founded in 2007 by Sergio Rosa aiming to create state-of-the-art CGI animation for 3D Cinema TV commercials Web and short films."
47,"Navigenics

Navigenics Inc. is a privately held personal genomics company based in Foster City California that uses genetic testing to help people determine their individual risk for dozens of health conditions.The company is recognized as starting the personalized medicine revolution and remains part of the growing personal genomics industry which offers genetic scans and analysis to individuals and physicians for a variety of applications."
48,"Is this the end of the housing boom? For October, existing home sales was down while new home sales surged.?

I think there is a lag in new home sales and the closings in October really were under contract in Aug and September, thus November numbers should be down dramatically even after seasonal adjustment. Rates will undoubtedly go up again at the next meeting, but with the advent of so many new mortgage products (interest only, reverse mortgage, etc.) money is still relatively easy but definitly more risky. I expect volume levels to slow, prices to flatten across most of the US but do not see a big drop in prices unless rates get above 8%."
49,"Can someone direct to me to a good site about volcanoes?

This site has the answer you are looking for:    http://www.infoplease.com/ipa/A0197833.html    Many more resources below..."
50,"Microsoft plugs hole in Exchange The patch fixes a flaw in the e-mail server software that could be used to get access to in-boxes and information.

Microsoft plugs hole in Exchange The patch fixes a flaw in the e-mail server software that could be used to get access to in-boxes and information."
51,"U.S. Barred From Weakening Dolphin Rules (AP) AP - In a victory for environmentalists, a federal judge ruled Tuesday that the Bush administration cannot change the standards commercial fisheries must meet before the tuna they catch can carry the ""dolphin-safe"" label.

U.S. Barred From Weakening Dolphin Rules (AP) AP - In a victory for environmentalists, a federal judge ruled Tuesday that the Bush administration cannot change the standards commercial fisheries must meet before the tuna they catch can carry the ""dolphin-safe"" label."
52,"Lenovo revenue grows, but problems persist China's largest PC maker sees surge in profits but loses market share to multinational companies.

Lenovo revenue grows, but problems persist China's largest PC maker sees surge in profits but loses market share to multinational companies."
53,"Where is the nearest US post office in Se 5th Ave, Portland?

204 SW 5th AVE  Portland, OR 97204-1897     Phone: (800) ASK-USPS    Fax: (503) 294-7892                              1020 SE 7th AVE  Portland, OR 97214-9998      Phone: (800) ASK-USPS     Fax: (503) 231-8715"
54,"What is the difference between Notepad and WordPad?

Wordpad allows to save in RTF format, which allows such enhancements to the document as bold/italic text and bulleted lists."
55,"Open Source Apps Developer SugarCRM Releases Sugar.Sales 1.1 (TechWeb) TechWeb - News - August 13, 2004

Open Source Apps Developer SugarCRM Releases Sugar.Sales 1.1 (TechWeb) TechWeb - News - August 13, 2004"
56,"Mauritanian Capital Battles Locust Swarm (AP) AP - Residents burned tires and trash in the streets Thursday trying to drive off swarms of locusts descending on the region in what a U.N. agency called the worst sub-Saharan invasion in more than a decade.

Mauritanian Capital Battles Locust Swarm (AP) AP - Residents burned tires and trash in the streets Thursday trying to drive off swarms of locusts descending on the region in what a U.N. agency called the worst sub-Saharan invasion in more than a decade."
57,"Natural Sunblock: Sun Dims in Strange Ways (SPACE.com) SPACE.com - When Venus crossed the Sun June 8, showing up as a clear black dot to the delight of millions of skywatchers around the world, astronomers noted something less obvious: The amount of sunlight reaching Earth dipped by 0.1 percent for a few hours.

Natural Sunblock: Sun Dims in Strange Ways (SPACE.com) SPACE.com - When Venus crossed the Sun June 8, showing up as a clear black dot to the delight of millions of skywatchers around the world, astronomers noted something less obvious: The amount of sunlight reaching Earth dipped by 0.1 percent for a few hours."
58,"Lost Sleep Leads to Health Problems Advice on how to get a good night's slumber and avoid future heart trouble    HealthDayNews -- Lack of sleep can cause more than drowsiness; it can contribute to a number of health problems.    Short-term effects of lack of sleep include increases in blood pressure and levels of stress hormones, according to an article in the August issue of the Harvard Heart Letter...

Lost Sleep Leads to Health Problems Advice on how to get a good night's slumber and avoid future heart trouble    HealthDayNews -- Lack of sleep can cause more than drowsiness; it can contribute to a number of health problems.    Short-term effects of lack of sleep include increases in blood pressure and levels of stress hormones, according to an article in the August issue of the Harvard Heart Letter..."
59,"IT Myth 5: Most IT projects fail Do most IT projects fail? Some point to the number of giant consultancies such as IBM Global Services, Capgemini, and Sapient, who feed off bad experiences encountered by enterprises. Sapient is a company founded on the realization that IT projects are not successful, says Sapient CTO Ben Gaucherin.

IT Myth 5: Most IT projects fail Do most IT projects fail? Some point to the number of giant consultancies such as IBM Global Services, Capgemini, and Sapient, who feed off bad experiences encountered by enterprises. Sapient is a company founded on the realization that IT projects are not successful, says Sapient CTO Ben Gaucherin."
60,"Who had the shortest celebrity marriage?

Well, if you overlook one tiny but technical detail (Zsa Zsa Gabor was still married to husband #7) then Mrs. Gabor's marriage to husband #8 was shorter than Britney's. \n\nBritney's was 48 hours, while Mrs. Gabor's was just a day."
61,"Why are blueberries so good for your health?

Blueberries are high in anti-oxidants. Also, they are low in saturated fat, cholesterol and sodium. They are a good source of dietary fiber, vitamins C and K and manganese."
62,"AOL, Yahoo Add New Antispam Tools Services try different approaches to sender authentication to halt spam.

AOL, Yahoo Add New Antispam Tools Services try different approaches to sender authentication to halt spam."
63,"Switching Titles, if Not Gears, at Dell Kevin B. Rollins, the new chief executive of Dell, talks about Dell's transitory slip in customer service, and why he sees a broader technology recovery taking place.

Switching Titles, if Not Gears, at Dell Kevin B. Rollins, the new chief executive of Dell, talks about Dell's transitory slip in customer service, and why he sees a broader technology recovery taking place."
64,"What is the oldest magazine that is still in circulation?

Arguably, The Scots Magazine, published first in 1739."
65,"Baxter International

Baxter International Inc. is an American health care company with headquarters in Deerfield Illinois. The company primarily focuses on products to treat hemophilia kidney disease immune disorders and other chronic and acute medical conditions. The company had 2011 sales of $13.9 billion across two businesses: BioScience and Medical Products (in October 2010 the company combined its Medication Delivery and Renal business into a single global business unit Medical Products)."
66,"SDRC

SDRC (Structural Dynamics Research Corporation) was a leading company specializing in MCAE (Mechanical Computer Aided Engineering) and PLM (Product Lifecycle Management) software."
67,"Jowfe Oil Technology

Jowfe Oil Technology (JOT) is a state-owned Libyan petroleum services company providing oilfield chemicals and drilling equipment. JOT was founded in 1983 and registered under no. 7102 as a service company owned by the National Oil Corporation (NOC)."
68,"Google IPO: Type in 'confusing,' 'secrecy' I've submitted my bid to buy shares of Google Inc. in the computer search company's giant auction-style initial public offering. That could turn out to be the good news or the bad news.

Google IPO: Type in 'confusing,' 'secrecy' I've submitted my bid to buy shares of Google Inc. in the computer search company's giant auction-style initial public offering. That could turn out to be the good news or the bad news."
69,"do i need to pay tax before filing tax return if i sell my ISO stock options this year?

As you may know, NQSO (non qualifying stock options) have tax withheld at source as soon as you exercise, so theoretically you don't have to pay any estimated tax on NQSO exercises/sales (although see * below).\n\nWith Incentive Stock Options (ISO) though, the situation is quite different.\n\nIt sounds like you plan to exercise and sell your ISOs on the same day.  If so, then this is what's called a ""disqualifying disposition"".  In other words, you will be liable for ordinary income tax on the spread (sale price - exercise price).  \n\nIn general, the IRS wants you to pay tax in the quarter in which the related income is earned.  So you theoretically should pay the estimated tax at your standard income tax rate in the same quarter you exercise and sell ISOs.  You do this by filing an Estimated Tax payment.\n\n\nHowever, there is a way to postpone filing these taxes until your normal April next year tax return.     The following information is sourced from See http://www.fool.com/school/taxes/taxes35.htm. \n\n1.  The simplest way is just to suck it up and not worry about paying a penalty for underpayment of taxes.  Depending on how much you think you can earn on your money, and when you were supposed to pay the tax, this may be a win for you (this used to happen a lot during the dotcom/IPO days of 1999-2000).  Be wary though that you probably can't keep doing this year after year without the IRS getting on your case. \n\n2.  Alternatively, you can avoid the underpayment penalty *if* any of the following are true\n\na) you owed no tax at all in the prior tax year (and were a US citizen/resident for all of that year)\n\nb) you expect to owe less than $1000 in tax this year (unlikely, since you're exercising ISOs)\n\nc) your ordinary income tax withholding (e.g. from your wages and/or NQSO exercise) will exceed 90% of this year's tax bill.  This may happen if your ISO exercise/sale is less than around 10% of your total income for the year.\n\nd) your ordinary income tax withholding (from wages and/or NQSO) is greater than 100% of your last year's tax liability and your previous year's Adjusted Gross Income was < $150,000.   If your previous year's AGI was >= $150,000 (lucky you), then you need to pay at least 110% of last year's tax liability in order to avoid a tax underpayment penalty.\n\n\n\nClear?  As mud?\nOption d) is usually the easiest one to satisfy if you're making a large ISO exercise in this year only, particularly if you got a raise this year and are hence paying more taxes than last year anyway.\n\nHowever, you may also want to consider whether you should do an exercise and hold (for 1 year) to pay long term capital gains tax (15%) instead of your ordinary W2 income tax rate (probably 25-35%).  \n\nIf you do, you will *still* be subject to tax this year, due to the dreaded AMT (Alternative Minimum Tax), but you can use that AMT tax liability as a credit for future years when your AMT is less than your ordinary income tax.  However, that's a topic for a whole 'nother question/answer.   \n\n\n* Even with NQSOs, if the amount held at source is less than your eventual tax rate for the year,  you may be subject to tax penalties unless you meet one of the exceptions listed in a) through d) above."
70,"National Academies Forum

The National Academies Forum was replaced in May 2010 by the Australian Council of Learned Academies.The National Academies Forum was established in 1995 as the peak organisation for the four Australian learned academies. It represents: Academy of the Social Sciences in Australia Australian Academy of Science Australian Academy of Technological Sciences and Engineering Australian Academy of the HumanitiesThe current President is Prof."
71,"What is the difference between networking and pyramiding?

Networking is interconnecting with other people and talk to them about the business or the product.  People use the product and recommend it to other people.  The product or business gets recognized by word of mouth.\n\nPyramiding is scam.  Pyramiding is when a group asks you for money having the chance to profit from other people's payment who would be joining later.\n\nPyramiding is very common in the Philippines."
72,"Google IPO Moves Ahead Despite Playboy Interview Google Inc. (GOOG) forged ahead with its IPO auction Friday, even as the online search engine leader acknowledged a newly published magazine interview with its founders contained misleading information.

Google IPO Moves Ahead Despite Playboy Interview Google Inc. (GOOG) forged ahead with its IPO auction Friday, even as the online search engine leader acknowledged a newly published magazine interview with its founders contained misleading information."
73,"How can I cure my hiccups?

This is to expand on another person's answer, which was correct but missing some important steps or explanation.  This cure is a bonafide medical and scientific cure.  The get rid of hiccups, you must deprive oxygen from the muscle that is causing hiccups. No oxygen to that muscle, it can't burn energy, no energy, no hiccups.\n\nSo what needs to be done is to simulate DROWNING.  We must trick the body to think it is drowning.  This will cause it to divert oxygen from unimportant parts of the body, like that muscle causing hiccups, to more important parts like the heart, the brain, the organs, etc.  \n\nSo...take a glass of water, slowly exhale.  Pinch your nose.  Take about 5 or 6 sips of water (or more until you can't take it any longer) from the glass...making sure you are taking in WATER ONLY. Do NOT sip any air along with the water.  Stop.  \n\nHold your breath for a few seconds, and inhale slowly. The hiccups should disappear. If not repeat.  \n\nI have found this works 90% of the time.  It only fails to work if there really is something stuck in your throat that really needs to be expelled by hiccups or coughing, or drinking lots of water."
74,"Apple puts edit tools in one basket Bundle of professional video editing applications includes new Motion special-effects software.

Apple puts edit tools in one basket Bundle of professional video editing applications includes new Motion special-effects software."
75,"What's Cool In the Pool ... ... And Hot On the Deck Americans are spending more on tricking out the places where they swim. Here's a look at the new wave of accessories

What's Cool In the Pool ... ... And Hot On the Deck Americans are spending more on tricking out the places where they swim. Here's a look at the new wave of accessories"
76,"Shell 'could be target for Total' Oil giant Shell could be bracing itself for a takeover attempt, possibly from French rival Total, a  press report claims.

Shell 'could be target for Total' Oil giant Shell could be bracing itself for a takeover attempt, possibly from French rival Total, a  press report claims."
77,"Why doesn't the NBA implement a minor leagues?

The NBA does have minor leagues - they're called the CBA, and the International leagues. :)\nSeriously - because viewers seem to value explosiveness over efficiency, I think we're seeing a major shift in the average age of NBA players towards young athletes that are quicker, high-flying and more resilient to injury. I wouldn't be surprised at all if by the end of this decade the average age of the league allstars is well under 25."
78,"'SP2' a Must With XP Use Service Pack 2, ""SP2"" for short, aims to stop viruses, worms, browser hijackings and worse by including security features that people have to add and adjust on their own. &lt;FONT face=""verdana,MS Sans Serif,arial,helvetica"" size=""-2""\ color=""#666666""&gt;&lt;B&gt;-Rob Pegoraro&lt;/b&gt;&lt;/font&gt;

'SP2' a Must With XP Use Service Pack 2, ""SP2"" for short, aims to stop viruses, worms, browser hijackings and worse by including security features that people have to add and adjust on their own. &lt;FONT face=""verdana,MS Sans Serif,arial,helvetica"" size=""-2""\ color=""#666666""&gt;&lt;B&gt;-Rob Pegoraro&lt;/b&gt;&lt;/font&gt;"
79,"What does ""folksonomy"" mean?

Folksonomy is a word formed from a combination of ""folk"" and ""taxonomy"".  It's a recently developed concept of the general public categorizing information according to what's most useful for the masses, and is considered in opposition to the sometimes more formal classification systems created by an entity such as the Library of Congress or Yahoo!.\n\nFolksonomies are often implemented using tags.  An advantage of tags over a hierarchical taxonomy is that it's easy to apply multiple tags to a single item, rather than having to decide which category to place the item in."
80,"How many countries and territories are there in the world?

There are 193 countries in the world. \n\nhttp://geography.about.com/library/misc/blnationalcapitals.htm\n\nThere are 61 territories and 6 disputed territories.\n\nhttp://www.infoplease.com/ipa/A0762461.html"
81,"Ancient Olympics Mixed Naked Sports, Pagan Partying Nude athletes, performance-enhancing lizard meat, and animal sacrifices are just a few of the things that separate the ancient Olympics from the modern games, says the author of &lt;i&gt;The Naked Olympics.&lt;/i&gt;

Ancient Olympics Mixed Naked Sports, Pagan Partying Nude athletes, performance-enhancing lizard meat, and animal sacrifices are just a few of the things that separate the ancient Olympics from the modern games, says the author of &lt;i&gt;The Naked Olympics.&lt;/i&gt;"
82,"U.K.'s NHS taps Gartner to help plan \$9B IT overhaul LONDON -- The U.K.'s National Health Service (NHS) has tapped IT researcher Gartner Inc. to provide market intelligence services as the health organization forges ahead with a mammoth, 5 billion (\$9.2 billion) project to upgrade its information technology infrastructure.

U.K.'s NHS taps Gartner to help plan \$9B IT overhaul LONDON -- The U.K.'s National Health Service (NHS) has tapped IT researcher Gartner Inc. to provide market intelligence services as the health organization forges ahead with a mammoth, 5 billion (\$9.2 billion) project to upgrade its information technology infrastructure."
83,"Chandra Catches Early Phase of Cosmic Assembly Chandra X-Ray Observatory -- A NASA Chandra X-ray Observatory image has revealed a complex of several intergalactic hot gas clouds in the process of merging.     The superb Chandra spatial resolution made it possible to distinguish individual galaxies from the massive clouds of hot gas...

Chandra Catches Early Phase of Cosmic Assembly Chandra X-Ray Observatory -- A NASA Chandra X-ray Observatory image has revealed a complex of several intergalactic hot gas clouds in the process of merging.     The superb Chandra spatial resolution made it possible to distinguish individual galaxies from the massive clouds of hot gas..."
84,"Parliamentary Monitoring Services

Parliamentary Monitoring Services is a United Kingdom-based political research and publishing company. The company researches the activities of the United States Congress European Parliament and the Parliament of the United Kingdom. Consultants to the company have included British politicians Sir Peter Fry and William Howie Baron Howie of Troon."
85,"NASA's Genesis Spacecraft Adjusts Course (AP) AP - NASA's Genesis spacecraft successfully adjusted its course this week as it heads back toward Earth with a sample of solar wind particles, the space agency said Wednesday.

NASA's Genesis Spacecraft Adjusts Course (AP) AP - NASA's Genesis spacecraft successfully adjusted its course this week as it heads back toward Earth with a sample of solar wind particles, the space agency said Wednesday."
86,"Referalink Network

Referalink Network LLC is an American Cloud based services company headquartered in Atlanta Georgia USA. The company provides a referral patient and report tracking system for ambulatory providers. Referalink's network tracks referrals from origin patient compliance status administrative and clinical details."
87,"Or Records

Or Records (sometimes capitalized OR Records after their logo) is a small British independent record label company established in 1998 and based in London. They specialize in electronic music and experimental music and are distributed by Touch Music. They have issued the first ever MiniDisc only release (Alan Phillips Sony Software) [1] the 1998 experimental album Minidisc by Autechre's side-project Gescom."
88,"Royal Small Arms Factory

The Royal Small Arms Factory (RSAF) was a UK government-owned rifle factory in the London Borough of Enfield in an area generally known as the Lea Valley. The factory produced British military rifles muskets and swords from 1816. It closed in 1988 but some of its work was transferred to other sites."
89,"how does a helicopter fly

A helicopter gets its power from rotors or blades. When its rotors are spinning, a helicopter doesn't look much like an airplane. But the rotor blades have an airfoil shape like the wings of an airplane. So as the rotors turn, air flows more quickly over the tops of the blades than it does below. This creates enough lift for flight."
90,"What are the best cities for business in Asia? One of our new categories in the APMF Sense of Place survey is for best Asian business city. After a couple of days, Singapore leads the pack, followed by Bangkok, Thailand and Hong Kong. Enter your vote and comments and make your views count. More new categories include best city for livability, and best tourism destinations.

What are the best cities for business in Asia? One of our new categories in the APMF Sense of Place survey is for best Asian business city. After a couple of days, Singapore leads the pack, followed by Bangkok, Thailand and Hong Kong. Enter your vote and comments and make your views count. More new categories include best city for livability, and best tourism destinations."
91,"If I lose lots of money in stock in one year, can I carry the negative capital gain forward?

You can keep dumping every year upto a net loss of $3,000.00"
92,"Somewhere between gleam and gloom President Bush has been saying that the US economy has ''turned the corner. quot; Democratic presidential candidate Senator John F. Kerry, in the wake of this month's poor jobs report, quipped that it was more like a U-turn.

Somewhere between gleam and gloom President Bush has been saying that the US economy has ''turned the corner. quot; Democratic presidential candidate Senator John F. Kerry, in the wake of this month's poor jobs report, quipped that it was more like a U-turn."
93,"Marine Expedition Finds New Species (AP) AP - Norwegian scientists who explored the deep waters of the Atlantic Ocean said Thursday their findings  #151; including what appear to be new species of fish and squid  #151; could be used to protect marine ecosystems worldwide.

Marine Expedition Finds New Species (AP) AP - Norwegian scientists who explored the deep waters of the Atlantic Ocean said Thursday their findings  #151; including what appear to be new species of fish and squid  #151; could be used to protect marine ecosystems worldwide."
94,"TTI Telecom

TTI Telecom founded in 1992 is a developer and provider of next generation Operations Support Systems (OSS) to large communications service providers. TTI Telecom is based in Rosh Ha'ayin Israel and operates subsidiaries in 7 other countries.In August 2010 TTI Telecom was acquired by TEOCO Corporation."
95,"China Begins Countdown for Next Manned Space Flight By ELAINE KURTENBACH    SHANGHAI, China (AP) -- Chinese astronauts are in the final stages of preparing for a manned space mission that will orbit the globe 14 times before returning to Earth, a state-run newspaper reported Thursday.    The launch, expected sometime this month, will initially send a manned craft, the Shenzhou 5, into an oval orbit that at its closest will be 125 miles from Earth, the Liberation Daily reported, citing ""relevant channels.""    After circling the earth several times, the ship will enter an orbit at about 220 miles from earth, the report said...

China Begins Countdown for Next Manned Space Flight By ELAINE KURTENBACH    SHANGHAI, China (AP) -- Chinese astronauts are in the final stages of preparing for a manned space mission that will orbit the globe 14 times before returning to Earth, a state-run newspaper reported Thursday.    The launch, expected sometime this month, will initially send a manned craft, the Shenzhou 5, into an oval orbit that at its closest will be 125 miles from Earth, the Liberation Daily reported, citing ""relevant channels.""    After circling the earth several times, the ship will enter an orbit at about 220 miles from earth, the report said..."
96,"why doesn't an optical mouse work on a glass table?

Optical mice use an LED and a camera to rapidly capture images of the surface beneath the mouse.  The infomation from the camera is analyzed by a DSP (Digital Signal Processor) and used to detect imperfections in the underlying surface and determine motion. Some materials, such as glass, mirrors or other very shiny, uniform surfaces interfere with the ability of the DSP to accurately analyze the surface beneath the mouse.  \nSince glass is transparent and very uniform, the mouse is unable to pick up enough imperfections in the underlying surface to determine motion.  Mirrored surfaces are also a problem, since they constantly reflect back the same image, causing the DSP not to recognize motion properly. When the system is unable to see surface changes associated with movement, the mouse will not work properly."
97,"how many zip codes in the us ?

According to the USPS: \n""The United States Postal Service® does not keep a firm record of how many ZIP Codes are currently in use, but the number is greater than 42,000."""
98,"Kievnauchfilm

Kievnauchfilm (Russian: Киевнаучфильм Ukrainian: Київнаукфільм) sometimes translated as Kiev Science Film in English was a film studio in the former Soviet Union located in Kiev Ukrainian SSR established in 1941."
99,"Rudolf Kämpf

Rudolf Kämpf is a porcelain manufacturer in the Czech Republic."
100,"Kind Turkey Records

Kind Turkey Records is an American independent record label based in Madison WI. It was first started on January 1 2010 by Robert Rice and Bobby Hussy as a music blog. Their first release a split cassette by Black Mamba Beat and Wake Up Dead came in Fall 2010. It was followed by Kind Turkey's first vinyl release - a 7 single by Ohio's Wheels On Fire. Wheels On Fire have previously released records with Fat Possum Records."
101,"What is a motherboard?

from the American Heritage Dictionary: it is ""The main board of a computer, usually containing the circuitry for the central processing unit, keyboard, and monitor and often having slots for accepting additional circuitry."""
102,"Technology company sues five ex-employees  A Marlborough-based technology company is suing five former employees, including three senior managers, for allegedly conspiring against their employer while working on opening a competing business.

Technology company sues five ex-employees  A Marlborough-based technology company is suing five former employees, including three senior managers, for allegedly conspiring against their employer while working on opening a competing business."
103,"Ivoclar Vivadent

Ivoclar Vivadent AG is a worldwide dental company that produces a range of products and systems for dentists and dental technicians."
104,"Dying Star Goes Out With a Ring A new image from NASA's Spitzer Space Telescope shows the shimmering embers of a dying star, and in their midst a mysterious doughnut-shaped ring. The dying star is part of a ""planetary nebula"" called NGC 246. When a star like our own Sun begins to run out of fuel, its core shrinks and heats up, boiling off the star's outer layers.

Dying Star Goes Out With a Ring A new image from NASA's Spitzer Space Telescope shows the shimmering embers of a dying star, and in their midst a mysterious doughnut-shaped ring. The dying star is part of a ""planetary nebula"" called NGC 246. When a star like our own Sun begins to run out of fuel, its core shrinks and heats up, boiling off the star's outer layers."
105,"Minnesota Teen Pleads Guilty in Web Worm Hack Attack By GENE JOHNSON    SEATTLE (AP) -- A Minnesota high school senior pleaded guilty Wednesday in federal court to unleashing a variant of the ""Blaster"" Internet worm, which crippled more than a million computers last summer.    Jeffrey Lee Parson, 19, of Hopkins, Minn., is likely to face 18 months to three years behind bars after pleading guilty to one count of intentionally causing or attempting to cause damage to a protected computer...

Minnesota Teen Pleads Guilty in Web Worm Hack Attack By GENE JOHNSON    SEATTLE (AP) -- A Minnesota high school senior pleaded guilty Wednesday in federal court to unleashing a variant of the ""Blaster"" Internet worm, which crippled more than a million computers last summer.    Jeffrey Lee Parson, 19, of Hopkins, Minn., is likely to face 18 months to three years behind bars after pleading guilty to one count of intentionally causing or attempting to cause damage to a protected computer..."
106,"Newest Ad-Aware Exposes Some Users Earliest adopters of updated program should download again to ensure full security.

Newest Ad-Aware Exposes Some Users Earliest adopters of updated program should download again to ensure full security."
107,"Windrose Airlines

Wind Rose Aviation company is Ukraine's first charter airline the main activity of which is corporate tourist and VIP flights organization and operation. Wind Rose Airlines is based out of Boryspil International Airport. Flight organization areas are Western Europe Middle East and Asia. Founded on October 28 2003 the airline's headquarters is in Kiev Ukraine. Wind Rose Aviation company operates charter flights from the major cities of Ukraine to Europe and the Middle East."
108,"News: Droughts Like 1930s Dust Bowl May Have Been Unexceptional in Prehistoric Times, New Study Suggests Events like the great Dust Bowl of the 1930s, immortalized in ""The Grapes of Wrath"" and remembered as a transforming event for millions of Americans, were regular parts of much-earlier cycles of droughts followed by recoveries in the region, according to new studies by a multi-institutional research team led by Duke University. (Duke University press release)

News: Droughts Like 1930s Dust Bowl May Have Been Unexceptional in Prehistoric Times, New Study Suggests Events like the great Dust Bowl of the 1930s, immortalized in ""The Grapes of Wrath"" and remembered as a transforming event for millions of Americans, were regular parts of much-earlier cycles of droughts followed by recoveries in the region, according to new studies by a multi-institutional research team led by Duke University. (Duke University press release)"
109,"Netcordia

Netcordia Inc. is a privately held developer and marketer of network configuration and change management software."
110,"Indictments Using DNA on Rise Nationally (AP) AP - Authorities once had no choice but to drop rape cases if they weren't able to catch a suspect before the statute of limitations expired. But prosecutors across the country increasingly are buying themselves time, keeping cold cases alive by indicting unidentified rapists using their DNA profiles.

Indictments Using DNA on Rise Nationally (AP) AP - Authorities once had no choice but to drop rape cases if they weren't able to catch a suspect before the statute of limitations expired. But prosecutors across the country increasingly are buying themselves time, keeping cold cases alive by indicting unidentified rapists using their DNA profiles."
111,"How do you bring up the salary subject during an interview if the interviewer didn't bring it up?

Large companies usually have an HR person coordinating the interview for the hiring manager. In such a situation, its better to bring up the question with the HR person. After the first round of interviews, if you are being called back for further interviews, then I think this is a good time to bring it up with the recruiter. \n\nIf there is no recruiter involved, then in my opinion you should not bring up the compensation question till you get the sense that you are being seriously considered. The exception in my mind is that if you are trying to make some decisions/choices while interviewing for multiple positions then you can candidly bring it up after your first interview is done."
112,"Who to start on defense this week?

I would go Pittsburg. Polamalu is almost guaranteed at least 2 interceptions against Palmer."
113,"what is a tag, and why is it being hailed by some people as the greatest thing since sliced bread?

Tags are like post-it notes that readers of the content leave behind for other readers. They give clues to the context and meaning beyond a simple description. They're like finding notes in a text book scribbled by a previous owner. You can usually gain insight into the material based on those notes. \n\nNow imagine there is a cross-reference of all those post-its and margin notes. More than one person can add their own post-it. You can easily find the most popular ""post-its"" thanks to an index of all of them.  This is where the real power of tagging lies-- in the weight and meaning these agreed-upon notes give.\n\nOf course, context is everything. Next time you're together, show her MyWeb2.0 and del.icio.us in action. Show her how the information is sliced and diced-- most recent, most popular, most frequently used tags. I find my parents only get these new paradigms when I show them to them in context."
114,"Condo/townhouse pricing in San Jose, CA

I recently came across a site that offers some pricing information for the silicon valley:"
115,"Which TV show got higher ratings?

The finale of ""M*A*S*H"":\n\n'""Dallas,"" by the way, delivered an amazing 53.3 rating and 76 share with its ""Who Shot JR?"" wrap-up in 1980. It ranks as the No. 2 show of all time, behind only the 1983 series finale of ""MASH"" (60.2/77).'"
116,"Can someone *simply* explain what a stock ""short"" is?

Shorting a stock (or selling short) ideally works like this:\n\nWhen you think a stock is going to go down...\n1. You borrow shares of stock you don't own, typically from your broker.\n2. You sell those shares at today's price.\n3. You wait for the stock to go down.\n4. You buy the same number of shares back at a lower price.\n5. You return the borrowed shares.\n6. You pocket the difference between the buying and selling price.\nSteps 1 & 5 are actually done automatically when you issue a short sale order with a broker.\n\nThe advantage of shorting is that you can make money when stocks are going down.  (With a normal stock purchases, you only make money if the stock goes up.)\n\nThe disadvantage is that in theory, you could lose an unlimited amount of money.  For example, if the stock goes up to five times its original value, you've just lost four times your investment.  (With a regular stock purchase, the most you can lose is the amount you originally invested.)"
117,"EBay Buys Stake in Craigslist Internet auctioneer eBay Inc. said Friday it acquired a 25 percent stake in craigslist, an online community of classified ads and forums. &lt;FONT face=""verdana,MS Sans Serif,arial,helvetica"" size=""-2""\ color=""#666666""&gt;&lt;B&gt;-Associated Press&lt;/B&gt;&lt;/FONT&gt;

EBay Buys Stake in Craigslist Internet auctioneer eBay Inc. said Friday it acquired a 25 percent stake in craigslist, an online community of classified ads and forums. &lt;FONT face=""verdana,MS Sans Serif,arial,helvetica"" size=""-2""\ color=""#666666""&gt;&lt;B&gt;-Associated Press&lt;/B&gt;&lt;/FONT&gt;"
118,"Bergan Mercy Medical Center

Bergan Mercy Medical Center is a hospital located in Omaha Nebraska. It is part of the Alegent Health System."
119,"Planetone

Planetone was a record label that issued Jamaican Ska recordings in the early 1960s."
120,"Rabén & Sjögren

Rabén & Sjögren is a book publishing company in Sweden. It was established in 1942 by Hans Rabén and Carl-Olof Sjögren. Since 1998 it is part of the P.A. Norstedt och Söner publishing group a division of Kooperativa Förbundet.The publishing focus is on children and youth literature. Rabén & Sjögren was very successfully publishing the books of Astrid Lindgren. Other authors are for example Enid Blyton or Jostein Gaarder."
121,"Building Dedicated to Space Shuttle Columbia Astronauts By BILL KACZOR    PENSACOLA, Fla. (AP) -- A former dormitory converted to classrooms at the Pensacola Naval Air Station was dedicated Friday to two Columbia astronauts who were among the seven who died in the shuttle disaster Feb...

Building Dedicated to Space Shuttle Columbia Astronauts By BILL KACZOR    PENSACOLA, Fla. (AP) -- A former dormitory converted to classrooms at the Pensacola Naval Air Station was dedicated Friday to two Columbia astronauts who were among the seven who died in the shuttle disaster Feb..."
122,"When can a common man fly to moon?

Virgin Galactic is offering this ""as soon as 2008"" for the low price of 100 million USD.  Realistically, it will probably take more than a few years to ramp up tourist missions to the moon, especially if no one is signing up..."
123,"where is the best place to look for love?

It might be easy to use the internet- there are many good matching web sites that can help"
124,"PKC Group

PKC Group is a Finnish publicly traded company that offers design and contract manufacturing services for wiring systems and electronics. Majority of the company's revenues comes from Wiring division which offers cabling and wiring harness to automotive clients. Company's products are used in e.g. in heavy vehicles like trucks buses and agricultural machinery.The Company has production facilities in Brazil China Estonia Finland Germany Mexico Poland Russia Ukraine and the USA."
125,"Which soccer team has won the most European club championships?

Real Madrid has won 9 titles, followed by 6 for AC Milan and 5 for Liverpool."
126,"What is the size of Paris Hilton's feet?

She has size 11 feet."
127,"Which religion is the right one?

None.  There is no God. \n\nReligion is a primitive attempt at understanding how the world works. It has been completely replaced by the Scientific Method, which is the greatest discovery of all time.\n\nThere is no more evidence for the existence of God than there is for the existence of leprechauns. Better to spend our time enjoying our wonderful world and helping our fellow beings instead of arguing about which brand of imaginary supernatural friend is the ""right one""."
128,"Gartner: 'Steer away' from cheap Windows XP That's the research firm's verdict on Microsoft's stripped-down Starter Edition for developing countries.

Gartner: 'Steer away' from cheap Windows XP That's the research firm's verdict on Microsoft's stripped-down Starter Edition for developing countries."
129,"NASA Approves Robotic Hubble Repair Mission (AP) -- NASA's chief is urging his Hubble Space Telescope team to press ahead with plans for a robotic repair mission to the aging observatory, saying, ""Let's go save the Hubble.""    Administrator Sean O'Keefe says he will ask Congress for money to accomplish the job. He estimates it will take about \$1 billion to \$1.6 billion to develop and launch a robot to make the needed upgrades to keep the popular telescope running and to get it out of orbit once its work is through...

NASA Approves Robotic Hubble Repair Mission (AP) -- NASA's chief is urging his Hubble Space Telescope team to press ahead with plans for a robotic repair mission to the aging observatory, saying, ""Let's go save the Hubble.""    Administrator Sean O'Keefe says he will ask Congress for money to accomplish the job. He estimates it will take about \$1 billion to \$1.6 billion to develop and launch a robot to make the needed upgrades to keep the popular telescope running and to get it out of orbit once its work is through..."
130,"How many U.S. states are named after kings or queens?

Things get a little sticky in the counting process here.  See, the Virginias were one until 1863, so do we count them as one or two?  Officially there was only one Virginia to name at the time, but I think we're looking to count how many states are named after kings or queens today, in the here and now, right?  So the number I think you're looking for is 7!    Georgia - Latin or English - After King George II of England  Louisiana - French - After King Louis XIV of France  Maryland - English - After Queen Henrietta Maria of England  North Carolina - Latin - After King Charles II of England  South Carolina - Latin - After King Charles II of England  Virginia - Latin or English - The virgin country (or country of the virgin), after Queen Elizabeth I of England  West Virginia - Latin or English - The western transmontane, counties of Virginia.  See Virginia, above.    Unless, of course, we want to squeeze New York in there too, because it was named after the Duke of York, who later became the King of England... James II, see.  I'll leave that one up to you.  Best,    `k."
131,"AMD starts shipping 90-nanometer chips to customers Advanced Micro Devices Inc.'s (AMD Inc.'s) 90-nanometer notebook processors are on their way to customers, according to a research note published by Goldman Sachs   Co. Thursday.&lt;p&gt;ADVERTISEMENT&lt;/p&gt;&lt;p&gt;&lt;img src=""http://ad.doubleclick.net/ad/idg.us.ifw.general/ibmpseries;sz=1x1;ord=200301151450?"" width=""1"" height=""1"" border=""0""/&gt;&lt;a href=""http://ad.doubleclick.net/clk;9824455;9690404;u?http://ad.doubleclick.net/clk;9473681;9688522;d?http://www.ibm.com/servers/eserver/pseries/campaigns/boardroom/index.html?ca=pSeries met=boardroom me=E P_Creative=P_InfoW_RSS""&gt;Introducing IBM eServer p5 systems.&lt;/a&gt;&lt;br/&gt;Powered by IBMs most advanced 64-bit microprocessor (POWER5(tm)), p5 systems can run UNIX and Linux simultaneously. Learn more about eServer p5 systems.&lt;/p&gt;

AMD starts shipping 90-nanometer chips to customers Advanced Micro Devices Inc.'s (AMD Inc.'s) 90-nanometer notebook processors are on their way to customers, according to a research note published by Goldman Sachs   Co. Thursday.&lt;p&gt;ADVERTISEMENT&lt;/p&gt;&lt;p&gt;&lt;img src=""http://ad.doubleclick.net/ad/idg.us.ifw.general/ibmpseries;sz=1x1;ord=200301151450?"" width=""1"" height=""1"" border=""0""/&gt;&lt;a href=""http://ad.doubleclick.net/clk;9824455;9690404;u?http://ad.doubleclick.net/clk;9473681;9688522;d?http://www.ibm.com/servers/eserver/pseries/campaigns/boardroom/index.html?ca=pSeries met=boardroom me=E P_Creative=P_InfoW_RSS""&gt;Introducing IBM eServer p5 systems.&lt;/a&gt;&lt;br/&gt;Powered by IBMs most advanced 64-bit microprocessor (POWER5(tm)), p5 systems can run UNIX and Linux simultaneously. Learn more about eServer p5 systems.&lt;/p&gt;"
132,"What's the cheapest source for ordering DVDs from Asia?

I don't know if this is the cheapest option, but I use the site YesAsia<br />\nhttp://us.yesasia.com/en/index.aspx<br />\nfor my Asian DVD & CD needs.  You often have a choice of region format, and its cheaper than buying it in some store."
133,"London Stock Exchange Group

The London Stock Exchange Group plc is a British-based stock exchange and financial information company. The British-based company London Stock Exchange Group is headquartered in London United Kingdom. It owns the Borsa Italiana MillenniumIT and London Stock Exchange."
134,"Derann

Derann Film Services commonly referred to as Derann was an electronics store and small format film distributor based in Dudley England notable for being the worlds biggest distributor of Super 8 mm film during the 70s and 80s. The company closed down in 2011."
135,"T-Home Macedonia

On May 1 2008 AD Makedonski Telekomunikacii officially became part of the Deutsche Telekom global family accepting the new T brand. From this date onwards the company runs as a legal subject under the name Makedonski Telekom Joint Stock Company for Electronic Communications – Skopje or under the abbreviated name Makedonski Telekom AD – Skopje."
136,"'Push to talk' meets Wi-Fi FCC says cellular carriers are working on extending the walkie-talkie feature to Wi-Fi networks--which could mean to VoIP phones.

'Push to talk' meets Wi-Fi FCC says cellular carriers are working on extending the walkie-talkie feature to Wi-Fi networks--which could mean to VoIP phones."
137,"Getting Around Search Engine Optimization Roadblocks Getting Around Search Engine Optimization Roadblocks\\Today, I will cover the most difficult technologies and techniques to work with. While each of these technologies, techniques and designs have a useful purpose for web-designers, webmasters and general office staff tasked with keeping the site up to date, they each also present problems ...

Getting Around Search Engine Optimization Roadblocks Getting Around Search Engine Optimization Roadblocks\\Today, I will cover the most difficult technologies and techniques to work with. While each of these technologies, techniques and designs have a useful purpose for web-designers, webmasters and general office staff tasked with keeping the site up to date, they each also present problems ..."
138,"How can one stop thinking constantly about an ex?

Time & distractions."
139,"How should I encrypt/pw protect my backup files on an external harddrive for easy recovery on any machine?

I recently backed up and restored a bunch of files using Roxio's Backup MyPC Deluxe, which was bundled with my copy of Easy Media Creator 7.5.  I don't know how secure the encryption is, but it definitely lets you recover files to any computer.  I would assume that any of the more recognized packages (i.e. Norton/Dantz Retrospect/Ghost) would let you restore files to a different machine as this seems to be a core feature of a backup program."
140,"Ancient Olympians Followed ""Atkins"" Diet, Scholar Says What did the first Olympians eat? Food historians are scouring ancient texts to find out.

Ancient Olympians Followed ""Atkins"" Diet, Scholar Says What did the first Olympians eat? Food historians are scouring ancient texts to find out."
141,"How a black hole is formed?

The current scientific theory holds that black holes are formed when stars of sufficient mass (about 3x the mass of our Sun) reach the end of their life and collapse down into a singularity, which is, in essence, an infinitely small point with a huge amount of gravity - gravity so powerful that not even light can escape it's pull if it gets too close. It is also thought that black holes can be formed from smaller masses if external energy/pressure is exerted to squeeze the mass into a singularity.\nNot sure if there's any direct experimental evidence of creation, but there is evidence that they exist. Cosmologists use several different methods to detect blacks holes, such as by looking for light being bent and/or disappearing as it travels from remote stars towards us, and also by looking for bursts of x-rays that are given off as matter is sucked into the back hole and destroyed.\nFun fact: current evidence and theory suggests that the center of the Milky Way is a giant black hole that was formed as the densly packed stars in the center collapsed and sucked each other in."
142,"Lazy Acres Market

Lazy Acres Market Inc. is a small chain of two grocery stores for natural and organic foods gourmet foods supplements and body care products as well as eco-friendly goods. The stores in Santa Barbara and Long Beach are owned and operated by Bristol Farms a chain purchased by Supervalu in 2010.The original store in Santa Barbara was funded in 1991 by Jimmy Searcy Hugo van Seenus and Irwin Carasso."
143,"State grant to aid Lynn; Bank gives Salem \$10k Central Square in Lynn should be looking a bit brighter. New sidewalks, curbs, fences, lights, landscaping, and road improvements are planned for the Gateway Artisan Block, a key area of the square, with \$830,000 in state grant money given to Lynn last week.

State grant to aid Lynn; Bank gives Salem \$10k Central Square in Lynn should be looking a bit brighter. New sidewalks, curbs, fences, lights, landscaping, and road improvements are planned for the Gateway Artisan Block, a key area of the square, with \$830,000 in state grant money given to Lynn last week."
144,"Number one formula one driver?

Depends on your question.\nKimi Raikkonen won more races than FA in the 2005 season, and many, including myself, believe him to be the best.\nMichael Schumacher has won an unprecedented seven world driving championships and has shown no signs of losing the edge (his car this year was handicapped by tire rules and their supplier).  He also has by far the most wins of any racing driver for all of time.\nFernando Alonso Diaz is the champion for 2005 but all signs pointed to a heated battle for 2006.  But as the WDC, he does get to wear the #1 on his car for the 2006 season."
145,"how many members does the German Bundestag consist of?

Regularly the German Bundestag has 598 members. However there can be additional seats called 'Ueberhangmandate'. Currently the German Bundestag has 614 members."
146,"Which part-time MBA program will add value to a software developer with 15 years experience?

Wow.  There are some pretty negative answers in this thread.\n\nPick a good program.  Pick a highly rated program.  The brand *is* part of the value of an MBA, and frankly, the lower rated programs aren't that much cheaper.  Here in the Bay Area, Haas (Berkeley) has a great ranking (top 5 in part time rankings, recently been in the top 10 for full time).  I am currently a student at Haas (in the PT program), and I can't understand why people would pick a different program in this region.  Stanford, unfortunately, doesn't have a part time program.\n\nI agree with the previous poster who said you need to have an idea what you want out of it.  Go in with a plan on how you're going to get value from the MBA, and just from being a student.  I'm amazed at the access I get just by being an MBA student.  It opens a lot of doors.  But you need to be very goal directed to get this value.\n\nI can't agree with the person who said networking in a PT program isn't good.  As a current PT student, I have an *amazing* network of rising stars at a number of bay area companies, right now.  Comparing notes with some co-workers who are recent graduates from the FT programs at Wharton, Stanford, Columbia, it's clear that my network is broader, more active, and more useful right now than their networks.\n\nSo - to your actual question.  If you are in the Bay Area, pick Berkeley (I'm biased, obviously).  Really, you can gain a lot of value from any part time MBA program.  But talk to people, figure out how *you* can gain value from an MBA, and then go from there."
147,"should i trade Baron Davis and Joe Johnson for Allen Iverson?

Whenever you can trade 2 good players for 1 superstar player, it is a steal!  Because now it will open up another slot on your active roster and now you can play your other good player that's always in your bench.  But if you don't have depth, I wouldn't pull the trade trigger."
148,"What are the options for volleyball leagues in the south bay and SF?

I would try IVL (http://www.ivlinc.com/) or City Beach (http://www.citybeach.com/sports/sports_volleyball.htm)"
149,"Q-workshop

Q-workshop is a Polish company located in Poznań that specializes in designand production of polyhedral dice and dice accessories for use in various games (role-playing gamesboard games and tabletop wargames). They also run an online retail store and maintainan active forum community.Q-workshop was established in 2001 by Patryk Strzelewicz – a student from Poznań. Initiallythe company sold its products via online auction services but in 2005 a website and online store wereestablished."
150,"Why do shoes have heels?  Feet were designed flat...?

Initially it was for practical reasons.  Heels were added to shoes around the 1500s to keep horsemen's feet from slipping from the stirrups.\n\nEventually, it became fashionable to wear heels."
151,"IT alligator tales I grew up in New York, where giant alligators -- sometimes more ornately described as albino alligators -- were rumored to roam the citys sewer systems. According to legend, vacationers picked up the tiny crocodilians in Florida, brought them home to New York, and eventually flushed the little buggers when they grew too big for the local concrete jungle.

IT alligator tales I grew up in New York, where giant alligators -- sometimes more ornately described as albino alligators -- were rumored to roam the citys sewer systems. According to legend, vacationers picked up the tiny crocodilians in Florida, brought them home to New York, and eventually flushed the little buggers when they grew too big for the local concrete jungle."
152,"Autodesk tackles project collaboration Autodesk  this week unwrapped an updated version of its hosted project collaboration service targeted at the construction and manufacturing industries. Autodesk Buzzsaw lets multiple, dispersed project participants -- including building owners, developers, architects, construction teams, and facility managers -- share and manage data throughout the life of a project, according to Autodesk officials.

Autodesk tackles project collaboration Autodesk  this week unwrapped an updated version of its hosted project collaboration service targeted at the construction and manufacturing industries. Autodesk Buzzsaw lets multiple, dispersed project participants -- including building owners, developers, architects, construction teams, and facility managers -- share and manage data throughout the life of a project, according to Autodesk officials."
153,"Slovalco

Slovalco is a large Slovak company that produces 160000 tonnes of aluminium and aluminium products per annum."
154,"Saturn's Moon Titan: Planet Wannabe by Henry Bortman     Jonathan Lunine, professor of planetary science and physics at the University of Arizona's Lunar and Planetary Laboratory in Tucson, Arizona, has long been fascinated by Saturn's largest moon, Titan. In this first part of the interview, Lunine explains what scientists hope to learn from Huygens...

Saturn's Moon Titan: Planet Wannabe by Henry Bortman     Jonathan Lunine, professor of planetary science and physics at the University of Arizona's Lunar and Planetary Laboratory in Tucson, Arizona, has long been fascinated by Saturn's largest moon, Titan. In this first part of the interview, Lunine explains what scientists hope to learn from Huygens..."
155,"Why didn't anyone send more buses to the Superdome earlier?

I don't have an article, but I was listening to NPR last night, and the commentator was saying the evacuation was really bungled due to an organization and communication problem. No one took charge and said, hey I'm running the show, get 2000 buses and send them down, because no one felt they were in charge. FEMA, State & local police, National Guard, all were not sure what the other guys were doing and so waited for overall direction, which never really came."
156,"Rompetrol

The Rompetrol Group N.V. is a Romanian oil company that operates in many countries throughout Europe. The group is active primarily in refining marketing and trading with additional operations in exploration and production and other oil industry services such as drilling EPCM and transportation."
157,"What's your definition of Web 2.0?

The best article I've read on the subject is in the link below.  In summary, the article cites the following 7 factors common to Web 2.0:\n\n* Services, not packaged software, with cost-effective scalability\n* Control over unique, hard-to-recreate data sources that get richer as more people use them\n* Trusting users as co-developers\n* Harnessing collective intelligence\n* Leveraging the long tail through customer self-service\n* Software above the level of a single device\n* Lightweight user interfaces, development models, AND business models"
158,"SGS S.A.

SGS S.A. (formerly Société Générale de Surveillance) is a multinational company headquartered in Geneva Switzerland which provides inspection verification testing and certification services."
159,"Is there anywhere that rents UMD movies for PSP?

GameFly.com rents both PSP movies and games.  (They're in seperate categories if you don't see them right away.)\n\nI've been a customer for about a year, and I think their selection and customer service are both stellar.  Ship times seem a little longer than Netflix, and pricing is higher (for good reason).\n\nI love the packaging (in addition to the Netflix style paper envelopes there's a hard cardboard shield) and I've never received a defective game.  The pre-owned purchase program is also a nice touch."
160,"Warner Bros. International Television

Warner Bros. International Television (also known as Warner Bros. Worldwide Television and Warner Bros. International Television Distribution) is the Global television arm of Warner Bros. Television and a subsidiary of Warner Bros. Entertainment formed in 1996. It is a a company apart of one of the largest media firms in the world Time Warner. Warner Bros. International Television distributes from the following:"
161,"How Mars Fooled the World The famous Orson Welles' radio broadcast of ""The War of the Worlds"" is about to hit the big screen, as film moguls Spielberg and Cruise bring the H.G. Wells' classic back into the popular imagination. Are we so clever today not be duped?

How Mars Fooled the World The famous Orson Welles' radio broadcast of ""The War of the Worlds"" is about to hit the big screen, as film moguls Spielberg and Cruise bring the H.G. Wells' classic back into the popular imagination. Are we so clever today not be duped?"
162,"How effective is massage in relieving stress?

Massage is good for relieving stress if you find the right kind of you. \nOne of the most popular massages is Swedish massage. Light to medium pressure is applied with long, soothing strokes. Sometimes stress can cause muscle pain. Deep tissue massage can be tailored to the person's need. Aromatherapy massage makes use of the therapeutic effect of essential oil combined with a relaxing massage. Warm stone massage has become very popular in the past few years. Reflexology is a special form of foot massage.\nIt may take a few trials to find the right kind of massage for you. Once you find it, it can help maintain good physical health and stress reduction."
163,"Hydrosila

JSC Hydrosila (Ukrainian: Гідросила) is Ukraine's company currently one of the basic companies within the corporation Hydrosila GROUP JSC. Nowadays four factories belong to corporation: Hydrosila JSC Hydrosila MZTG JSC Hydrosila LEDA JSC Hydrosila TETIS Ltd.It has a leading position as a manufacturer of hydraulic components for the agricultural road-building and other machinery in Eastern Europe (the C.I.S. countries) and the Baltic States."
164,"Why was the Passion of Christ a controversial movie?

Jewish people were concerned that the movie would fuel antisemitism. A concerned Rabbi Eugene Korn previewed the film before it came out and made the following statement,\n\n""We are deeply concerned that the film, if released in its present form, will fuel the hatred, bigotry and anti-Semitism that many responsible churches have worked hard to repudiate.""\n\nAnother controversial aspect of the movie was its graphically violent depiction of Jesus' crucifixation. Some Christians were upset that the movie choose to focus on Jesus' violent death rather than other Biblical themes like the resurrection and his life experiences valuing messages of love, tolerance, and redemption."
165,"Building Dedicated to Columbia Astronauts (AP) AP - A former dormitory converted to classrooms at the Pensacola Naval Air Station was dedicated Friday to two Columbia astronauts who were among the seven who died in the shuttle disaster Feb. 1, 2003.

Building Dedicated to Columbia Astronauts (AP) AP - A former dormitory converted to classrooms at the Pensacola Naval Air Station was dedicated Friday to two Columbia astronauts who were among the seven who died in the shuttle disaster Feb. 1, 2003."
166,"How do bowlers get reverse swing in cricket?

Reverse swing is an art invented by former Pakistani fast bowler Sarfaraz Nawaz, followed by Imran Khan, Waseem Akram and Waqar Younis.\n\nA new cricket ball has shine on both sides. When the ball gets older the shine disappears and the amount of swing is decreased. In reverse swing the bowler keeps one side of the ball shining and one rough.\nDue to air friction the rough side resists the air and the ball moves towards the shining side having less friction on that side.\nSo it will allways move towards the direction of the shine.\nWaqar younis had the habbit of hiding the ball from batsman before its delivery. So that the batsman keeps guessing the direction of the swing."
167,"Dollar Falls Broadly on Record Trade Gap  NEW YORK (Reuters) - The dollar tumbled broadly on Friday  after data showing a record U.S. trade deficit in June cast  fresh doubts on the economy's recovery and its ability to draw  foreign capital to fund the growing gap.

Dollar Falls Broadly on Record Trade Gap  NEW YORK (Reuters) - The dollar tumbled broadly on Friday  after data showing a record U.S. trade deficit in June cast  fresh doubts on the economy's recovery and its ability to draw  foreign capital to fund the growing gap."
168,"A State of Trance (label)

A State Of Trance is a sub-label of the Dutch company Armada Music. Released its first vinyl release in 2003 and reached its 100 release (ASOT100) with The Doppler Effect - Beauty Hides In The Deep / Envio - For You (The Blizzard Remix)."
169,"Irwin Mitchell

Irwin Mitchell LLP is a firm of solicitors in the United Kingdom established in Sheffield in 1912 and now with offices in nine British cities. The firm has more than 180 partners 900+ associates consultants senior advisors and other fee-earners employing in total over 2200 people. The company was ranked 20th largest UK based law firm in terms of worldwide revenue in the 2010/2011 year with a turnover of £171.8m."
170,"Is there a  public place in bay area where one can stay late till 1 am and do  home work or read.  ?

when I was in college denny's always worked for me.\n1 soda and all night of refills(same for coffee)."
171,"Japanese Lunar Probe Facing Delays (AP) AP - A lunar orbiter that Japan had planned to launch this year could face further delays, possibly until next year or later, because of a funding shortfall and problems developing the probe's information-gathering capabilities, Japan's space agency said Wednesday.

Japanese Lunar Probe Facing Delays (AP) AP - A lunar orbiter that Japan had planned to launch this year could face further delays, possibly until next year or later, because of a funding shortfall and problems developing the probe's information-gathering capabilities, Japan's space agency said Wednesday."
172,"How do I write a resume?

resume writing can be tricky because not only is it important to be detailed when describing skills and work experience, but it is also advantageous to balance this with brevity. be concise and to the point while packing your resume full of key information that presents your strengths as a candidate for employment.<br />\nkeep it simple, and make sure that formatting doesn't take away from a neatly streamlined and cogent resume.<br />\nbelow is a link to hotjobs' resume tips, which i found extremely helpful in this process."
173,"Which cat has the largest variety of prey?

In Africa, a pride of lions (male: ~400 lbs, female: ~280 lbs) pretty regularly hunt wildebeest (440-600 lbs), although they usually go after the sick or young ones.  Occasionally, they can take down a giraffe (2420-4250 lbs), but this doesn't happen often.  Elephants (11,000 lbs) and rhinos (2500 lbs) are just a little dangerous to be bothered.\nIn Asia, tigers can take down a water buffalo (1800-2600 lbs), although again, they usually go for the sick or young ones.\nThese are the cats with the largest prey."
174,"What are the steps required to edit, publish and distribute a book?

Publishing a book is a lot of hardwork. It takes 2 years sometimes for first timers. See URL below for broad steps.  Steps differ based on what kind of books one would try publishing."
175,"Who sailed from Spain around the tip of S. America & across the Pacific Ocean to the Phils.?

Ferdinand Magellan was dubbed the ""discoverer"" of the Philippines after he landed on the island of Homonhon, near Samar, on March 17, 1521. He claimed the islands in the name of King Philip II of Spain and named them Felipinas, the Philippines. He was later killed in Mactan Island of Cebu in a clash with native warriors led by a chieftain named Lapu-lapu."
176,"How is it that different countries have come up with different styles of electrical socket pins?

Practical: As there are multiple very-incompatible voltages in use (110v, 220v), it's a good idea to not have the same plugs. Somebody will inevitably plug in the wrong device, and putting a 110v device on 220v can be pretty nasty. Dual voltage devices which are popular today (largely due to power semiconductors which make them inexpensive), didn't exist when plugs were designed!\n\nPolitical: Many ex-colonies of Britain were trying to shake off British influence as far as possible, which probably was a factor in picking different system for power device standards, among others."
177,"What was the last Hanna-Barbera prime-time cartoon series? And what year did it air?

Actually, my guess is that it would be ""Wait Till Your Father Gets Home"" which was a kind of cross between ""All in the Family"" and ""The Flintstones."" I still remember the catchy theme song. It aired in 1972."
178,"Company Said to Be Ready to Clone Pets (AP) AP - A company that unveiled the world's first cloned cat nearly three years ago now says it is ready to start filling orders for cloned pets, a newspaper reported Thursday.

Company Said to Be Ready to Clone Pets (AP) AP - A company that unveiled the world's first cloned cat nearly three years ago now says it is ready to start filling orders for cloned pets, a newspaper reported Thursday."
179,"Sun's Looking Glass Provides 3D View (PC World) PC World - Developers get early code for new operating system 'skin' still being crafted.

Sun's Looking Glass Provides 3D View (PC World) PC World - Developers get early code for new operating system 'skin' still being crafted."
180,"Natural Hazards: Typhoon Rananim The MODIS instrument aboard NASA's Terra satellite captured this true-color image of Typhoon Rananim on August 12 at 2:40 UTC.

Natural Hazards: Typhoon Rananim The MODIS instrument aboard NASA's Terra satellite captured this true-color image of Typhoon Rananim on August 12 at 2:40 UTC."
181,"what is the temperature on the sun and how to calculate the lost of heat per distance from it?

You might not have intended it, but your question is a lot more complex than you might have thought.  It turns out that the temperature of the sun is a function of how deep into the sun you are, with the surface temperature being about 6000 Kelvins.  To make things even more complicated, the Corona of the sun (which extends in all directions around the sun beyond the surface) is actually 1,000,000 Kelvins.\n\nThis fact is well established, but further research is required to understand *why* there is such a huge difference in temperature between the two.\n\nNow for the second part of your question:\n\nThe light intensity of the sun drops off as the inverse square of your distance from the sun.  The ""heat"" is another thing entirely, because heat is defined as the average kinetic energy of particles, and photons don't count strictly in that definition.\n\nThere are particles that come from the sun in the form of solar wind, and around the region of the Earth, they have a ""temperature"" around 1000k."
182,"Why doesn't college football have a playoff system?

- The bowls came first and have to be dislodged\n\n- The bowl organizers control larges amounts of money.  Some of these monies are given to participating universities and their conferences. Bowl organizers do not want to risk lossing this money. And universities who frequent bowls want to be assured of still receiving the big bucks before switching. Hence bowl organizers are generally against playoffs and univerisities are only luke warm supporters.\n\n- Universities like to believe their players are really students (some actually are) and not semi-professional atheletes, so they limit the number of games per year.  Playing a game takes a lot of the players time preparing and practicing.  Also due the physical nature of the game, players need several days to recovery.  This limits games to about one every 5 days or so (about one a week). A playoff system would require the two teams meeting for the championship to play and additional 2-4 games depending on the number of teams allowed to participate in the playoffs."
183,"Bavaria Yachtbau

The Bavaria Yachtbau GmbH is a German major yacht builder with its headquarters in Giebelstadt Bavaria. The model range consists of both sailing and motor yachts built along mass production principles."
184,"Arrow Dynamics

Arrow Dynamics was a roller coaster and amusement ride design company based in Clearfield Utah United States. Formerly known as Arrow Development (1946-1981) and Arrow-Huss (1981-1986) Arrow Dynamics was responsible for some of the most influential advancements in the roller coaster industry. Among the biggest was the tubular steel track design for roller coasters which provided a smoother ride than flat rails commonly used at the time on wooden roller coasters."
185,"What do you think of the Maury Povich Show?

it's cool - much better than sally jesse. plus connie is hot."
186,"Saturn Hailstorm When Cassini reached Saturn On June 30th, it dashed through a gap in Saturn's rings, twice. One of onboard science instruments recorded a flurry of ring-dust harmlessly striking the spacecraft.\\

Saturn Hailstorm When Cassini reached Saturn On June 30th, it dashed through a gap in Saturn's rings, twice. One of onboard science instruments recorded a flurry of ring-dust harmlessly striking the spacecraft.\\"
187,"Georgetown Brewing Company

Georgetown Brewing Company is a craft brewery in Seattle's Georgetown neighborhood. It only sells draft beer. The primary brew is a pale ale called Manny's."
188,"Why do people love Oprah?

Because she personifies the classic Cinderella story and the American dream. She overcame poverty and abuse to become a huge tv success. She's also very charismatic...and she likes to give stuff away."
189,"At what level are math olympiads held for Kids?

The official math olympiad competition is really more for high school students and the organization (math assocn of america) hosts a number of competitions that determine whether students will qualify to take the math olympaid tests.\nThe org also hosts a number of other competition for other students from jr. high and below but those are separate."
190,"Ralph Lauren Corporation

Ralph Lauren Corporation (NYSE: RL is a publicly traded United States-based holding company that through its subsidiaries designs markets and sells high end men's women's and children's apparel accessories fragrances and home furnishings to customers worldwide. Ralph Lauren Corporation traces its roots to the 1967 founding of the Polo Ralph Lauren company by American designer Ralph Lauren. Polo Ralph Lauren is the corporation's flagship brand."
191,"Topera Medical

Topera Inc. is a cardiac arrhythmia mapping company for targeting catheter ablation company launched in San Diego California and specializes in mapping electrical signals of the heart. Topera's headquarters are located in Palo Alto California. The company uses 3D analysis and mapping to detect the sources of atrial fibrillation atrial flutter and atrial tachycardia and ventricular tachycardia to identify targets for catheter ablation."
192,"Caregivers Carry Virtual Clipboard Students design mobile data-access system for health-care workers.

Caregivers Carry Virtual Clipboard Students design mobile data-access system for health-care workers."
193,"Which is better a Linux operating system over a Windows operating system?

Your question is the probably wrong question to ask.\n\nWhat you should ask yourself, what applications do I want to run and find a machine that runs it.\n\nBut, if you don't care about what applications you run, Linux is currently more robust and secure than Windows which is very vunerable to Spyware, Trojans, Viruses, etc.\n\nYou have to be a bit of a Geek to be able to manage a Linux system.  On the other hand, you have to be a bit of a wizard to manage a Windows machine...\n\nThe Macintosh runs an OS similar to Linux, but has a nicer frontend on top of it, so I think the Macintosh is a better choice.\n\nBest thing to do is try them out if you can."
194,"Growth, Mortality of T. Rex Gets Clearer (AP) AP - Here's a dinosaur finding that parents can appreciate: The teenage Tyrannosaurus rex typically went through an explosive growth spurt, gaining nearly 5 pounds a day.

Growth, Mortality of T. Rex Gets Clearer (AP) AP - Here's a dinosaur finding that parents can appreciate: The teenage Tyrannosaurus rex typically went through an explosive growth spurt, gaining nearly 5 pounds a day."
195,"USA Gasoline

U Save Automatic (USA Gasoline) or (USA Petroleum) is an American oil company which operates in the United States. It was found in 1968. USA Gasoline operates in 10 states including Alaska California Colorado Idaho Nevada New Mexico Oregon Utah Washington and Wyoming. It became a subsidiary of Tesoro Corporation in 2007."
196,"Sparebanken NOR

Union Bank of Norway branded as Sparebanken NOR was Norway's largest savings bank between 1990 and 1999. The bank was created as a merger between Sparebanken ABC and four other regional savings banks. The new bank had its headquarters in Oslo and was in existence until 1999 when it merged with Gjensidige to form Gjensidige NOR."
197,"Which country is most corrupt?

# 1 most corrupt is Haiti, followed by Bangladesh, Nigeria, Myanmar, Chad. Among the least corrupt are Finland, New Zealand, Denmark and Iceland."
198,"What is your favorite quotation by a famous author?

""I disagree with what you say, but to the death I will defend your right to say it."" -Voltaire"
199,"What bowl game will Penn State be going to?  What's the best way to get tickets?

The 'Joe Paterno' Retirement Bowl to be held some place in Florida."
200,"CSA Air

Not to be confused with CSA Czech Airlines.CSA Air is a cargo airline based in Kingsford Michigan USA. It operates express cargo services in Michigan Wisconsin Minnesota Illinois Indiana South Dakota and Canada operating 52 flights a day. Its main base is Ford Airport Iron Mountain Michigan."
201,"Saturn's Moon Titan: Prebiotic Laboratory by Harry Bortman    In this second and final part of the interview, Lunine explains how Huygens may help scientists understand the origin of life on Earth, even if it doesn't detect life on Titan.    Astrobiology Magazine -- Titan is the only moon in our solar system with an atmosphere, and it is the organic chemistry that has been detected in that atmosphere that has sparked the imagination of planetary scientists like Lunine...

Saturn's Moon Titan: Prebiotic Laboratory by Harry Bortman    In this second and final part of the interview, Lunine explains how Huygens may help scientists understand the origin of life on Earth, even if it doesn't detect life on Titan.    Astrobiology Magazine -- Titan is the only moon in our solar system with an atmosphere, and it is the organic chemistry that has been detected in that atmosphere that has sparked the imagination of planetary scientists like Lunine..."
202,"Are humans still evolving?

Evolution is ever-present as always. You could argue it's rate is a function of environment change. So to answer what's driving human evolution you need to look at the human environment as part of the equation. Extreme evolution happens when an organism's environment changes and it cannot escape it. As a previous post mentioned, humans now have the ability to easily move around the world and escape a 'bad' environment. So evolution may indeed have slowed, but it is not dead. Some cataclysmic change affecting the whole planet, if it doesn't kill the species completely, will certainly speed up the evolutionary process when you compare the human race a few generations either side of said event.\n\nGiven that evolution is the result of genetic mutation/favoritism during sexual reproduction are we seeing those more desirable for sex setting the evolutionary path while environment change is minimized by our ability to control it or escape it?\n\nIs average height an example of this? It would certainly seem that humans are growing taller on average, and what western (cultural bias) woman does not want a tall mate for example. It should be noted however that who we think is desirable for sex is very culturally dependent and may not lead to the best long-term (breeding) prospects for an individual conceived to those parents."
203,"Cassini Spacecraft Sees Saturn Lightning (AP) AP - The Cassini spacecraft's mission to Saturn has revealed a new radiation belt around the ringed planet and found that lightning in its atmosphere is occurring in different patterns than it did when NASA's Voyagers flew by in the early 1980s, scientists said.

Cassini Spacecraft Sees Saturn Lightning (AP) AP - The Cassini spacecraft's mission to Saturn has revealed a new radiation belt around the ringed planet and found that lightning in its atmosphere is occurring in different patterns than it did when NASA's Voyagers flew by in the early 1980s, scientists said."
204,"where did term ""tie the knot"" come from?

Bed frames used to be sprung with rope. To make a marriage bed you needed to 'tie the knot'"
205,"SKA Brewing

Ska Brewing Company is an American microbrewery founded in 1995 by Bill Graham and Dave Thibodeau in Durango Colorado. Since 2008 the brewery has been located in its current Bodo Industrial Park location. Although Ska also uses bottles it is known for being one of the few microbreweries that utilizes cans liberally."
206,"Beats Electronics

Beats Electronics LLC is an American producer of audio products and equipment headquartered in Santa Monica California. The company was founded by rapper and hip-hop producer Andre Dr. Dre Young and Interscope-Geffen-A&M Records chairman Jimmy Iovine and primarily produces products under the brand Beats by Dr. Dre."
207,"Why does it seem that most of the diets don't work on over weight people?

I think that the main reason is that obese people should be treated as drug addict. The main problem is that both obese and drug addicts have habits that causing them to either eat or do drug. Both of them also have physical addiction that needed to be treated accordingly. Only after facing those two major factors it will be the time for diets. <br />\nAnother major issue is that the society actually unknowingly supports obesity; let me give you an example- today in the US, an obese person can claim disability and get welfare. By that, the government actually encourages obesity. Why would someone even try to get better? <br />\nAuthorities should condition those allowances: if you lose weight over a specified period you will continue getting it. If you did not lose weight you lose the allowance.<br />\nWe should always keep in mind that obesity costs a lot more then just the allowance that the obese person gets. There is the health costs, taxes lost and so on.<br />\nI say- do what you can to leave healthy life, and don’t give up"
208,"Myanma Airways

Myanma Airways Corporation (Burmese: မြန်မာ့လေကြောင်း) is the sole national flag carrier and state-owned airline of Myanmar based in Yangon. It operates scheduled services to all major domestic destinations. Its main base is Yangon International Airport."
209,"Kids Can Press

Kids Can Press is a Canadian owned publisher of children's books with an award-winning list of over 500 picture books non-fiction and fiction titles for toddlers to young adults."
210,"Triangular distribution random function

check out this site:\nhttp://mathworld.wolfram.com/TriangularDistribution.html"
211,"LifeBound

LifeBound is an educational publisher based in Denver Colorado that writes self-help success books for students. The company also offers coaching sessions seminars and various curricula. Pearson Education publishes LifeBound's Keys to Success series.Web site Home page http://www.lifebound.com"
212,"Reliance MediaWorks

Reliance MediaWorks Limited (RMW) is a Film and Entertainment Services Company and a member of the Reliance Group.The company is one of India's leading film and entertainment services companies with a presence across several media businesses including the theatrical exhibition of films television content production and distribution and film and media services. The company facilities have been MPAA certified."
213,"Group proposes faster Wi-Fi specification Networking consortium submits proposal for faster Wi-Fi, as battle lines are drawn between rival groups.

Group proposes faster Wi-Fi specification Networking consortium submits proposal for faster Wi-Fi, as battle lines are drawn between rival groups."
214,"Why are we here?

To ask and answer questions. Duh!"
215,"Customers of Telco Companies Face Privacy Breach A security advisory posted on Bugtraq demonstrates how hackers can compromise customers of T-mobile wireless and Verizon (landline) voicemail boxes. The advisory talks about the use of Caller-ID spoofing the customers number, allowing a bypass of the PIN code since the voicemail thinks that the customer is calling to check their own voicemail. According to Secure Science Corporation, there has been no response from the vendors. Comments have been posted that T-Mobile has optional PIN code protection off by default. Better turn it on.

Customers of Telco Companies Face Privacy Breach A security advisory posted on Bugtraq demonstrates how hackers can compromise customers of T-mobile wireless and Verizon (landline) voicemail boxes. The advisory talks about the use of Caller-ID spoofing the customers number, allowing a bypass of the PIN code since the voicemail thinks that the customer is calling to check their own voicemail. According to Secure Science Corporation, there has been no response from the vendors. Comments have been posted that T-Mobile has optional PIN code protection off by default. Better turn it on."
216,"Watchdog rules over broadband  The UK's ad watchdog rules over which net connections can be described as full speed broadband.

Watchdog rules over broadband  The UK's ad watchdog rules over which net connections can be described as full speed broadband."
217,"Google: Now Playboy's Latest Bunny Investors in the company that's trying to come off as cute as a bunny could find themselves holding a fistful of vipers if the founders of Google Inc. continue to do things like show up in Playboy magazine around the same time their company is going public. &lt;FONT face=""verdana,MS Sans Serif,arial,helvetica"" size=""-2""\ color=""#666666""&gt;&lt;B&gt;-washingtonpost.com&lt;/B&gt;&lt;/FONT&gt;

Google: Now Playboy's Latest Bunny Investors in the company that's trying to come off as cute as a bunny could find themselves holding a fistful of vipers if the founders of Google Inc. continue to do things like show up in Playboy magazine around the same time their company is going public. &lt;FONT face=""verdana,MS Sans Serif,arial,helvetica"" size=""-2""\ color=""#666666""&gt;&lt;B&gt;-washingtonpost.com&lt;/B&gt;&lt;/FONT&gt;"
218,"Magma Surge Moves Nevada Mountain, Study Says Why did a Lake Tahoe-area peak move dramatically late last year? A new report says magma deep below surged upward, forcing the mountain to rise.

Magma Surge Moves Nevada Mountain, Study Says Why did a Lake Tahoe-area peak move dramatically late last year? A new report says magma deep below surged upward, forcing the mountain to rise."
219,"What makes a teacher want to leave their profession?

It seems like a lot of factors contribute to teacher attrition (leaving the profession). But apparently new teachers are most likely to abandon ship.\n\nAccording to a 1986 survey, more than 2/3 of all beginning teachers will have left during their first four years of teaching and 40-50% of them will leave during the first seven years of their career. (Huling-Austin, 1986).\n\nThese are some factors likely most likely to affect the attrition of new teachers:\n\n1) Beginning teachers are unable to cope with teaching problems like discipline, difficulties with parents, and lack of sufficient or appropriate teaching materials.\n\n2) Beginners are often given the most difficult teaching assignments. \n\n3) Novice teachers often receive little or no support after leaving the university and find that their teacher education programs ill-prepared them for the realities of teaching.\n\nOther factors, such as salary, affect attrition rates, but perhaps the fact that beginning teachers lack adequate support and resources to handle such a large responsibility (basically parenting your students) is where the responsbility lies."
220,"What does RSVP stand for?

RSVP is the abbreviation of French répondez s'il vous plaît - please reply."
221,"Parttime MBA or Certification in Management, which one is better. Where can I do the Mgmt. certification from.

You see, one of the biggest value an MBA will bring is the ""networking"" opportunity. Hence, a part-time MBA with no classroom-based activities will miss this important piece.\n\nIf you want to go for a fully remote-based degree, the Open university is a good option.\n\nColumbia also has a good option for a certificate: you keep taking several courses and after some time you can apply for a certificate in business excellence.\n\nI think both the part-time mba or the certificate are good options if you pick a good school.\n\nIf you can afford going to the campus about twice a month, an executive mba is the best option in my opinion. Chech NYU, Kellog or Columbia."
222,"Progress Cargo Ship for ISS Launched From Russia MOSCOW (AP) -- A Russian cargo ship loaded with supplies and equipment blasted off from the Baikonour cosmodrome in Kazakhstan on Wednesday headed for the international space station, a Russian space official said.    The Progress M-50 ship took off at 1:03 a.m...

Progress Cargo Ship for ISS Launched From Russia MOSCOW (AP) -- A Russian cargo ship loaded with supplies and equipment blasted off from the Baikonour cosmodrome in Kazakhstan on Wednesday headed for the international space station, a Russian space official said.    The Progress M-50 ship took off at 1:03 a.m..."
223,"Begging for trouble on security Securify founder Taher Elgamal says a patchwork mentality has effectively turned network security into an IT budget black hole.

Begging for trouble on security Securify founder Taher Elgamal says a patchwork mentality has effectively turned network security into an IT budget black hole."
224,"New NASA Supercomputer to Aid Theorists and Shuttle Engineers (SPACE.com) SPACE.com - NASA researchers have teamed up with a pair of Silicon Valley firms to build \  a supercomputer that ranks alongside the world's largest Linux-based systems.

New NASA Supercomputer to Aid Theorists and Shuttle Engineers (SPACE.com) SPACE.com - NASA researchers have teamed up with a pair of Silicon Valley firms to build \  a supercomputer that ranks alongside the world's largest Linux-based systems."
225,"Canadian Team Joins Rocket Launch Contest (AP) AP - The  #36;10 million competition to send a private manned rocket into space started looking more like a race Thursday, when a Canadian team announced plans to launch its rocket three days after an American group intends to begin qualifying for the Ansari X prize.

Canadian Team Joins Rocket Launch Contest (AP) AP - The  #36;10 million competition to send a private manned rocket into space started looking more like a race Thursday, when a Canadian team announced plans to launch its rocket three days after an American group intends to begin qualifying for the Ansari X prize."
226,"Development Bank of the Philippines

The Development Bank of the Philippines (Filipino: Bangko sa Pagpapaunlad ng Pilipinas Castilian Spanish: Banco de Agricola y Hacienda de Filipinas or Banco de Desarollo de Filipinas) commonly known by its initials DBP is a state-owned development bank with headquarters in Makati Philippines.It is the seventh-largest bank in the Philippines in terms of assets and is the second-largest government-owned bank next only to Landbank."
227,"What is a good platform for writing complex web apps in php?

You can use of of the many php MVC Framework. One of the most used one is phpMVC. \n\nQuoted from their website ""php.MVC implements the Model-View-Controller (MVC) design pattern, and encourages application design based on the Model 2 paradigm. This design model allows the Web page or other contents (View) to be mostly separated from the internal application code (Controller/Model), making it easier for designers and programmers to focus on their respective areas of expertise.\n\nThe framework provides a single entry point Controller. The Controller is responsible for allocating HTTP requests to the appropriate Action handler (Model) based on configuration mappings.\n\nThe Model contains the business logic for the application. The Controller then forwards the request to the appropriate View component, which is usually implemented using a combination of HTML with PHP tags in the form of templates. The resulting contents are returned to the client browser, or via another protocol such as SMTP.\n\nphp.MVC is a PHP port of Jakarta Struts. It currently supports many features of Struts, including declarative application configuration via the XML digester. For example, mappings from the various Action business logic components to appropriate results pages can be specified declaratively in the XML configuration file. """
228,"Saudis: Bin Laden associate surrenders \\""(CNN) -- A longtime associate of al Qaeda leader Osama bin Laden surrendered to\Saudi Arabian officials Tuesday, a Saudi Interior Ministry official said.""\\""But it is unclear what role, if any, Khaled al-Harbi may have had in any terror\attacks because no public charges have been filed against him.""\\""The Saudi government -- in a statement released by its embassy in Washington --\called al-Harbi's surrender ""the latest direct result"" of its limited, one-month\offer of leniency to terror suspects.""\\This is great!  I hope this really starts to pay off.  Creative solutions to\terrorism that don't involve violence.  \\How refreshing! \\Are you paying attention Bush administration?\\

Saudis: Bin Laden associate surrenders \\""(CNN) -- A longtime associate of al Qaeda leader Osama bin Laden surrendered to\Saudi Arabian officials Tuesday, a Saudi Interior Ministry official said.""\\""But it is unclear what role, if any, Khaled al-Harbi may have had in any terror\attacks because no public charges have been filed against him.""\\""The Saudi government -- in a statement released by its embassy in Washington --\called al-Harbi's surrender ""the latest direct result"" of its limited, one-month\offer of leniency to terror suspects.""\\This is great!  I hope this really starts to pay off.  Creative solutions to\terrorism that don't involve violence.  \\How refreshing! \\Are you paying attention Bush administration?\\"
229,"What is Michael Jordan doing now? Is he working?

michael jordan is something like VP of the Jordan Brand for Nike. he's got final approval over the entire line - shoes, shirts, pants, etc. he's also spending a lot of time with his family. his son jeffrey is a sophomore in high school and he's going to his basketball games.\n\nthis was all that i remember from when he was on oprah."
230,"Woolf & Freedman Film Service

Woolf & Freedman Film Service was a UK film distributor which was founded by film producer C. M. Woolf and which operated from 1919 to 1934. The company distributed more than 140 films over a 15-year period. In 1935 Woolf formed a new company General Film Distributors.Some of Alfred Hitchcock's early silent films were produced by Gainsborough Pictures and distributed by Woolf & Freedman."
231,"H&L Records

H&L Records was a record label founded by Hugo Peretti and Luigi Creatore after they left Avco Records. They took The Stylistics with them."
232,"What is the world's largest island?

At 840,000 square miles (2,175,590 km2), Greenland is the world's largest island.    Although Australia also meets the definition of an island (a piece of land surrounded by water), it is large enough to be considered its own continent."
233,"Is there an English equivalent for the male firstname ""Reinhard""?

According to this page in the French wikipedia, Reinhard comes from Regin + Hard (strong advice as you mention)\n\nhttp://fr.wikipedia.org/wiki/Roman_de_Renart\n\nInterestingly, the page goes on to say that the word ""renard"" (French for ""fox"") comes from Reinhard! Reinhard was the name of the fox (originally ""goupil"" in French) in a famous story ""Reynard the fox"", but due to the popularity of the fox character, the French name for fox became ""renard"" instead of ""goupil"".\n\n""Reinhard  : Voir Renard pour le sens. Le nom est porté en Alsace-Lorraine. Variantes : Reinhardt, Reinhart, Reinharth, Reinard, Reinardt, Reinartz, Reinert, Reinertz.""\n\n""Renard, Renart   Nom de personne d'origine germanique, Raginhard (ragin = conseil + hard = dur). Faut-il le rappeler, le nom commun renard est au départ un prénom, et c'est la popularité du goupil, nommé Renart dans le célèbre roman médiéval, qui en a fait peu à peu un nom commun.""\n\nThe English version has less information regarding the names:\n\nhttp://en.wikipedia.org/wiki/Reynard\n\nSo you can just ask people to call you ""Fox"". :-)"
234,"Mecenato

Mecenato is an international network of people who set out together with the objective of improving the way creative services are commissioned produced and delivered. Mecenato was born as an entity in Dubai in 2013 out of the desire to create more value for brands and companies while finding a way to create less unnecessary friction."
235,"Dashboard Hula Girl Records

Dashboard Hulagirl Records is a Seattle-based independent American record label founded in 1989 by Trev Dellinger and Chris Swenson. The label released several LPs EPs and singles before folding in 1992. The label's most influential release was an all-local Seattle covers compilation tribute to punk rock group The Damned Another Damned Seattle Compilation."
236,"Japan nuclear firm shuts plants The company running the Japanese nuclear plant hit by a fatal accident is to close its reactors for safety checks.

Japan nuclear firm shuts plants The company running the Japanese nuclear plant hit by a fatal accident is to close its reactors for safety checks."
237,"International Group Teams Against Spam Task force plans antispam campaign, from education to cross-border legal efforts.

International Group Teams Against Spam Task force plans antispam campaign, from education to cross-border legal efforts."
238,"RJ Lee Group

RJ Lee Group Inc. is a materials characterization laboratory and industrial forensics consulting firm employing more than 300 scientists engineers technicians and support staff at locations in Monroeville PA Waynesburg PA Pasco WA and Oak Ridge TN. The company specializes in scientific support of four areas of interest: analytical laboratory testing industrial forensics consultation and failure analysis litigation support and laboratory informatics."
239,"Safety Net (Forbes.com) Forbes.com - After earning a PH.D. in Sociology, Danny Bazil Riley started to work as the general manager at a commercial real estate firm at an annual base salary of  #36;70,000. Soon after, a financial planner stopped by his desk to drop off brochures about insurance benefits available through his employer. But, at 32, ""buying insurance was the furthest thing from my mind,"" says Riley.

Safety Net (Forbes.com) Forbes.com - After earning a PH.D. in Sociology, Danny Bazil Riley started to work as the general manager at a commercial real estate firm at an annual base salary of  #36;70,000. Soon after, a financial planner stopped by his desk to drop off brochures about insurance benefits available through his employer. But, at 32, ""buying insurance was the furthest thing from my mind,"" says Riley."
240,"Catwoman far from perfect The Catwoman game is a major disappointment that feels like a pointless tie-in with the film.

Catwoman far from perfect The Catwoman game is a major disappointment that feels like a pointless tie-in with the film."
241,"Photon Kathaas

Photon Kathaas is an Indian film production company led by director Gautham Menon. It was established in 2010 by Menon along with Venky Somasundaram and Reshma Ghatala who since work as the co-promoters."
242,"Can anyone list the short name of the common names?

Al - Albert, Alfred, Alan<br />\nBob - Robert <br />\nBeth - Elizabeth <br />\nBill(y) - William <br />\nCathy - Catherine <br />\nChris - Christopher<br />\nDeb(bie) - Deborah, Debra <br />\nDick(y)(ie) - Richard <br />\nDon(nie)(y) - Donald<br />\nDom - Domenic, Dominic <br />\nEd(die)(dy) - Edward<br />\nFred(dy)(die) - Frederick<br />\nJim(my)(mie) - James <br />\nJoe(y) - Joseph <br />\nKate - Katherine  <br />\nKim - Kimberl(e)y <br />\nLarry - Lawrence <br />\nLiz - Elizabeth <br />\nMaggie(y) - Margaret <br />\nMargy(ie) - Margaret<br />\nMatt(y)(ie) - Matthew <br />\nMike - Michael <br />\nNick - Nicholas <br />\nPeggy - Margaret <br />\nPhil - Phillip/Philip <br />\nPete - Peter <br />\nRick(y) - Richard<br />\nRay - Raymond <br />\nRon(ny)(ie) - Ronald, Veronica <br />\nSteve - Steven, Stephen <br />\nTina - Christina<br />\nTim(my) - Timothy <br />\nTom(my) - Thomas<br />\nTory(ie) - Victoria <br />\nWill(ie)(y) - William<br />\nVic - Victor <br />\nVin(nie)(ny) - Vincent<br />\nVal - Valerie"
243,"Long-awaited Doom 3 hits the UK Doom 3 goes on sale in the UK at a time of renewed concerns over violence in video games.

Long-awaited Doom 3 hits the UK Doom 3 goes on sale in the UK at a time of renewed concerns over violence in video games."
244,"How did Calvin and Hobbes meet?

In the very first strip, Hobbes is caught by Calvin in a tiger trap that is baited with a Tuna fish sandwich.  From that strip on, they know each other, so that's probably the best description of how they met."
245,"Biometrics Creeping Into Everyday Life for Americans Stuffing something in a public locker usually isn't a memorable experience. You drop a coin, take the key and move on. But at the Statue of Liberty, recently reopened after a two-year closure, stashing a package offers a glimpse into the future. To rent, close and reopen lockers, visitors touch an electronic reader that scans fingerprints.

Biometrics Creeping Into Everyday Life for Americans Stuffing something in a public locker usually isn't a memorable experience. You drop a coin, take the key and move on. But at the Statue of Liberty, recently reopened after a two-year closure, stashing a package offers a glimpse into the future. To rent, close and reopen lockers, visitors touch an electronic reader that scans fingerprints."
246,"Putting Your Own Stamp On All Your Parcels Fido the Stamp is here. Well, he could be -- all it takes is for one dog owner to snap a digital photo of his beloved pooch, submit it to the Stamps.com Web site and order personalized postage. &lt;FONT face=""verdana,MS Sans Serif,arial,helvetica"" size=""-2""\ color=""#666666""&gt;&lt;B&gt;-Leslie Walker&lt;/b&gt;&lt;/font&gt;

Putting Your Own Stamp On All Your Parcels Fido the Stamp is here. Well, he could be -- all it takes is for one dog owner to snap a digital photo of his beloved pooch, submit it to the Stamps.com Web site and order personalized postage. &lt;FONT face=""verdana,MS Sans Serif,arial,helvetica"" size=""-2""\ color=""#666666""&gt;&lt;B&gt;-Leslie Walker&lt;/b&gt;&lt;/font&gt;"
247,"Where is the hottest place on earth?

On September 13, 1922, El Azizia in Libya recorded a temperature of 136 degrees Fahrenheit (57.8 Celsius)!  Death Valley in California makes for a close second, though.  On July 10, 1913, it got up to 134 Fahrenheit.  Whew.  That is HOT.  Best,\n\n`k."
248,"Columnists: The Panacea of Information Security Step away from all the vendor hype. The one device that will always be the best tool for information security is a competent security professional.

Columnists: The Panacea of Information Security Step away from all the vendor hype. The one device that will always be the best tool for information security is a competent security professional."
249,"Who wrote the screen play for ""The Big Lebowski""?

The Coen brothers: Ethan and Joel. Joel also directed the movie. And together, they've written other off-beat films like ""Fargo"", ""O Brother, Where Art Thou?"" and more."
250,"BakerHostetler

BakerHostetler is an American law firm founded in 1916. One of the firm's founders Newton D. Baker was U.S. Secretary of War during World War I and former Mayor of Cleveland Ohio United States.In 2009 the firm was rated the 85th largest law firm in the world."
251,"When is Thanksgiving celebrated in Canada?

In October."
252,"what is the reason for the increasing divorce percentage in the western world?

IMO... our lives are much more complex than our equivalents from 50 years ago and thus it's more likely for married people to grow in different directions over time (values, needs, etc.). Add to that how easy and acceptable it is to get a divorce, and how quick we are to dispose of things that we no longer want, and you get an increasing percentage.\nI wouldn't be surprised if in the not too distant future the average length of a marriage drops to ~5 years and the average number of marriages per person increases to 2+.\nA parallel to consider: how many different circles of friends do you have and how often have you joined new ones and left others behind over your life? (grade school, high school, college, jobs, etc.). We are a nomadic species. :)"
253,"Where is the best place to cycle in San Francisco?

Around the Embarcadero and into the Presidio, then aound Ocean Beach and back through GG Park."
254,"Gordon Food Service

Gordon Food Service (GFS) is the largest privately held foodservice distributor in North America with sales of $5.5 billion in 2007 and expected to finish 2012 with over $10 billion. Headquartered in Grand Rapids Michigan[1] GFS has GFS Marketplace stores in the states of Florida Illinois Indiana Kentucky Michigan Ohio Pennsylvania and Tennessee."
255,"Eko India Financial Services

Eko India Financial Services Pvt. Ltd. is an Indian financial service company which is a business correspondent (BC) service for State Bank of India (SBI) ICICI Bank India's two largest banks and Yes Bank India's youngest private bank and provides no-frills bank accounts and deposit withdrawal and remittance services to customers (nearly 80% of whom are migrants or the unbanked section of the population) through mobile banking."
256,"Sanzaru Games

Sanzaru Games is a video game development company founded in 2007 in California. Their first game was Ninja Reflex released on March 1 2008 for PC Nintendo DS and Wii. Their second game was a port of the High Impact Games developed PlayStation Portable game Secret Agent Clank released on May 26 2009 for PlayStation 2."
257,"Simultaneous Tropical Storms are Very Rare The prospect that a tropical storm and a hurricane - or possibly two hurricanes - could strike Florida on the same day is something meteorologists say they have never seen. ""It's almost unheard of,"" state meteorologist Ben Nelson said.

Simultaneous Tropical Storms are Very Rare The prospect that a tropical storm and a hurricane - or possibly two hurricanes - could strike Florida on the same day is something meteorologists say they have never seen. ""It's almost unheard of,"" state meteorologist Ben Nelson said."
258,"The Mortgage Banker Group Inc.

The Mortgage Banker Group Inc. (TMBG Inc.) is a private mortgage bank and support group based out of Everett Washington United States that lends money to potential home buyers."
259,"Who holds the single season rushing yards in NFL?

While it is true that Eric Dickerson holds the single season *total* rushing yards record, he accomplished this in a 16-game season. On the other hand, O.J. Simpson is the only player in NFL history to break the 2,000 yard barrier in a single 14-game season. O.J. Simpson gained 143 yards per game in his record-breaking season, while Dickerson only gained 131 yards per game in his. So, the answer depends on whether you are interested in total yards or yards per game."
260,"Vietnam's Citadel Vulnerable to Weather (AP) AP - Experts from Europe and Asia surveyed 1,400-year-old relics of an ancient citadel in Hanoi Tuesday and said they were concerned the priceless antiquities were at risk from exposure to the elements.

Vietnam's Citadel Vulnerable to Weather (AP) AP - Experts from Europe and Asia surveyed 1,400-year-old relics of an ancient citadel in Hanoi Tuesday and said they were concerned the priceless antiquities were at risk from exposure to the elements."
261,"Why would Big Ten keep its name inspite of adding a 11th school?

i would think to keep the ""brand"" recognition and the history of the Big Ten. the conference has invested a lot in building the Big Ten name as well as any merchandising and corporate sponsorship."
262,"Where can I get antivirus software if I don't have it installed?

You should either get AVG Free or AntiVir Personal Edition (also free). Both of them are excellent and easy to use."
263,"Pretty Log4J \\I've been a big fan of Log4J  for a while now but haven't migrated any code\over for one central reason.  The following line of code:\\    final static Logger logger = Logger.getLogger( ""some.name"" );\\... is amazingly ugly and difficult to work with.\\Most people use Log4J with a logger based on the classname:\\So we would probably see:\\    static Logger logger = Logger.getLogger( ""org.apache.commons.feedparser.locate.FeedLocator"" );\\Which is amazingly verbose.  A lot of developers shorten this to:\\    static Logger logger = Logger.getLogger( FeedLocator.class );\\But this still leaves us with cut and paste errors.\\What if we could just reduce it to:\\    static Logger logger = Logger.g ...\\

Pretty Log4J \\I've been a big fan of Log4J  for a while now but haven't migrated any code\over for one central reason.  The following line of code:\\    final static Logger logger = Logger.getLogger( ""some.name"" );\\... is amazingly ugly and difficult to work with.\\Most people use Log4J with a logger based on the classname:\\So we would probably see:\\    static Logger logger = Logger.getLogger( ""org.apache.commons.feedparser.locate.FeedLocator"" );\\Which is amazingly verbose.  A lot of developers shorten this to:\\    static Logger logger = Logger.getLogger( FeedLocator.class );\\But this still leaves us with cut and paste errors.\\What if we could just reduce it to:\\    static Logger logger = Logger.g ...\\"
264,"Suretrade

SURETRADE was a Bristol Rhode Island–based investment firm created in 1997 as one of the first online brokers of the dot com era. Before being absorbed by Fleet Boston's Quick & Reilly in 2001 the Rhode Island firm grew to having over 350000 customers and nearly $2 billion in assets."
265,"StudentUniverse

StudentUniverse is a technology company that provides students with deals primarily focusing on air fares and lodging. It is one of the two largest discount student travel sellers in the world. Its service went live in 2000 and the company is based in Waltham Massachusetts. It has proprietary verification technology that allows it to verify student status."
266,"VoIP gaining ground, despite cost concerns The voice-over-IP market is growing, and by next year, 50 of all lines installed in the U.S. are expected to rely on VoIP technology -- despite continuing concerns that installations can be costly.

VoIP gaining ground, despite cost concerns The voice-over-IP market is growing, and by next year, 50 of all lines installed in the U.S. are expected to rely on VoIP technology -- despite continuing concerns that installations can be costly."
267,"What is the meaning behind the song ""the reflex"" by Duran Duran?

From the sourced website:\n\n""The Reflex"", Duran Duran\nI, being a HUGE Duran Duran fan, can shed some light on this song. Back in the 80's when I had the word book for the album and meanings, this song simply was about a person being on stage, forgetting words and making them up as he went along. Take for instance ""I'm on a ride and I want to get off/but they won't slow down around the bout, I sold the Renoir and the tv set/don't want to be around when this gets out"". Hope this can shed some light that not all Duran Duran songs are about sex."
268,"What is the best YMU-compatible mp3 player out there?

You should definitely check out Creative's new Zen Vision. I don't have that model (it's new), but I have the Creative Zen Micro and like it a lot."
269,"Why do people have the bird, turkey for thanksgiving?

It is believed that the pilgrims and indians shared wild turkey and venison on the original Thanksgiving. \n\nTurkey's ""Americanness"" was established by Benjamin Franklin, who had advocated for the turkey, not the bald eagle, becoming the national bird."
270,"Heat Turned Up on Streaming Video Patents By JUSTIN POPE     (AP) -- After a recent legal setback, a California company that claims its patents cover the streaming video technology used by adult Web sites is boosting efforts to collect money from a very different group of streaming video users: colleges and universities.    Newport Beach, Calif.-based Acacia Media Technologies Corp...

Heat Turned Up on Streaming Video Patents By JUSTIN POPE     (AP) -- After a recent legal setback, a California company that claims its patents cover the streaming video technology used by adult Web sites is boosting efforts to collect money from a very different group of streaming video users: colleges and universities.    Newport Beach, Calif.-based Acacia Media Technologies Corp..."
271,"Walkers Limited

Walkers Limited was an Australian engineering company based in Maryborough Queensland. It built ships and railway locomotives. The Walkers factory still produces railway locomotives and rolling stock as part of Downer Rail."
272,"Should T.O. be allowed to play for Eagles or any other team this season?

He deserves the punishment he's been given.  Let him sit it out this year (and still get paid a ridculous sum of money) and maybe that will set him straight.\n\nGreat player, I agree, but calling your teammates out on a regular basis isn't cool.  The Eagles did what was right."
273,"Hungry world 'must eat less meat' People will need to eat more vegetables and less meat because of dwindling water supplies, scientists say.

Hungry world 'must eat less meat' People will need to eat more vegetables and less meat because of dwindling water supplies, scientists say."
274,"Sony zooms in with new TV tech Electronics giant develops new television technology to attack core business from a new angle.

Sony zooms in with new TV tech Electronics giant develops new television technology to attack core business from a new angle."
275,"Method Studios

Method Studios is a visual effects company founded in 1998 and located in Los Angeles California with facilities in Vancouver New York Chicago Detroit Atlanta London Sydney and Melbourne. Method Studios services high-end feature film commercial television games music video and motion graphics clients in the global marketplace."
276,"Kimi Records

Kimi Records is an Icelandic independent record label and distribution company."
277,"Illegal Records

Illegal Records is a record label founded by Miles Copeland III with his younger brother Stewart Copeland and the manager of The Police Paul Mulligan in 1977. The label released The Police's debut single Fall Out.Copeland went on to sign more artists and start several other indie sublabels including Deptford Fun City Records Step-Forward Records and Total Noise Records."
278,"Can I use 26"" mountain bike rims for my cyclocross-frame bike?

The 26"" wheels won't work. They're slightly smaller in diameter than a 700c wheel–that's what cyclocross frames are built to take. Back in the late 80's/early 90's you could get clamp-on cantilever brake mounts from Moots, but I don't know that they make those anymore. And regardless, if you were to do that, you'd also be dropping the overall height of your bike. This in turn would mean that your bottom bracket would also be lower to the ground. That's counterproductive in terms of cyclocross applications, where you want a higher bottom bracket than you would on a road bike (for clearence issues).\n\nThere's some good general information on equipment on Dave Carr's Cross Page (listed below). Good luck!"
279,"Southern Shorthaul Railroad

Southern Shorthaul Railroad is an Australian provider of motive power hauling trains in New South Wales and Victoria."
280,"Is there a way in MS Excel to have a cell be equal to multiple cells? e.g.= D3 and D5, where d3 & 5 are words?

Use the CONCATENATE function, with one of the arguments being "", ""\n\nThe formula you end up with should look something like this:\n=CONCATENATE(D3,"", "",D5)"
281,"South Korea lowers interest rates South Korea's central bank cuts interest rates by a quarter percentage point to 3.5 in a bid to drive growth in the economy.

South Korea lowers interest rates South Korea's central bank cuts interest rates by a quarter percentage point to 3.5 in a bid to drive growth in the economy."
282,"Melbourne - Brighton Bus Lines

Melbourne - Brighton Bus Lines was a bus and coach operator in Melbourne Australia."
283,"What do I need to open PDF files?

You need Adobe Acrobat Reader:  http://www.adobe.com/products/acrobat/readermain.html"
284,"Which came first, the chicken or the egg?

1.  Dinosaurs laid eggs millions of years ago.\n2.  Chickens weren't around millions of years ago.\n3.  Therefore, eggs came first.\n4.  Later, egg-laying birds evolved into chickens."
285,"Science, Politics Collide in Election Year (AP) AP - With more than 4,000 scientists, including 48 Nobel Prize winners, having signed a statement opposing the Bush administration's use of scientific advice, this election year is seeing a new development in the uneasy relationship between science and politics.

Science, Politics Collide in Election Year (AP) AP - With more than 4,000 scientists, including 48 Nobel Prize winners, having signed a statement opposing the Bush administration's use of scientific advice, this election year is seeing a new development in the uneasy relationship between science and politics."
286,"BUF Compagnie

BUF Compagnie is a French visual effects company specializing in CGI for feature films commercials and music videos."
287,"which was the best national team ever in a FIFA World Cup?

Brazil 1970"
288,"What is an ""imaginary number""?

Imaginary numbers are numbers than when squared equal a negative number, as in i^2 = -1, where i is the imaginary number. You'll also often see them represented as i = √-1 (that's the square root of -1).\nDon't be confused by the poorly chosen name - imaginary numbers do indeed exist and are used in advanced math, such as in the physics of electromagnetic fields. The analogy that Wikipedia uses is a good one - just like you don't need the concept of fractions to count stones, it doesn't mean that fractions don't exist. :)"
289,"What are the qualities that a good friend should have?

kind, honest, loyal, respectful, etc.  A good friend should treat friends the way he/she wants to be treated.  He/she must keep must know how to keep promises.  He/she must listen when a friend is talking.   He/she must know how to share.  He/she must be considerate."
290,"Who Will be the League MVP this Year?

The only correct answer from anybody is that they do not know.  The league awards tend to shape up after the All-Star break.  Later on in the season would be a better time to ask."
291,"Satellite boosts Olympic security An enhanced satellite location system aims to help Olympic security guards react more quickly to emergencies.

Satellite boosts Olympic security An enhanced satellite location system aims to help Olympic security guards react more quickly to emergencies."
292,"Westinghouse Electric Company

Westinghouse Electric Company LLC is a US based nuclear power company controlled by the Toshiba Group offering nuclear products and services to utilities internationally including nuclear fuel service and maintenance instrumentation control and design of nuclear plants. As of 2014 Westinghouse builds and operates approximately one-half of the world's operating nuclear plants. Westinghouse's world headquarters are located in Cranberry Township Butler County Pennsylvania United States."
293,"What was Alfred Hitchcock's contribution to the movie industry?

Hitchcock directed, produced and wrote some of the greatest suspense films of all time. His career spanned from the 1920's to the 1970's. His classic films include ""Psycho"", ""Rear Window"", ""Vertigo"", ""North by Northwest"", and ""The Birds"". He also hosted two groundbreaking suspense anthology series on television. \n\nIt would be difficult to overstate the influence Hitchcock had on the industry. His showmanship, his cinematography and his approach to suspense are felt to this day, recently in Gus Van Sant's shot-by-shot recreation of ""Psycho""."
294,"Horry Telephone Cooperative

Horry Telephone Cooperative (HTC) is a telecommunications cooperative based in Horry County South Carolina. HTC was founded in 1952 to serve the rural areas of Horry County where it was cost prohibitive for national telephone companies to provide service.On August 2 2012 HTC announced a 20-year naming rights deal for Coastal Carolina University's Student Recreation and Convocation Center. The facility will be called The HTC Center."
295,"What is the best place to get guitar lessons in the South Bay Area?

It's really according to what you are looking for. Certain teachers specialize in acoustic vs. electric (for example). Your best bet is to place a request on a service such as Click For Lessons that will show you several teacher bios and let you decide for yourself."
296,"Ambac

The Ambac Financial Group Inc. generally known as Ambac (originally the American Municipal Bond Assurance Corporation) is an American holding company. Its subsidiaries provide financial guarantee products such as bond insurance and other financial services to clients in both the public and private sectors around the world. Its common stock and common stock purchase warrants are listed on the Nasdaq stock market under the symbols AMBC and AMBCW respectively."
297,"Presses polytechniques et universitaires romandes

The Presses polytechniques et universitaires romandes (PPUR literally Polytechnic and university press of French-speaking Switzerland) is a Swiss academic publishing house.It is based in Lausanne on the Lausanne campus in the Rolex Learning Center.The Presses polytechniques et universitaires romandes has an English-language imprint called EPFL Press."
298,"Midsummer Madness

Midsummer Madness are a Brazilian independent record label based in Rio de Janeiro. The label began life in 1989 as a photocopied fanzine then in 1991 they first branched into releasing music when they included a cassette compilation album with the fourth edition of the 'zine. In 1994 a second cassette was issued with the fifth 'zine."
299,"Blu-ray Disc spec approved Next-generation DVD specification approved, clearing way for manufacturers to produce read-only disks.

Blu-ray Disc spec approved Next-generation DVD specification approved, clearing way for manufacturers to produce read-only disks."
300,"IBM's mainframe momentum continues Big Blue's ""dinosaur"" mainframe business gets a boost with a European customer consolidating SAP applications using Linux.

IBM's mainframe momentum continues Big Blue's ""dinosaur"" mainframe business gets a boost with a European customer consolidating SAP applications using Linux."
301,"Is the song, ""Puff the Magic Dragon"" really about drugs?

Snopes.com says NO, it's about the loss of childhood innocence."
302,"Should US computer programmers be worried about outsourcing trend to India and other countries?

Yes, not any time soon, but expect the trend to increase as companies find ways to reduce costs. Get into management and your job will be saved."
303,"Æon Group

Æon Group or Aeon Group (イオングループ Ion Gurūpu) is a group of retail and financial services companies based in Chiba Japan which is centered on Æon Co. Ltd. It has sister companies in Mainland China Hong Kong Indonesia and Malaysia and also trades under the JUSCO name."
304,"Scripps Networks Interactive

Scripps Networks Interactive Inc. is an American media company formed on July 1 2008 when the E. W. Scripps Company spun off its cable television division as a publicly traded company."
305,"How the human species evolved?

A tough question as it overlaps science and theology. Since you asked ""how the human species evolved?"" I'll assume you're interested in the scientific approach to the answer.\nThe current theory holds that Homo sapiens evolved from Hominid ancestors over the course of millions of years through a process called natural selection. Natural selection is the weeding and advancement of species variants over time based on the fit in that species' then current environments. The pressures for ""fit"" are competitive (with each other, with other tribes, and with other animals) and environmental (weather, terrain, availability of food, etc.). These factors all contributed to the development of our higher brain, which we now use to evolve as a global collective through communication & technology."
306,"Anonymizer (company)

Anonymizer Inc. is an Internet privacy company founded in 1995 by Lance Cottrell author of the Mixmaster anonymous remailer. Anonymizer was originally named Infonex Internet. The name was changed to Anonymizer in 1997 when the company acquired a web based privacy proxy of the same name developed by Justin Boyan at Carnegie Mellon University School of Computer Science."
307,"Junee Railway Workshop

Junee Railway Workshop is an accredited rail operator that maintains and repairs locomotives and rolling stock from its base at Junee Locomotive Depot."
308,"The Austral-Asian Strike Fighter The Australian Defence Force must defend and project across an air-sea gap. This requires long range autonomous strike weaponry. The Joint Strike Fighter does not solve this issue and detrimentally places added pressure on Australia's limited force of aerial refuelling assets. The world's defence manufacturers are not creating strike platforms that solve Australian needs. For this reason, Australia needs to look to other nations with similar defence needs. In this case, Japan, South Korea and Taiwan all face defending an air-sea gap. Australia should enter a partnership with these nations to create a strike fighter that satisfies the strategic needs of defending an air-sea gap. The benefits of such a partnership will be many.

The Austral-Asian Strike Fighter The Australian Defence Force must defend and project across an air-sea gap. This requires long range autonomous strike weaponry. The Joint Strike Fighter does not solve this issue and detrimentally places added pressure on Australia's limited force of aerial refuelling assets. The world's defence manufacturers are not creating strike platforms that solve Australian needs. For this reason, Australia needs to look to other nations with similar defence needs. In this case, Japan, South Korea and Taiwan all face defending an air-sea gap. Australia should enter a partnership with these nations to create a strike fighter that satisfies the strategic needs of defending an air-sea gap. The benefits of such a partnership will be many."
309,"Elron Electronic Industries

Elron Electronic Industries is a technology holding company based in Haifa Israel; since 1962 the company has been involved in setting up funding and developing over 30 companies and is considered one of the foundation stones of the high-tech industry in Israel. The company's sectors of interest include: Clean technology software semiconductors medical technology telecommunications defence and aerospace."
310,"What are the effects of parental favoritism?

From my personal experience, I've seen parental favoritism cause lifetime effects. \nMy mom's brother was the favorite- she was the least favored. 50 years later, she still struggles with feeling inadequate and has a hard time trusting people. Because of this, she has a hard time maintaining friendships and family relationships.\nMy grandmother and her sister were treated differently by my great-grandfather. My grandmother was treated as the most special. Her sister was expected to do chores, take care of the family etc. She ended up being the dependable, reliable one because she developed her independence. She also never forgave her father or her sister for their unfair treatment. My grandmother grew up needing others to take care of her.\nThis is a pattern I've seen. Those that are favored end up developing few of their skills and talents. Many times they grow up becoming more concerned about pleasing other people. And many times they don't know how to take care of themselves.\nThose that are disfavored can become strongly independent, but they may also have weaknesses in their ability to trust others and form lasting relationships. What is true is that favoritism has an unhealthy emotional impact on all children, whether favored or not.\nA good book that deals with this subject is The Emotional Incest Syndrome : What to do When a Parent's Love Rules Your Life, by Dr. Patricia Love."
311,"Tesco

Tesco PLC is a British multinational grocery and general merchandise retailer headquartered in Cheshunt Hertfordshire England United Kingdom. It is the second-largest retailer in the world measured by profits (after Wal-Mart) and second-largest retailer in the world measured by revenues (after Walmart)."
312,"Steady as they go BEDFORD -- Scientists at NitroMed Inc. hope their experimental drugs will cure heart disease someday. But lately their focus has been on more mundane matters.

Steady as they go BEDFORD -- Scientists at NitroMed Inc. hope their experimental drugs will cure heart disease someday. But lately their focus has been on more mundane matters."
313,"What color do you paint the town when you go partying around the it?

red"
314,"looking for a good spa in the SF bay area

Nob Hill Spa downstairs from the Huntington Hotel. They offer couples massages, and have spa cuisine available next to their lovely pool."
315,"SCE Studio Liverpool

SCE Studio Liverpool was a video game development house headquartered at Wavertree Technology Park in Liverpool England. It was part of Sony Computer Entertainment Worldwide Studios. Founded in 1984 as Psygnosis by Jonathan Ellis Ian Hetherington and David Lawson the company later became a wholly owned subsidiary of Sony Computer Entertainment and at the time of its closure employed roughly 100 individuals comprising two development teams."
316,"Nation-E

Nation-E is a privately owned international ICT company specializing in developing energy solutions. Nation-E was founded in 2010 and is currently being directed from Israel where owner and founder Daniel Jammer a German-Israeli business man resides in addition to branches in Germany USA and Poland. In 2014 Mr. Daniel Jammer was dubbed one of the leading cyber security figures in Israel by Globes Israel’s leading business magazine."
317,"Ping (golf)

PING is an American brand of premium golf equipment as well as one of the largest of the remaining American manufacturers of golf clubs based in Phoenix Arizona founded by Karsten Solheim who was an engineer at the General Electric company. In 1959 he started making his own putters in his garage in Redwood City California. In 1967 because of increasing demand for his putters he resigned his job at General Electric in order to fully develop the PING company."
318,"What ever happened to Ask Jeeves??? Was those questions answered by real people also?

Ask Jeeves is still around. They recently renamed it as ask.com. It has been recently bought by InterActiveCorp  which also owns match.com.\nAFAIK Ask Jeeves questions are not answered by real people. There are sure some editotial stuff on its database."
319,"Which singer has the largest number of records

I think that it is Bruce Springsteen"
320,"Olympic IT security requires advance planning If there's one thing the Atos Origin SA team understands as lead contractor for the Olympic IT infrastructure, it's that you must learn from your mistakes.

Olympic IT security requires advance planning If there's one thing the Atos Origin SA team understands as lead contractor for the Olympic IT infrastructure, it's that you must learn from your mistakes."
321,"Teo LT

Teo LT (until 2006 called Lietuvos Telekomas) is a telecommunications company in Lithuania."
322,"PennWell

PennWell Corporation is a family-owned diversified business-to-business publisher founded in 1910 and based in Tulsa Oklahoma.PennWell publishes 45 business-to-business magazines and newsletters conducts over 60 conferences and exhibitions on six continents and has an extensive offering of books maps directories and database services. In 2011 it acquired a data mapping company and also expanded its publications in the technology field."
323,"Can someone tell me what happened in Buffy's series finale?

The gang makes an attack on the First's army, aided by Willow, who performs a powerful spell to imbue all of the Potentials with Slayer powers. Meanwhile, wearing the amulet that Angel brought, Spike becomes the decisive factor in the victory, and Sunnydale is eradicated. Buffy and the gang look back on what's left of Sunnydale, deciding what to do next...\n--but more importantly, there will no longer be any slaying in Sunnydale, or is that Sunnyvale...."
324,"Boyner

Boyner Büyük Mağazacılık A.Ş. (operating as Boyner) is a Turkish retail company known for its textile offerings for women men teenagers and children. It has 68 stores in 29 cities in Turkey and as of 2010 employed around 2800 people."
325,"Quality Gets Swept Away Quality Distribution is hammered after reporting a large loss for the second quarter.

Quality Gets Swept Away Quality Distribution is hammered after reporting a large loss for the second quarter."
326,"East Air

East Air is a privately-owned airline based in Qurghonteppa Tajikistan. The airline operates regular flights from Qurghonteppa and Kulob to Russia."
327,"Who is the most famous woman athlete of all time?

Historically I believe it would be  Babe Didrikson Zaharias, who was a golfer and olympic track star.\n\nAnswers.com's bio says: "" Mildred 'Babe' Didrikson Zaharias was voted the outstanding woman athlete of the century in a 1950 Associated Press poll. Though she gained her greatest professional fame as a golfer, she rivalled Jim Thorpe in her remarkable ability to excel at nearly any sport. She began as a basketball All-American, then won two track and field golds at the 1932 Olympics. Next she turned professional and began touring the country, exhibiting her prowess in track, swimming, tennis, baseball, and even billiards. In 1935 Zaharias took up golf and excelled at that, too, winning 82 tournaments in a 20-year career. She was only 42 when she died of cancer in 1956."""
328,"Uptime Institute

Since 1993 Uptime Institute LLC is a consortium of companies that engage in education publications consulting certifications conferences and seminars for the enterprise data center industry and for data center professionals. It is best known for its widely adopted tier certifications of data centers."
329,"Microsoft touts 'Sender ID' to fight spam, scams Proposed tech standard would verify senders' IP addresses to cut malicious phishing and annoying Viagra pitches.

Microsoft touts 'Sender ID' to fight spam, scams Proposed tech standard would verify senders' IP addresses to cut malicious phishing and annoying Viagra pitches."
330,"Doctors Place Hope in Baby Pacemaker Devices By LAURAN NEERGAARD      WASHINGTON (AP) -- Four-month-old Damaris Ochoa was near death, born with an enlarged heart that was quickly giving out. Obtaining a transplant in time was a long shot...

Doctors Place Hope in Baby Pacemaker Devices By LAURAN NEERGAARD      WASHINGTON (AP) -- Four-month-old Damaris Ochoa was near death, born with an enlarged heart that was quickly giving out. Obtaining a transplant in time was a long shot..."
331,"J. D. Power and Associates

J.D. Power and Associates is an American-based global marketing information services firm founded in 1968 by James David Power III. The firm conducts surveys of customer satisfaction product quality and buyer behavior for industries ranging from cars to marketing and advertising firms. The firm is best known for its customer satisfaction research on new-car quality and long-term dependability."
332,"Sunrun

Sunrun Inc. is a United States-based provider of residential solar electricity headquartered in San Francisco California. The company operates in eleven states: Arizona California Colorado Hawaii Massachusetts Maryland New Jersey New York Pennsylvania Oregon and Connecticut. Sunrun was co-founded in January 2007 by Nat Kreamer Ed Fenster and Lynn Jurich. Fenster and Jurich met while at Stanford Graduate School of Business and currently serve as the firm's Co-CEO's."
333,"Guardian Assurance Company

The Guardian Assurance Company was a very large British insurance company."
334,"How much do sound cards cost?

Sound cards vary depending on their quality. They also vary in price by how many channels they support, I.E. Some only support 5.1 surround, and others can handle 7.1. They generally vary in price from $50 - $200.\n\nNewEgg has great deals on computer hardware. I recommend buying from them, and you can browse through their products and read reviews of people who have purchased them.\n\nhttp://www.newegg.com/ProductSort/Category.asp?Category=36"
335,"What are the most popular blogging tools?

I have a lot of friends that use Xanga, and they have tons of features that make them very popular.  I know that Yahoo 360 has a new service avaliable but I haven't use it yet.  I have, however, read the Yahoo Answers Team 360 Blog and it seems to be alright."
336,"Skateboarding Offers a Tough Workout By KRISTA LARSON     SAYREVILLE, N.J. (AP) -- While the tennis courts at Kennedy Park are bare on a hot afternoon, parents keep dropping off teenagers at the skate park, home to all the day's action...

Skateboarding Offers a Tough Workout By KRISTA LARSON     SAYREVILLE, N.J. (AP) -- While the tennis courts at Kennedy Park are bare on a hot afternoon, parents keep dropping off teenagers at the skate park, home to all the day's action..."
337,"Which came first, the chicken or the egg?

Evolutionary theory seems to point toward the egg being first. All animals on earth mutated and evolved from the first life forms. It's likely that the first chicken as we know it today hatched after eons of genetic mutations and changes."
338,"Which player led the USA Basketball team (original Dream Team) in scoring in the 1992 Olympics in Barcelona?

Charles Barkley with 144 points (18.0 avg)."
339,"Simultaneous Tropical Storms a Rarity (AP) AP - The prospect that a tropical storm and a hurricane  #151; or possibly two hurricanes  #151; could strike Florida on the same day is something meteorologists say they have never seen.

Simultaneous Tropical Storms a Rarity (AP) AP - The prospect that a tropical storm and a hurricane  #151; or possibly two hurricanes  #151; could strike Florida on the same day is something meteorologists say they have never seen."
340,"Armadillo Aerospaces X Prize Prototype Crashes (SPACE.com) SPACE.com - Armadillo Aerospace of Mesquite, Texas has reported a \crash last weekend of their prototype X Prize rocket.

Armadillo Aerospaces X Prize Prototype Crashes (SPACE.com) SPACE.com - Armadillo Aerospace of Mesquite, Texas has reported a \crash last weekend of their prototype X Prize rocket."
341,"When will Her Majesty be released in Dvd format?

It's already available in Australia, if your DVD player can handle PAL:"
342,"Carzonrent

Carzonrent (India) Private Limited (CIPL) is an Indian car rental company with its headquarters in New Delhi India. Carzonrent operates a fleet of over 6500 cars in India covering New Delhi Mumbai Bangalore Hyderabad Ahmedabad Chennai Gurgaon Jaipur Kolkata Noida Pune Ghaziabad and Faridabad.The company was founded by Rajeev K. Vij in year 2000 and caters to over 6000000 customers annually."
343,"Search Engine Forums Spotlight Links to this week's topics from search engine forums across the web: SEMPO Next Steps   Mike Grehan's Second SEMPO Article - Overture Bidding Cap - PPC Question for Merchants - SEO Firm Ordered to Refund Fees, Pay Fine - Tracking Past Links   Traffic? - Google Settles Overture Patent Dispute - Advice on Site Structure

Search Engine Forums Spotlight Links to this week's topics from search engine forums across the web: SEMPO Next Steps   Mike Grehan's Second SEMPO Article - Overture Bidding Cap - PPC Question for Merchants - SEO Firm Ordered to Refund Fees, Pay Fine - Tracking Past Links   Traffic? - Google Settles Overture Patent Dispute - Advice on Site Structure"
344,"Fake goods tempting young adults Young people are increasingly happy to buy pirated goods or illegal download content from the net, a survey shows.

Fake goods tempting young adults Young people are increasingly happy to buy pirated goods or illegal download content from the net, a survey shows."
345,"Olympics Could Call Out the Couch Potatoes As the 2004 Summer Olympics officially get underway Friday with an international broadcast of the opening ceremonies, health experts expect the Athens games to inspire couch potatoes to become more active. But, experts caution, amateurs, particularly sedentary ones, should not jump into a new sports activity without sufficient preparation.

Olympics Could Call Out the Couch Potatoes As the 2004 Summer Olympics officially get underway Friday with an international broadcast of the opening ceremonies, health experts expect the Athens games to inspire couch potatoes to become more active. But, experts caution, amateurs, particularly sedentary ones, should not jump into a new sports activity without sufficient preparation."
346,"What type of fresh-cut Christmas tree lasts the longest?

Fir trees. Their more expensive but it's really worth because it lasts longer."
347,"Qihoo

Qihoo 360 Technology Co. Ltd. or Qihoo 360 is a software company known for its antivirus software (360 Safeguard 360 Mobile Safe) Web Browser (360 Browsers) and Mobile Application Store (360 Mobile Assistant). It was founded by Zhou Hongyi and Qi Xiangdong in June 2005.Qihoo 360 had 450 million users for its Internet Security products and 207 million users for its Mobile Antivirus products as of December 2012."
348,"Websense

Websense is a San Diego-based company specializing in computer security softwarewhich is used by businesses and government institutions to protect their networks from cybercrime malware stop data theft prevent users from viewing sexual or other inappropriate content and discourage employees from spending time browsing non business-related websites."
349,"Wave Accounting

Wave is the brand name for a suite of online small business software products. The legal company name is Wave Accounting Inc. Wave is headquartered in the Leslieville neighbourhood in Toronto Canada and is currently being used in 200 countries.The company's first product was a free online accounting software designed for businesses with 1-9 employees."
350,"Hip Hop's Online Shop Celebrity fashion is booming. These webpreneurs are bringing it to main street

Hip Hop's Online Shop Celebrity fashion is booming. These webpreneurs are bringing it to main street"
351,"Microsoft Upgrades Software for Digital Pictures  SEATTLE (Reuters) - Microsoft Corp. &lt;MSFT.O&gt; released on  Tuesday the latest version of its software for editing and  organizing digital photographs and images to tap into  widespread demand for digital cameras and photography.

Microsoft Upgrades Software for Digital Pictures  SEATTLE (Reuters) - Microsoft Corp. &lt;MSFT.O&gt; released on  Tuesday the latest version of its software for editing and  organizing digital photographs and images to tap into  widespread demand for digital cameras and photography."
352,"What state has its capital at Hartford?

Connecticut"
353,"A New Legal Chapter for a 90's Flameout A lawsuit against Gary Winnick, the former chief of Global Crossing, refocuses attention on what Mr. Winnick knew about his company's finances as it imploded.

A New Legal Chapter for a 90's Flameout A lawsuit against Gary Winnick, the former chief of Global Crossing, refocuses attention on what Mr. Winnick knew about his company's finances as it imploded."
354,"Haas Wheat & Partners

Haas Wheat & Partners is a private equity firm focused on leveraged buyout transactions. The firm targets specialty middle-market manufacturing distribution and service companies particularly family-controlled companies and corporate spin-outs.The firm is based in Dallas Texas and was founded in 1992."
355,"What is the origin of ""foobar""?

Not sure if this is the origin, but I think it was popularized in the 1989 film ""Tango & Cash"". After Tango, played by Sylvester Stallone, and Cash, portrayed by Kurt Russell, were thrown into jail and setup in a failed jailbreak attempt, the bad guy Yves Perret (Jack Pallance) locked them in the boiler room with a bunch of felons Tango & Cash had put in jail. Prior to unleashing a can of whoop-ass, their conversation was as follows:\nGabriel Cash: I don't know about you, but I have an aversion to getting F.U.B.A.R...\nRay Tango: What's F.U.B.A.R.?\nGabriel Cash: Fucked-Up Beyond All Recognition."
356,"First House (company)

First House is a Norwegian communications and public relations company.It was founded in 2009 by communications advisor in Sparebank1 Bjørn Richard Johansen and politicians Jan-Erik Larsen Bjarne Håkon Hanssen and Ketil Lindseth. Communications advisor Per Bjørkum is also an employee. Hanssen went almost straight from the post as Minister of Health and Care Services to the communications company something which has been sharply criticized."
357,"What is paraphrasing?

Paraphrasing is when you put someone else's ideas in your own words. It's not just rewriting a paragraph or changing a few words. From the webs ite below:\nParaphrasing is:\n*your own rendition of essential information and ideas expressed by someone else, presented in a new form. \n*one legitimate way (when accompanied by accurate documentation) to borrow from a source. \n*a more detailed restatement than a summary, which focuses concisely on a single main idea. \n\nBe careful about taking a sentence and only changing a few words in it--some plagarism detecting software will catch that and call it plagarism."
358,"How do you become a judge on the Supreme Court?

There are nine seats on the United States Supreme Court. You must be nominated by the President of the United States, and confirmed by a majority in the U.S. Senate. Justices are appointed for life (except in cases of retirement or impeachment).\nIt is not necessary for that person to have experience as a judge (George W. Bush's nomination of Harriet Miers http://news.search.yahoo.com/news/search?ei=UTF-8&fl=0&fr=slv5-&p=harriet+miers+%22supreme+court%22<br />\nis not the first time a non-judge has been nominated), just a solid legal mind. Generally when a President chooses a nominee, he will look for someone whose ideals and worldview match his own. Gerald Ford famously did not make an idealogical choice when he appointed John Paul Stevens (http://www.supremecourthistory.org/04_library/subs_volumes/04_c11_f.html) <br />\nand in subsequent years was rather disappointed at some of Stevens' decisions. \nThere is a lot more information at the official Supreme Court site: http://www.supremecourtus.gov/"
359,"Scalado

Scalado is a provider of imaging technologies applications and engineering services for the camera (phone) industry. The company is a Swedish imaging software company that focuses on the wireless device industry. Scalado's CAPS is embedded in more than a billion cellphone camera devices. Scalado was acquired by Nokia in 2012."
360,"which is the more powerful crime family - the corleone's or the soprano's?

The Corleones are more powerful, hands down.\n\nand for one reason, alone: The Sopranos don't have the muscle to take out the heads of all five crime families in one swoop and live to tell about it, including the big man in Vegas and take over his operation. The Corleons are a much bigger organization with a wider network.\n\nHead to head war, \nCorleones (GF1) vs. Sopranos (S1):\nVito (or Michael) Corleone vs. Tony Soprano\nSonny vs. Christopher\nClemenza vs. Silvio\nTessio vs. Paulie\nFredo vs. Big Pussy\nBarzini vs. Junior\nand Kay vs. Carmela :-)"
361,"Revolutionizing Flow Cytometry Dr. Mario Roederer and Adam Treister at Stanford University wrote FlowJo, Mac OS X analysis software for flow cytometers, high-speed, automated microscopes. Today, some 15,000 to 20,000 cytometers in use are Mac based. Aug 3

Revolutionizing Flow Cytometry Dr. Mario Roederer and Adam Treister at Stanford University wrote FlowJo, Mac OS X analysis software for flow cytometers, high-speed, automated microscopes. Today, some 15,000 to 20,000 cytometers in use are Mac based. Aug 3"
362,"AmalBank

Amalgamated Bank Limited commonly known as AmalBank is a commercial bank in Ghana."
363,"Planet Sub

Planet Sub (or Yello Sub) is a growing QSR based in Kansas City Missouri. They are currently expanding with emphasis on franchising the brand in the United States of America. They currently have 18 corporate stores and 17 franchise locations open with 26 additional franchise units currently in development. Open markets include: Kansas City Topeka Wichita Lawrence Warrensburg Des Moines St. Louis St."
364,"Battling Robots in Japan's Pop-Culture Tech The ring sits in the spotlight of a tense, packed auditorium and the jittery fighters await the bell at their red and blue corners. Like any fight, there's always the danger of a punishing uppercut or left hook. But these boxers have even more worries  like battery failure and software bugs.

Battling Robots in Japan's Pop-Culture Tech The ring sits in the spotlight of a tense, packed auditorium and the jittery fighters await the bell at their red and blue corners. Like any fight, there's always the danger of a punishing uppercut or left hook. But these boxers have even more worries  like battery failure and software bugs."
365,"India Rethinks Plan to Send Man to Moon (AP) AP - India is rethinking its plan to send a man to the moon by 2015, as the mission would cost a lot of money and yield very little in return, the national space agency said Thursday.

India Rethinks Plan to Send Man to Moon (AP) AP - India is rethinking its plan to send a man to the moon by 2015, as the mission would cost a lot of money and yield very little in return, the national space agency said Thursday."
366,"Does anyone know any Lutheran Church in or nearby Phoenix?

Take your pick:\n\nEvangelical Lutheran Church-Grand Canyon Synod\n4423 N 24th St # 400, Phoenix, AZ\n(602) 957-3223\n\nAmerican Ev Lutheran Church\n1830 W Glenrosa Ave, Phoenix, AZ\n(602) 265-2527\n\nChrist the Redeemer Lutheran Church\n8801 N 43rd Ave, Phoenix, AZ\n(623) 934-3286\n\nLutheran Church of the Master\n2340 W Cactus Rd, Phoenix, AZ\n(602) 997-7439\n\nGood Shepherd Lutheran Church\n3040 N 7th Ave, Phoenix, AZ\n(602) 265-7130\n\nBethel Lutheran Church\n7310 N 27th Ave, Phoenix, AZ\n(602) 995-0629\n\nPrayer Garden\n9849 N 40th St, Phoenix, AZ\n(602) 996-4040\n\nAhwatukee Health Resources\n11002 S 48th St, Phoenix, AZ\n(480) 893-3137\n\nMount of Olives Lutheran Church\n3546 E Thomas Rd, Phoenix, AZ\n(602) 956-1620\n\nWestridge Lutheran Church\n8444 W Encanto Blvd, Phoenix, AZ\n(623) 849-4327"
367,"Where can I find information about Superlatives?

If you want to answer a question like ""What is the tallest mountain on earth?"" Ask Jeeves (www.ask.com) is a good place to start. You can also perform an advanced search on Yahoo! or Google, putting the phrase in quotes like this ""What ist he tallest mountain on earth?""    Of course, Q&A can help you, too!"
368,"Are there excellent Catholic schools in Las Vegas?

If you are referring to High Schools, there's Bishop Gorman, a well established private Catholic school."
369,"Is there a dictionary for slang words?

Here are some resources:\nhttp://www.urbandictionary.com/\nhttp://www.microsoft.com/athome/security/children/kidtalk.mspx\n\nWhat's really popular now is ""leet speak"", which you can read about here: http://www.urbandictionary.com/define.php?term=leet+speak&r=f\n\nw00t"
370,"Cherokee Studios

Cherokee Studios was a recording facility in Hollywood founded in 1972 and closed in August 2007 to make way for a new building after 35 years of operation under the Cherokee name as a well-renowned studio. Under the direction of a leading green developer the site will become the Lofts @ Cherokee Studios [1] – a Green LEED Platinum Live/Work complex offering professional recording studios in select units designed by Cherokee owner Bruce Robb."
371,"What site can I go to to find out how many seconds are in a year?

1 day = 24 hours x 60 mins x 60 secs = 86,400 secs\n1 year = 365 days =  365 x 86,400 = 31,536,000 secs"
372,"Why do we get tickled when somebody tickles us and we don't when we tickle ourselves?

When we tickle ourselves, our mind knows in advance that is supposed to happen. So we develop some sort of a defence to counter the effect of the tickle.\nWhen somebody else tickles us suddenly our body is not prepared for that change of state.\n\n Even if u hit urself (not too hard) it pains lesser than when some body else hits u suddenly."
373,"Jaycar

Jaycar is an Australian based electronics retailer dealing in electronic components and related products for the electronics enthusiast. It was founded in 1981 when a former Dick Smith Electronics employee Gary Johnston purchased John Carr & Co. Pty Ltd.Jaycar has 74 stores and more than 150 authorised stockists and agents throughout Australia and New Zealand that carry products from Jaycar's Electus Distribution wholesale division."
374,"Infocus: Data Driven Attacks Using HTTP Tunneling In this article we will look at a means to bypass the access control restrictions of a company's router or firewall.  This information is intended to provide help for those who are legitimately testing the security of a network (whether they are in-house expertise or outside consultants).

Infocus: Data Driven Attacks Using HTTP Tunneling In this article we will look at a means to bypass the access control restrictions of a company's router or firewall.  This information is intended to provide help for those who are legitimately testing the security of a network (whether they are in-house expertise or outside consultants)."
375,"Sharp Introduces 3-Dimensional Computer Display By MAY WONG     SAN JOSE, Calif. (AP) -- Hoping to spur a 3-D revolution, Sharp Systems of America introduced Monday a new flat-panel computer display designed to deliver eye-popping images without the need for special glasses...

Sharp Introduces 3-Dimensional Computer Display By MAY WONG     SAN JOSE, Calif. (AP) -- Hoping to spur a 3-D revolution, Sharp Systems of America introduced Monday a new flat-panel computer display designed to deliver eye-popping images without the need for special glasses..."
376,"Dutch Firm Beats Apple to Punch A music retailer from the Netherlands beats Apple by launching a download service in Europe's latest market battleground. Also: Movie industry wrests agreement from defunct company.... Microsoft challenges Photoshop   hellip;. and more.

Dutch Firm Beats Apple to Punch A music retailer from the Netherlands beats Apple by launching a download service in Europe's latest market battleground. Also: Movie industry wrests agreement from defunct company.... Microsoft challenges Photoshop   hellip;. and more."
377,"Where can I get ideas for our science project?

My daughter gets her science project ideas from infoplease.com.  She loves this site."
378,"Mission Accomplished! \\""BAGHDAD, Iraq (CNN) -- Members of Iraq's interim government took an oath of\office Monday just hours after the United States returned the nation's\sovereignty, two days ahead of schedule.""\\""Led by Iraq's interim Prime Minister Ayad Allawi, each member of the new\government placed a hand on the Koran and promised to serve with sincerity and\impartiality. Iraqi flags lined the wall behind them.""\\Iraq!  Now with 100 less Coalition Provisional Authority!  Act now and get a\free Weapon of Mass Destruction (offer only available in Syria, Jordan, Saudi\Arabia, Pakistan, Syria and Iran).\\Also check out our new Puppet Government!  Keeps the kids occupied for hours!\\

Mission Accomplished! \\""BAGHDAD, Iraq (CNN) -- Members of Iraq's interim government took an oath of\office Monday just hours after the United States returned the nation's\sovereignty, two days ahead of schedule.""\\""Led by Iraq's interim Prime Minister Ayad Allawi, each member of the new\government placed a hand on the Koran and promised to serve with sincerity and\impartiality. Iraqi flags lined the wall behind them.""\\Iraq!  Now with 100 less Coalition Provisional Authority!  Act now and get a\free Weapon of Mass Destruction (offer only available in Syria, Jordan, Saudi\Arabia, Pakistan, Syria and Iran).\\Also check out our new Puppet Government!  Keeps the kids occupied for hours!\\"
379,"GameBoy mini-games win prize A set of GameBoy micro-games is named as the most innovative game of the year at a festival in Scotland.

GameBoy mini-games win prize A set of GameBoy micro-games is named as the most innovative game of the year at a festival in Scotland."
380,"Last Year's Flu Shot Imperfect But Effective By Amanda Gardner, HealthDay Reporter    HealthDayNews -- Last year's influenza vaccine was far from a perfect match against the virus that sickened people, but it offered more protection from the illness than experts had previously thought.    In very young children, the shot was found to be 25 percent to 49 percent effective in preventing influenza-like illness, which is a suspected case of flu that wasn't confirmed in a laboratory...

Last Year's Flu Shot Imperfect But Effective By Amanda Gardner, HealthDay Reporter    HealthDayNews -- Last year's influenza vaccine was far from a perfect match against the virus that sickened people, but it offered more protection from the illness than experts had previously thought.    In very young children, the shot was found to be 25 percent to 49 percent effective in preventing influenza-like illness, which is a suspected case of flu that wasn't confirmed in a laboratory..."
381,"Mosquito software bites smart phones A possible Trojan horse hidden in an illegal cell-phone game hits smart phones using the Symbian operating system.

Mosquito software bites smart phones A possible Trojan horse hidden in an illegal cell-phone game hits smart phones using the Symbian operating system."
382,"The Real Time Modern Manila Blues: Bill Monroe Meets Muddy Waters in the Orient Globalization does strange things to people. A day in the life of a Manila Philippines based business consultant - proving that you really CAN talk about Muddy Walters, bluegrass and work all on the same page...

The Real Time Modern Manila Blues: Bill Monroe Meets Muddy Waters in the Orient Globalization does strange things to people. A day in the life of a Manila Philippines based business consultant - proving that you really CAN talk about Muddy Walters, bluegrass and work all on the same page..."
383,"where can i find a women's basketball league to join?

One good resource is to find a local pick-up game that accepts women, and then ask the players if there are any local leagues.  Try http://www.hoopsfinder.com."
384,"In a Down Market, Head Toward Value Funds There is little cause for celebration in the stock market these days, but investors in value-focused mutual funds have reason to feel a bit smug -- if only because they've lost less than the folks who stuck with growth.

In a Down Market, Head Toward Value Funds There is little cause for celebration in the stock market these days, but investors in value-focused mutual funds have reason to feel a bit smug -- if only because they've lost less than the folks who stuck with growth."
385,"Target Canada

Target Canada Co. is the Canadian subsidiary of United States-based discount department store chain Target Corporation formed in 2011 to oversee the company's Canadian operations."
386,"Inotek

Inotek Pharmaceuticals is a clinical-stage drug development company developing therapies with novel mechanisms to address significant diseases of the eye.The Company's lead program INO-8875 is being evaluated for the treatment of elevated intraocular pressure associated with open-angle glaucoma and ocular hypertension. INO-8875 has completed a Phase 1/2 clinical trial in glaucoma subjects."
387,"Hacker Cracks Apple's Music Streaming Technology SAN JOSE, Calif. (AP) -- The Norwegian hacker famed for developing DVD encryption-cracking software has apparently struck again - this time breaking the locks on Apple Computer Inc...

Hacker Cracks Apple's Music Streaming Technology SAN JOSE, Calif. (AP) -- The Norwegian hacker famed for developing DVD encryption-cracking software has apparently struck again - this time breaking the locks on Apple Computer Inc..."
388,"Walter Lantz Productions

Walter Lantz Productions was an American animation studio. It was in operation from 1929 to 1949 and then 1950 to 1972 and was the principal supplier of animation for Universal Studios now part of the media conglomerate NBCUniversal which is now owned by Comcast. In Japan it became a wholly owned subsidiary of NBCUniversal Entertainment Japan in February 17 2014."
389,"Letov Kbely

LETOV is an aircraft company located in Prague - Letňany Czech Republic. It is the oldest aircraft company in the region.Letov was founded in 1918 by the Czechoslovakian Ministry of Defense to repair World War I trophy planes. The first indigenous aircraft the Letov Š-1 was designed and built in 1920 and some 50 aircraft types were built by 1939. During World War II the factory served as repair shop for the German Luftwaffe."
390,"Letters Target the abusers of legal weapons We can all share the outrage, expressed by columnist Steve Bailey (''Summer Sizzler, quot; Aug. 11), at the killings in the city's poor neighborhoods. But there's no need to share his ignorance. He argues for renewal of the so-called assault weapon ban, claiming that otherwise, ''UZIs and AK-47s could again be flooding the streets. quot; His ...

Letters Target the abusers of legal weapons We can all share the outrage, expressed by columnist Steve Bailey (''Summer Sizzler, quot; Aug. 11), at the killings in the city's poor neighborhoods. But there's no need to share his ignorance. He argues for renewal of the so-called assault weapon ban, claiming that otherwise, ''UZIs and AK-47s could again be flooding the streets. quot; His ..."
391,"What is the best riddle that you know?

If you were standing in front of a door, one leading to heaven and one leading to hell, neither of which are labeled, and guarding that door is a guard, one who always lies and one who always tells the truth, but you don't know who's who, what question would you ask to definitively know which one is the door to heaven versus hell.\nanswer: ""what would the other guard say that you would say is the door to heaven (hell)?"" then you know the opposite door is the door to heaven (hell)"
392,"What Neil   Buzz Left on the Moon A cutting-edge Apollo 11 science experiment left behind in the Sea of Tranquility is still running today.

What Neil   Buzz Left on the Moon A cutting-edge Apollo 11 science experiment left behind in the Sea of Tranquility is still running today."
393,"Americans and Freedom \\""When we Americans first began, our biggest danger was clearly in view: we knew\from the bitter experience with King George III that the most serious threat to\democracy is usually the accumulation of too much power in the hands of an\Executive, whether he be a King or a president. Our ingrained American distrust\of concentrated power has very little to do with the character or persona of the\individual who wields that power. It is the power itself that must be\constrained, checked, dispersed and carefully balanced, in order to ensure the\survival of freedom. In addition, our founders taught us that public fear is the\most dangerous enemy of democracy because under the right circumstances it ...\\

Americans and Freedom \\""When we Americans first began, our biggest danger was clearly in view: we knew\from the bitter experience with King George III that the most serious threat to\democracy is usually the accumulation of too much power in the hands of an\Executive, whether he be a King or a president. Our ingrained American distrust\of concentrated power has very little to do with the character or persona of the\individual who wields that power. It is the power itself that must be\constrained, checked, dispersed and carefully balanced, in order to ensure the\survival of freedom. In addition, our founders taught us that public fear is the\most dangerous enemy of democracy because under the right circumstances it ...\\"
394,"The Media Merchants

The Media Merchants Television Company ltd. was an independent television production company specialising in children's programmes run by Neil Buchanan and Tim Edmunds."
395,"Aegon

Aegon N.V. is a multinational life insurance pensions and asset management company headquartered in The Hague Netherlands. At the end of 2012 Aegon companies employed approximately 24000 people worldwide serving millions of customers.Aegon has a primary listing on Euronext Amsterdam and is a constituent of the AEX index. It has a secondary listing on the New York Stock Exchange."
396,"Play Boys: Google IPO a Go Anyway Even though Google's two founders gave an interview to Playboy magazine in the midst of its IPO filing, the SEC allowed the company's offering to go ahead. The boys filed the interview with the SEC and corrected mistakes in it.

Play Boys: Google IPO a Go Anyway Even though Google's two founders gave an interview to Playboy magazine in the midst of its IPO filing, the SEC allowed the company's offering to go ahead. The boys filed the interview with the SEC and corrected mistakes in it."
397,"If God is both all loving and all powerful, how can he/she/it allow suffering to exist?

Frankly, the answers thus far show a complete lack of understanding of basic theodicy and even the Christian Bible.  Assuming that – as a Christian – you buy into Job’s tale as at least allegorical, then there is acknowledgement that you cannot know the mind of G-d.  To attempt to do so is itself blasphemous.  To attempt know the mind of G-d is to be G-d, yet we are admonished when G-d responds to Job, not with an explanation for Job's suffering but rather with a question: Where was Job when G-d created the world?\n\nAnd it was said:\nJob 40 \n1 ¶ And Jehovah answered Job and said:\n2 Shall a reprover contend with the Almighty? He who reproves God, let him answer it.\n3 Then Job answered Jehovah and said:\n4 Behold, I am vile! What shall I answer You? I will put my hand to my mouth.\n5 Once I have spoken, but I will not answer; yea, twice, but I will go no further.\n6 ¶ And Jehovah answered Job out of the tempest and said:\n7 Now gird up your loins like a man, and I will question you; and you make Me to know.\n8 Will you also set aside My judgment; will you condemn Me so that you may be justified?\n9 And have you an arm like God; or can you thunder with a voice like His?\n10 Adorn yourself with majesty now, and with grandeur, and clothe yourself with glory and honor;\n11 pour forth the outbursts of your anger; yea, look on everyone who is proud, and bring him down low;\n12 look on everyone who is proud, and humble him, and trample the wicked in their place;\n13 hide them in the dust together; bind their faces in darkness.\n\nKnow that to contend to know G-d is to set yourself above him.\n\nA previous answer blasphemed: “G-d desires that we do not suffer, but as a result of the choices men made we have suffering.”\n\nAnd also: “But there is a plan to alleviate the suffering. And that is through redemption.”\n\nLies.  \n\nAnd “John 3:16”?!  I think that means “go Broncos.”\n\nAn alternative explanation is the easy one:  there is no G-d.  You either believe that, or you blaspheme in the attempt to understand Him."
398,"Reel Life Productions

Reel Life Productions also known as Gothom Records is an independent record label based in Detroit Michigan that specializes in hip hop music. The label was founded in 1988 by James H. Smith and his younger brother rapper Esham."
399,"Axvoice

Axvoice is a voice over IP company that provides telephone service over the Internet via a broadband connection. Its audience market is United States and Canada (with the possibility to make international calls) and the business model is based on a range of call plans with various options of monthly/yearly fees and/or call rates."
400,"Meet the new boss, same as the old boss? When heir apparent Paul Otellini takes the reins, what will the chipmaker look like?

Meet the new boss, same as the old boss? When heir apparent Paul Otellini takes the reins, what will the chipmaker look like?"
401,"Novotel

Novotel is a mid-scale hotel brand within the Accor group typically slotting between the Mercure and Sofitel brands. Novotel has close to 400 hotels and resorts in 60 countries situated in the business districts and tourist destinations of major international cities."
402,"When do you use a semicolon instead of a colon?

While historically the use of the semicolon and colon were similar, modern usage seems to be diverging, with semicolons indicating breaks slightly stronger than commas and colons introducing lists and explanations. \nSemicolons have always been used in a manner very similar to commas, but with greater ""weight.""  That is, the semicolon introduces greater breaks in the sentence, dividing clauses which are longer and more independent, while commas are reserved for short pauses and for separating lists of short items.\nContinuing up the continuum, colons are ""weightier"" than semicolons, but less so than periods.  They introduce a break which is longer or more important than that introduced by semicolons, but not as final as periods.  Colons separate clauses which can stand as independent sentences grammatically, while semicolons can also be used for non-sentential clauses.\nHowever, in modern writing the colon is rarely used in this role as glorified semicolon.  The colon has developed a specific semantics as a break separating an introduction from an explanation.  For example, the colon is used after the salutation in formal letters.  It is used to introduce quotes, separating the source from the quoted text.  A colon is used to introduce a list, included bulleted lists.  A colon is used to separate the parts in a multipart title, such as ""Reading Lolita in Tehran: A Memoir in Books"" or ""Good to Great: Why Some Companies Make the Leap...And Others Don't""."
403,"Element14

element14 is a distributor of technology products and solutions for electronic system design maintenance and repair. It is the Asian Pacific trading brand of global electronics distributor Premier Farnell plc which is a constituent of the FTSE 250 Index listed on the London Stock Exchange.element14 has operations in 10 countries in Asia Pacific with three regional distribution hubs in Singapore Shanghai and Sydney."
404,"Kalev (confectioner)

AS Kalev (2006–2012 Kalev Chocolate Factory AS) is an Estonian confectionery company. The company can trace its origins back two hundred years it was founded in 1806 and is now a part of the industrial conglomerate Orkla Group. Since 2003 it has been based in Põrguvälja near Jüri Rae Parish Harju County."
405,"Sasol

Sasol Limited is an integrated energy and chemical company based in Johannesburg South Africa. The company was formed in 1950 in Sasolburg South Africa. It develops and commercialises technologies including synthetic fuels technologies and produces different liquid fuels chemicals and electricity.Sasol is listed on the Johannesburg Stock Exchange and the New York Stock Exchange."
406,"Youngstown Sheet and Tube

The Youngstown Iron Sheet and Tube Company based in Youngstown Ohio was one of the largest steel manufacturers in the world. Officially the company was created on November 23 1900 when Articles of Incorporation of the Youngstown Iron Sheet and Tube Company were filed with the Ohio Secretary of State at Columbus. It acquired the Mark Manufacturing Company in 1923. Youngstown Sheet and Tube remained in business until 1977."
407,"What does it take to be a teacher?

The wisdom of Solomon, the patience of Job, the soul of Ghandi, the heart of Mother Theresa and lots of aspirin, coffee and Malox."
408,"India Rethinks Plan for Manned Moon Mission By S. SRINIVASAN    BANGALORE, India (AP) -- India is rethinking its plan to send a man to the moon by 2015, as the mission would cost a lot of money and yield very little in return, the national space agency said Thursday...

India Rethinks Plan for Manned Moon Mission By S. SRINIVASAN    BANGALORE, India (AP) -- India is rethinking its plan to send a man to the moon by 2015, as the mission would cost a lot of money and yield very little in return, the national space agency said Thursday..."
409,"Why are the Dutch so tall?

As a dutchman, and someone who's 6'4"" I should be able to answer this one.\n\nSpecifically though there actually has been a fair amount of research around this, the average height of the dutch are indeed abover average and I've heard claims of it being ""the tallest nation in the world"".\n\nThe average dutchman is about 6'1"" (4"" taller than the avg american)\n\nResearch shows it to be a combo of genetics, disease prevention, diet (dairy, etc.) , average wealth & wellbeing, as well as the psychosocial wellbeing.. all affecting height.\n\nSo to summarize: drink your milk, get your shots, be happy and grow grow grow..oh and a bit of genetics.\n\nFrom a research report:\n\nGenetic factors are evident in marked regional differences between the north and the south of the Netherlands. In the north, boys are on average 50 mm taller and girls 20 mm taller. The populations are relatively stable, and Frisians are genetically more Scandinavian, whereas Limburgers have southern European roots. However, although boys in Turkish and Moroccan immigrant groups are about 95 mm shorter than ethnic Dutch, they are taller than in their countries of origin. Researchers point to the increase over the past 30 years in the amount of protein in the diets of the Dutch, the world's highest consumers of dairy products. \n\nMiranda Fredriks, one of the researchers in the recent study, emphasised other health and hygiene factors as well as diet--for example, the Netherlands has a 95% vaccination rate among children.\n\nLastly it's the healthcare system and wealth, every dutch person has access to the healthcare system and overall the dutch are fairly well off to being with. It's been shown that wealth has a direct impact on height.."
410,"BA Merchant Services

BA Merchant Services LLC is a wholly owned subsidiary of Bank of America specializing in handling credit debit stored value and electronic benefits transfer (EBT) card transactions. It is the United States' second-largest bankcard merchant acquirer processing nearly $350 billion in annual credit card volume."
411,"Earnings alert: BEA revenue rises amid turmoil Plus: Dell meets expectations...Storage, servers bruise HP earnings...Healthy sales lift Cisco's profit.

Earnings alert: BEA revenue rises amid turmoil Plus: Dell meets expectations...Storage, servers bruise HP earnings...Healthy sales lift Cisco's profit."
412,"What is the minimum GPA to get into colleges?

Yeah u can get in to college . A 3.0 is really good my friend. I understand what you are going through..\n\n   Then www.gradschool.com is a good source"
413,"What is the history of seeing eye dogs?

here is an article that I've found:""Long before there was ever an established guide dog program was developed, dogs have been aiding the blind. A wooden plaque from the Middle Ages portrays a dog leading a blind man with a leash. The first actual attempt to train dogs to aid the blind was made in 1780 at Les Quinze-Vingts hospital for the blind, in Paris. In 1788, Josef Riesinger of Vienna was able to train a dog so well that people often doubted that he was blind!..."""
414,"Why in the House of Commons does the P.M. often say ""I refer the hon. gentleman to the answer I gave earlier""?

Another reason is that the P.M.'s responses are scripted in advance, where at all possible.  Questions from the House--especially from the opposition--are designed to get him off his game and distract him from the prepared text, in the hope of making him look bad.  (A similar game is played by many television correspondents: ""If the interviewee gives a pat answer, ask the question ten more times.  Play only the most emotive response."")  By referring the questioner back to the earlier, prepared answer, the P.M. short-circuits this tactic.  Stilted, but effective."
415,"How does this site make money?

I think you answered your own question.\n\nBesides, at orientation weren't we told to make cool stuff, then worry about how to make money? Perhaps this is a cool thing that simply hasn't had a money-making idea created from it yet. However, advertisement is, I think, the most probable means."
416,"Holden New Zealand

Holden New Zealand Limited formerly General Motors New Zealand Limited before 1994 is the sales subsidiary for General Motors in New Zealand. Holden New Zealand was incorporated as a company on 4 January 1926."
417,"Wall St. Bears Claw Back Into the Black  NEW YORK (Reuters) - Short-sellers, Wall Street's dwindling  band of ultra-cynics, are seeing green again.

Wall St. Bears Claw Back Into the Black  NEW YORK (Reuters) - Short-sellers, Wall Street's dwindling  band of ultra-cynics, are seeing green again."
418,"What does Adobe Reader do?

Adobe Reader, reads PDF files which are created by Adobe Acrobat.\n\nThe beauty of this, is that Adobe Acrobat can convert almost file type from the popular Operating Systems.  That means a document can be created by almost any program and then given to another person to read, even though the receiver of the document doesn't have the program that created the document.\n\nFor example, a writer can create a Microsoft Word document on a Windows machine, convert it into a PDF file and give it to a person using a Linux machine and they can use Adobe Reader to read it.  The Linux user doesn't have to have Microsoft Word to read the document.\n\nThe Reader is free, but Acrobat costs money."
419,"SmilingStart

Smiling Start is a social venture by Thalia Technologies Private Limited headquartered in Mumbai India. It encourages philanthropy through brand posters and member participation by channelizing the money spent on Online advertising towards charity. So every Indian citizen with just a computer and internet has a tool to do charity with no cost."
420,"How long does take a space craft to get from the Earth to the Moon?

It depends on what you are sending.  The Apollo missions were the last set of *manned* missions to the moon, and here is the travel time:\nLaunched: 16 July 1969 UT 13:32:00 (09:32:00 a.m. EDT)<br />\nLanded on Moon: 20 July 1969 UT 20:17:40 (04:17:40 p.m. EDT)\nIt took about 4 days to get there.  Rocket technology has not change too much since then so you can expect that getting people to the moon at this point would take about the same amount of time.\nIf you are dealing with a non-human payload, you may be able to cut down time, both because it is likely lighter, and because you don't need to worry as much about damaging G-forces.\nI've included a link that has the history of all missions to the moon, manned and unmanned."
421,"Japi

Japi is a person who plays wow"
422,"Yottaquest

Yottaquest is an American gaming store in Mt. Healthy Ohio. The store was founded in 2004 by Matthew Fay and since then has increased its business an average of 25% a year even during the recession.The store specializes in board games role playing games and card games. They carry a selection of both new and used games including hard to find older editions. Yottaquest also stocks or demos new and independent games."
423,"What is the origin of the word ""cop""?

""So policemen are just those who catch or apprehend criminals, a worthy occupation. And a copper is someone who seizes, a usage first recorded in Britain in 1846."" - thus we have the word ""cop"""
424,"who was the first man to climb all the 8.000 m mountains in the world?

Reinhold Messner"
425,"Nordsee

Nordsee is a German fast-food restaurant chain specialising in seafood. In addition to selling raw and smoked seafood the company also sells a wide variety of meals and products prepared from seafood such as Fischbrötchen (fish sandwiches) salads and canned seafood. The company formerly supplied its own seafood but has since sold the fishery."
426,"Rajshri Media

Rajshri Media (P) Limited is a digital entertainment and new media arm of Rajshri Group. The Rashri.com portal was launched on November 2006 by releasing online Barjatya-produced Hindi movie Vivah followed by Hattrick Life in a Metro and Blue Umbrella among others. The company plans to reach its audience through all the four screens: Cinema PC Mobile TV."
427,"Double Helix Games

Double Helix Games LLC is an American video game developer based in Irvine California founded in 2007 through two mergers of Foundation 9 studios The Collective and Shiny Entertainment. The studio was acquired by Amazon.com Inc. on February 5 2014. The studio's first release was Silent Hill: Homecoming for the PlayStation 3 and the Xbox 360."
428,"Will there be a third kill bill?

there have been widespread rumors about Tarantino's desire to revisit the character of the Bride in a third installment. most of these stemmed from an interview published in Entertainment Weekly, in which Quentin expressed his desire to revisit the Bride in 15 years:    ""The star will be Vernita Green's (Vivica A. Fox's) daughter, Nikki (Ambrosia Kelley). I've already got the whole mythology: Sofie Fatale (Julie Dreyfus) will get all of Bill's money. She'll raise Nikki, who'll take on The Bride,"" he says. ""Nikki deserves her revenge every bit as much as The Bride deserved hers. I might even shoot a couple of scenes for it now so I can get the actresses while they're this age.""    Tarantino's idea is an excellent one, and in tune with the ambitious nature of the Kill Bill project itself. however, it is important to note that Tarantino is well known for announcing interest in projects that could never see the light of day, so there is no certainty that this will come about."
429,"Fake Drug Sales Problematic in Mexico By MARK STEVENSON      MEXICO CITY (AP) -- Mexican authorities are investigating the sale of fake or substandard medicine in a border town so popular among Americans seeking cheap medications that it has more pharmacies than streets.    U.S...

Fake Drug Sales Problematic in Mexico By MARK STEVENSON      MEXICO CITY (AP) -- Mexican authorities are investigating the sale of fake or substandard medicine in a border town so popular among Americans seeking cheap medications that it has more pharmacies than streets.    U.S..."
430,"BioVeris Settles 2 Lawsuits Against Chief Executive's Son BioVeris Corp. announced yesterday that it settled two lawsuits against Jacob N. Wohlstadter, its chief executive's son, whom the company had accused of spending millions of dollars on cars and real estate to sabotage a joint venture he ran so he could purchase it for a bargain price.

BioVeris Settles 2 Lawsuits Against Chief Executive's Son BioVeris Corp. announced yesterday that it settled two lawsuits against Jacob N. Wohlstadter, its chief executive's son, whom the company had accused of spending millions of dollars on cars and real estate to sabotage a joint venture he ran so he could purchase it for a bargain price."
431,"Which car and house insurance company is recommended in California?

Costco gives some of the best rates. \nThe service is very good, too. There was this time when I couldn't start my car. Since it's a certain European car, it couldn't be jumpstarted by a friend's car. Only a tow truck had enough power to jumpstart it. I called the Costco auto assitance. Not only did they send a tow truck quickly, but they also called to follow up on whether the problem was fixed or not. Highly recommend it!"
432,"Do all professional athletes do steroids now?

I would say a good majority are, but the question is whether the steroid is considered a performance enhancing steroid or not. Andro was legal while Mark McGuire was using it, but subsequently banned. BALCO was reported to manufacture steroids that are desgined to avoid being detected during testing."
433,"The Equitable Life Assurance Society

The Equitable Life Assurance Society (Equitable Life) founded 1762 is a life insurance company in the United Kingdom."
434,"News: How Strongly Does the Sun Influence the Climate? Researchers have shown that the Sun can be responsible for, at most, only a small part of the warming over the last 20-30 years. (Max Planck Society press release)

News: How Strongly Does the Sun Influence the Climate? Researchers have shown that the Sun can be responsible for, at most, only a small part of the warming over the last 20-30 years. (Max Planck Society press release)"
435,"Cockerill Maintenance & Ingénierie

Cockerill Maintenance & Ingénierie (CMI) is a mechanical engineering group headquartered in Seraing Belgium producing machinery for steel plants industrial heat recovery equipment and boiler and shunting locomotives and military equipment (artillery guns)."
436,"PC security under fire A vulnerability in AOL's instant messenger could allow attacks. Also: A new Bagle variant rumbles across the Net.

PC security under fire A vulnerability in AOL's instant messenger could allow attacks. Also: A new Bagle variant rumbles across the Net."
437,"Are expensive urethane golf balls e.g. Titleist Pro V1 worth it for the normal club golfer?

I find that it does. The Pro V1 for me is the best ball out there in terms of providing durability, distance and control. I've also used Nike and Top Flight and always come back to the Pro V1. But, the real answer is how the ball reacts to your swing and game. I recommend playing a few rounds with different brands."
438,"Mission Motors

Mission Motors is an American company founded in 2007 in San Francisco California. The company was originally founded with the aim of creating high-performance electric motorcycles but later became a supplier of electric vehicle components."
439,"Covad tries an end run In a tough scrimmage against resurgent Baby Bells, the broadband pioneer flips open the VoIP playbook.

Covad tries an end run In a tough scrimmage against resurgent Baby Bells, the broadband pioneer flips open the VoIP playbook."
440,"Shuttle camera to watch fuel tank The space shuttle's external fuel tank, implicated in the 2003 Columbia disaster, is to get its own camera.

Shuttle camera to watch fuel tank The space shuttle's external fuel tank, implicated in the 2003 Columbia disaster, is to get its own camera."
441,"What New England state contains the Penobscot River?

Maine"
442,"Oil prices soar to all-time record, posing new menace to US economy (AFP) AFP - Tearaway world oil prices, toppling records and straining wallets, present a new economic menace barely three months before the US presidential elections.

Oil prices soar to all-time record, posing new menace to US economy (AFP) AFP - Tearaway world oil prices, toppling records and straining wallets, present a new economic menace barely three months before the US presidential elections."
443,"Who is the best formula 1 driver to ever live?

Statistically Michael Schumacher is the best, though it's not an apples to apples comparison as the car is a much larger factor in driver success than it has been in the past.  My vote's with Ayrton, he had a razor sharp focus that I haven't seen since, and F1 in the early 1990's was much more competitive than it is today."
444,"Monarch Airlines

Monarch Airlines also known as and trading as Monarch is a British airline based at Luton Airport operating scheduled flights to destinations in the Mediterranean Canary Islands Cyprus Egypt Greece and Turkey with additional charter services to Europe the United States the Caribbean India and Africa.Owned by Globus Travel Group the airline's headquarters are at Luton with other bases at Birmingham East Midlands Leeds/Bradford Gatwick and Manchester."
445,"Space Science Fiction

Space Science Fiction was a science fiction magazine published by Space Publications Inc. of New York and The Archer Press Ltd. of London that ran for eight issues from May 1952 to September 1953. Space was edited by Lester del Rey and featured a book review column by George O. Smith. Del Rey's conflicts with the publishers ensured that the magazine would have a short run in spite of the superior quality of the stories."
446,"Locusts Inspire Technology That May Prevent Car Crashes Locusts are commonly associated with plagues, food shortages, and death. But they are also inspiring what may be the next wave in lifesaving collision-avoidance systems.

Locusts Inspire Technology That May Prevent Car Crashes Locusts are commonly associated with plagues, food shortages, and death. But they are also inspiring what may be the next wave in lifesaving collision-avoidance systems."
447,"Russian Alien Spaceship Claims Raise Eyebrows, Skepticism (SPACE.com) SPACE.com - An expedition of Russian researchers claims to have found evidence that an \  alien spaceship had something to do with a huge explosion over Siberia in 1908. \  Experts in asteroids and comets have long said the massive blast was caused \  by a space rock.

Russian Alien Spaceship Claims Raise Eyebrows, Skepticism (SPACE.com) SPACE.com - An expedition of Russian researchers claims to have found evidence that an \  alien spaceship had something to do with a huge explosion over Siberia in 1908. \  Experts in asteroids and comets have long said the massive blast was caused \  by a space rock."
448,"Vandals damage bird reserve A disturbance free zone for nesting birds is put at risk by vandals who cut down the boundary fence.

Vandals damage bird reserve A disturbance free zone for nesting birds is put at risk by vandals who cut down the boundary fence."
449,"Missing June deals slow to return for software companies Software company executives at a CIBC World Markets conference this week cited a variety of reasons for why June sales slowed, from record oil prices to steep software discounting and regulatory distractions on accounting deadlines.

Missing June deals slow to return for software companies Software company executives at a CIBC World Markets conference this week cited a variety of reasons for why June sales slowed, from record oil prices to steep software discounting and regulatory distractions on accounting deadlines."
450,"Talkbiznow

Talkbiznow is a comprehensive interactive business networking site for business professionals and the business-to-business. By displaying how each member is connected to any other member it visualises the small-world phenomenon. Founded in 2008 and launched in August 2008 the site is a web-based business community and collaboration tool that provides business services for small businesses and professionals."
451,"is there a good art school in the San Francisco bay area?

I visited the SF Art Institute a few years ago with my brother, who was considering an art school for his undergrad work, and we were pretty impressed with the student work and facilities.    http://www.sanfranciscoart.edu/"
452,"Gullane Entertainment

Gullane Entertainment (originally The Britt Allcroft Company) was a British television production company which produced children's programming including Thomas the Tank Engine and Friends Shining Time Station and Magic Adventures of Mumfie.Gullane was also well known for its acquisition of Art Attack Fireman Sam Sooty and Captain Pugwash."
453,"Rossiya Bank

The Rossiya Bank (Bank Rossiya in Russian: Акционерный коммерческий банк Россия АКБ Россия) is a Russian joint stock bank founded on June 27 1990. The company's headquarters are based in St. Petersburg."
454,"Cambridge Broadband

Cambridge Broadband Networks Limited (CBNL) develops and manufactures point-to-multipoint (PMP) wireless backhaul and access solutions serving telecommunication customers in over 30 countries. PMP is a wireless technology which creates a radio link between a central location and multiple cell sites. The Company is a privately held company backed by institutional investors: Amadeus Capital Partners Accel Partners TVM Capital GmbH Adara Venture Partners and Samsung Ventures Europe."
455,"Who is Helena in the song Helena by My Chemical Romance?

Lead singer and bassist, Gerard and Mikey Way's grandmother."
456,"Bangkok's Canals Losing to Urban Sprawl (AP) AP - Along the banks of the canal, women in rowboats grill fish and sell fresh bananas. Families eat on floating pavilions, rocked gently by waves from passing boats.

Bangkok's Canals Losing to Urban Sprawl (AP) AP - Along the banks of the canal, women in rowboats grill fish and sell fresh bananas. Families eat on floating pavilions, rocked gently by waves from passing boats."
457,"Daum Communications

Daum (Korean: 다음; KRX: 035720) is a web portal in South Korea like Naver and Nate. Daum offers many Internet services to web users including a popular free web-based e-mail messaging service forums shopping and news. The word daum is 多音 means many sounds in Korean.The popularity of Daum stems from the range of services it offers but also from the fact that it was the first Korean web portal of significant size."
458,"Synanon

The Synanon organization initially a drug rehabilitation program was founded by Charles E. Chuck Dederich Sr. (1913–1997) in 1958 in Santa Monica California United States. By the early 1960s Synanon had also become an alternative community attracting people with its emphasis on living a self-examined life as aided by group truth-telling sessions that came to be known as the Synanon Game."
459,"When will Google buy Yahoo?

Their respective market caps are too close for this to ever happen.\nInterestingly, many reporters, analysts and tech pundits that I talk to think that the supposed competition between Google and Yahoo is fallacious, and that they are very different companies with very different strategies. Google's true competitor is often seen as being Microsoft, not Yahoo. This would support your claim that they are complementary."
460,"Rubin Design Bureau

Rubin Central Design Bureau for Marine Engineering (Russian: Центральное конструкторское бюро Рубин shortened to ЦКБ Рубин) in Saint Petersburg is one of three main Russian centers of submarine design and the other two are Malakhit Central Design Bureau and Lazurit Central Design Bureau (Lazurit is the Russian word for lazurite)."
461,"What is Indie genre?

The basic answer is indie (or independent) music is music that is released on smaller labels that operate independently from the mainstream music business.\n\nBut more often ""indie"" refers to a specific genre of contemporary music that is based on combining aesthetics of classic rock, punk, garage and art rock.  I first heard the term indie rock starting to get used in the late 80s to early 90s to describe the music that was popular on college radio stations at the time.  I don't think the definition has changed much since then, but the types of music that fit in this umbrella have become more diverse, both in style and popularity."
462,"PlayStation potential to learning The PlayStation games console could be developed into a learning tool for children, says a Northumberland head teacher.

PlayStation potential to learning The PlayStation games console could be developed into a learning tool for children, says a Northumberland head teacher."
463,"Centro Digital Pictures Limited

Centro Digital Pictures Limited is a visual special effects and animations company based in Hong Kong that provides visual effects for film interactive media and video games."
464,"Where did the term ""I'll be there with bells on"" originate?

Direct quote from http://www.rootsweb.com/~genepool/meanings.htm: ""To be somewhere with ""bells on"" refers to a practice peddlers had when they roamed the area west of the Appalachians selling wares. To avoid Indians, they traveled as silently as possible until they reached a settled area. Then they unmuffled bells hung around their horses necks to announce their arrival to outlying cabins. Hence, ""I'll be there with bells on."" The peddlers' arrival was a much anticipated major event in the mostly tedious and hard lives of settlers, not only for the goods they sold, but also for the news, letters, and messages they carried from the outside world."""
465,"Arabian Motors Group

Arabian Motors Group (AMG) W.L.L. (Arabic: المجموعة العربية للسيارات) is a limited liability Kuwaiti company entirely owned by the Al-Wazzan Group of Companies. Established in 1983 AMG is the authorized dealer/importer of the Ford and Lincoln automotive brands in Kuwait and Iraq. It was also the authorized dealer/importer of the Mercury brand until the brand's demise."
466,"What are the best single tracks for Mt. biking in the bay area?

Here are my favorite mountain bike trails in the Bay Area:\n\n-Upper Stevens Creek which hooks up to the Montbello Preserve in the Cupertino/Saratoga Foothills\n-St. Joseph's Hill in Los Gatos\n-Fort Ord / Laguana Seca near Montery\n-Wilder Ranch in Santa Cruz\n-Nisene Marks in Santa Cruz\n-Fremont Older in Cupertino/Saratoga"
467,"Internet Challenges Face-to-Face Mingling At Bungalow Billiards in Chantilly on Wednesday, about a dozen single parents from Northern Virginia gathered at happy hour to mingle, eat and drink. All were divorced or widowed members of the Fairfax chapter of Parents Without Partners.

Internet Challenges Face-to-Face Mingling At Bungalow Billiards in Chantilly on Wednesday, about a dozen single parents from Northern Virginia gathered at happy hour to mingle, eat and drink. All were divorced or widowed members of the Fairfax chapter of Parents Without Partners."
468,"Is there another cure for headaches besides taking pain killers?

If you would like to cure headaches naturally, try to take a lime, cut it into half and rub it on your \nforehead. The throbbing will go away.  This worked for me."
469,"What do you mean by ""The grass is always greener on the other side of the fence""?

""You use this proverb to say that the things other people have or their situations always look better than your own, even when they are not really so."""
470,"PrivatBank

PrivatBank (Ukrainian: ПриватБанк) is the largest commercial bank in Ukraine in terms of the number of clients assets value loan portfolio and taxes paid to the national budget. PrivatBank has its headquarters in Dnipropetrovsk in central Ukraine. In March 2014 was named by the American review Global Finance (magazine) as the Best Bank in Ukraine for 2014 while British magazine The Banker in November 2013 named again the same bank as the Bank of the year 2013 in Ukraine."
471,"Appeal Rejected in Trout Restoration Plan (AP) AP - The U.S. Forest Service on Wednesday rejected environmentalists' appeal of a plan to poison a stream south of Lake Tahoe to aid what wildlife officials call ""the rarest trout in America.""

Appeal Rejected in Trout Restoration Plan (AP) AP - The U.S. Forest Service on Wednesday rejected environmentalists' appeal of a plan to poison a stream south of Lake Tahoe to aid what wildlife officials call ""the rarest trout in America."""
472,"Do you really need 8 hours of sleep every night?

i've heard several times that the amount of sleep each individual requires is based on a number of factors, some of which include age, weight, and even diet. everyone has different schedules, and each one is independent to one another depending on their own individual health.<br />\ni'm not one to set an example, but i average anywhere from 5-7 hours of sleep on a regular basis. sometimes my body requires more, sometimes less, but it seems to balance out and i never feel as though i'm suffering from lack, or over abundance, of sleep.<br />\ni've included a yahoo! health article to help shed light on some of your own personal sleep habits."
473,"Playfish

Playfish currently a property of Electronic Arts was a developer of free-to-play social network games. Playfish was founded in 2007 by Kristian Segerstråle Sebastien de Halleux Sami Lababidi and Shukri Shammas. It closed in 2013. Playfish in the past had attracted up to 55 million users a month with over 37 million users coming from Facebook users. In October 2008 they secured US$17 million in venture capital funding from Accel Partners and Index Ventures."
474,"Blue Cliff Record

The Blue Cliff Record (Chinese: 《碧巖錄》 Bìyán Lù; Japanese: Hekiganroku (碧巌録); Korean: Byeokamrok 벽암록(碧巖錄); Vietnamese: Bích nham lục (碧巖錄)) is a collection of Chán Buddhist koans originally compiled in China during the Song dynasty in 1125 (宋宣和七年) and then expanded into its present form by the Chán master Yuanwu Keqin (圜悟克勤 1063 – 1135).The book includes Yuanwu's annotations and commentary on Xuedou Zhongxian's (雪竇重顯 980 – 1052) collection 100 Verses on Old Cases 《頌古百則》 — a compilation of 100 koans."
475,"What is the name of Ariel Sharon's new party?

“Kadima,” or “forward,”"
476,"Pacific May Be Seeing New El Nino (AP) AP - Warming water temperatures in the central equatorial Pacific last month may indicate the start of a new El Nino.

Pacific May Be Seeing New El Nino (AP) AP - Warming water temperatures in the central equatorial Pacific last month may indicate the start of a new El Nino."
477,"Redesigning Rockets: NASA Space Propulsion Finds a New Home (SPACE.com) SPACE.com - While the exploration of the Moon and other planets in our solar system is nbsp;exciting, the first task for astronauts and robots alike is to actually nbsp;get to those destinations.

Redesigning Rockets: NASA Space Propulsion Finds a New Home (SPACE.com) SPACE.com - While the exploration of the Moon and other planets in our solar system is nbsp;exciting, the first task for astronauts and robots alike is to actually nbsp;get to those destinations."
478,"Doosan Group

Doosan Group is a South Korean conglomerate company. In 2009 the company was placed 471st in the Fortune Global 500. It has been included in the Forbes Global 2000 companies from 2007.[citation needed] It is the parent company of ŠKODA power. Doosan was ranked 4th among the “World’s Best 40 Companies 2009” list released in the latest issue of BusinessWeek the U.S. economics magazine in October 2009.[citation needed] Fortune Global 500"
479,"BEA meets lowered expectations for Q2 Though BEA Systems signed 18 licensing deals worth \$1 million and added 488 new customers during the quarter, licensing revenue dropped to \$116.3 million.

BEA meets lowered expectations for Q2 Though BEA Systems signed 18 licensing deals worth \$1 million and added 488 new customers during the quarter, licensing revenue dropped to \$116.3 million."
480,"Britax

Britax is a global manufacturer of childcare products including car seats strollers high chairs and more."
481,"Smyths

Smyths Toys Superstores is a leading provider of children's toys and entertainment products with 68 stores throughout the UK and Ireland. The Irish superstore chain was founded c.1987 and is the largest toy retailer in Ireland claiming to have 60% of the €320M market. It is a family-run company with four Smyths brothers (Anthony Padraig Liam and Thomas) running the business."
482,"Geo. Hattersley

Geo. Hattersley was a textile machinery manufacturer from Keighley West Yorkshire in England founded in 1789 and responsible for the Hattersley Standard Loom and other types of loom."
483,"What does 'zig' refer to in the All Your Base clip?

the enigmatic and poorly translated introduction to the American port of Zero Wing is equal parts confusing and hilarious. what in the world could a &quot;zig&quot; be? well, it would seem that the word &quot;zig,&quot; unfortunately, is not yet another perplexing term lost in translation. according to sites actually dedicated to reviewing the game in spite of its connections to the &quot;all your base are belong to us&quot; phenomena, the word &quot;zig&quot; is actually a made up name for the fighter plane you pilot throughout the game. think &quot;x-wing&quot; and you're on the right track.<br />\n&quot;Take off every zig!!&quot; likely meant that every zig fighter needed to take off to battle the mysteriously robotic villian of the game, known only as &quot;Cats.&quot;"
484,"what does ""The Forgotten Arm,"" in the title of Aimee's new album mean?

The Forgotten Arm of Aimee Mann's newest album refers to a boxing technique where, ""a fighter in close quarters uses one arm to punch and lets the other arm hide, waiting to land a surprise blow"".\n\nThis conceptual album follows the story of a boxer and his sweetheart through their tumultous love. The idea of the suprise blow is an apt metaphor for when things in a love relationship suddenly go wrong. She could have been using the idea to this end."
485,"what's the best way to create a bootable windos/dos CD?

Well, the best way is to look at whatever program you have for burning CDs and see if it has an option to create a bootable CD.  If you can't find it, or use Windows itself to burn CDs, then it's a little more complicated.\nNote: If you find that booting from CD doesn't work, you may have to adjust your BIOS setting to allow your machine to boot from CD.\nIf you want to boot to windows: the easiest way is probably to go here: http://www.nu2.nu/bootcd/ and download a utility that will do it for you.  There are instructions there depending on what type of boot you want.\nIf you don't trust using a third party utility, Microsoft has some instructions here: http://support.microsoft.com/kb/167685/EN-US/ .  This process is not very straightforward though.\nIf you just need to get into your filesystem and poke around, you might consider booting a different OS.  For example, http://www.freedos.org/ (FreeDOS) and http://www.knoppix.net/ (Knoppix Linux) may do what you want.  For these, you can download ISO images and burn bootable CDs."
486,"Geffen Records

Geffen Records is an American record label owned by Universal Music Group which operates as one third of the Interscope Geffen A&M label group."
487,"What is a legal separation?

Legal separation means that the husband and wife live apart and both are not free to marry since their status has not been changed to unmarried or single person.    From Wikipedia:    ""Legal separation is a possible step towards divorce under United States law. A couple are legally separated if they have successfully petitioned a court to recognize their separation; simply living apart does not constitute separation for these purposes. A period of legal separation constitutes grounds for divorce; the length of that period varies from state to state.    Legal separation does not automatically lead to divorce. The couple may reconcile, in which case they need do nothing in order to remain married. If they do not reconcile, and wish to divorce after the statutory time period, they must file for divorce explicitly."""
488,"Viewer's Guide: Perseid Meteor Shower Peaks Aug. 11-12 (SPACE.com) SPACE.com - Every August, when many \  people are vacationing in the country where skies are dark, the best-known meteor \  shower makes its appearance. The annual Perseid meteor shower, as it is called, \  promised to put on an above average display this year.

Viewer's Guide: Perseid Meteor Shower Peaks Aug. 11-12 (SPACE.com) SPACE.com - Every August, when many \  people are vacationing in the country where skies are dark, the best-known meteor \  shower makes its appearance. The annual Perseid meteor shower, as it is called, \  promised to put on an above average display this year."
489,"How many words with 10 letters are there in the US dictionary?

SCOWL (Spell Checker Oriented Word Lists) has about 70,000 10-letter words total.  If we limit it to the ""large"" subset recommended for spellchecking in the U.S., it's about 20,000 10-letter words.  If we then remove proper names, capitalized words, abbreviations, contractions, and possessives, it's about 14,000 words (from ""abandoning"" to ""zygodactyl"").\n\nScrabble dictionaries usually have considerably fewer 10-letter words, because they remove words that can't be formed in normal gameplay.  The one I have lists about 50 10-letter words."
490,"Getting beyond the next big thing McKinsey says a post-boom tech industry can profit mightily by taking stock in the operations of many slower-growth industries.

Getting beyond the next big thing McKinsey says a post-boom tech industry can profit mightily by taking stock in the operations of many slower-growth industries."
491,"Durata Therapeutics

Durata Therapeutics established in 2009 is a clinical development stage pharmaceutical company which focuses on the treatment of infectious diseases. The company acquired dalbavancin a long-acting semisynthetic lipoglycopeptide antibiotic from Pfizer in December 2009. Durata has initiated two Phase III studies of dalbavancin for intravenous (IV) treatment of acute bacterial skin and skin structure infections."
492,"Infocus: Examining a Public Exploit, Part 1 The purpose of this article is to analyze a public exploit in a lab environment, see the alerts generated by an intrusion detection system, and then do some packet analysis of the malicious binary in order to better understand it.

Infocus: Examining a Public Exploit, Part 1 The purpose of this article is to analyze a public exploit in a lab environment, see the alerts generated by an intrusion detection system, and then do some packet analysis of the malicious binary in order to better understand it."
493,"I am being harassed by a telemarketing company even though i requested to be not called. Help?

The federal DNC is your best bet but there will still be a lag between when you register and the telemarketers check the list (4 to 8 weeks at least) \n\nIn the meantime, you're doing the right thing by telling them to put you on their list.  If they call again use your caller ID and pass that info on to the site below.\n\nIt only works if you haven't done any biz with them though.  One transaction with them means they have the right to keep calling you for up to 18 months."
494,"Am I (Arnold) stronger then Rambo?

In the movie The Last Action Hero (http://movies.yahoo.com/shop?d=hv&id=1800193490&cf=info&intl=us) Arnold gets into the world that existed without Arnold, and sees the Terminator movie poster with Sylvester Stallone playing the Terminator. Arnold measures his biceps size against portrayed Stallone's biceps, and arrives at the conclusion that Sylvester Stallone has got to do a lot more training to reach Arnold's level."
495,"Progress Supply Ship Docks with Space Station NASA -- An unpiloted Russian cargo ship linked up the International Space Station this morning to deliver almost three tons of food, fuel, oxygen, water and supplies to the residents onboard.     The ISS Progress 15 craft automatically docked to the aft port of the Zvezda Service Module at 12:01 a.m...

Progress Supply Ship Docks with Space Station NASA -- An unpiloted Russian cargo ship linked up the International Space Station this morning to deliver almost three tons of food, fuel, oxygen, water and supplies to the residents onboard.     The ISS Progress 15 craft automatically docked to the aft port of the Zvezda Service Module at 12:01 a.m..."
496,"Would it seriously affect my chances of getting into college if I don't have a high SAT score?

Unfortunately, the answer is ""Maybe"".\n\nIf you are trying to get into a top tier school with very selective admissions, then a low SAT/ACT score is virutally a ""kiss of death"".\n\nHowever, if you are looking at most state univerisities, then a low SAT/ACT score is not too bad.  You may have to take a few remedial courses.\n\nMOST IMPORTANT!!  A low SAT/ACT score WILL NOT stop you from going to college.  And, in the long run, it really doesn't matter very much where you get your undergraduate degree (as long as the college/university is ""regionally accredited"").  For example, a degree in education from ANY regionally NCATE accredited school will get you hired as a teacher.  An engineering degree from ANY ABET accredited school will get you hired as an engineer.\n\nEnjoy"
497,"Bing & Grøndahl

Bing & Grøndahl was a Danish porcelain manufacturer founded in 1853 by the sculptor Frederik Vilhelm Grøndahl and merchant brothers Meyer Hermann Bing and Jacob Herman Bing. The trademark backstamp for Bing & Grøndahl (B&G) porcelains is the three towers derived from the Coat of Arms of Copenhagen. The company's Seagull dinnerware series became known as the National Service of Denmark in the 1950s when it was found in one tenth of all Danish households."
498,"SnapDragon Games

SnapDragon Games was a video game development company founded in 2005. The company filed for bankruptcy in December 2009.They developed games for Xbox360 and the Nintendo DS and Wii."
499,"What are the rules around who can throw the ball in football?

As long as a player is behind the line of scrimmage , they can throw the  ball. So to answer your question, anyone can throw the ball."
500,"Will there ever be another figure in rock that comes even close to Jimi Hendrix?

In terms of guitar-playing chops, what about Eddie Van Halen, Eric Clapton, Carlos Santana? In terms of showmanship, what about Iggy Pop, Mick Jagger, Bono?  In terms of cool guy who died way too young, what about Kurt Cobain?"
501,"What's the longest english word without a vowel in it?

The longest word without a vowel is Rhythm.\nIt is referenced on below web site where you can find more fun facts."
502,"Paid Search Growth May Slow A new Internet advertising forecast shows a slowdown in paid search listings in the next five years. Will the projection affect Google's prospects when it goes public?

Paid Search Growth May Slow A new Internet advertising forecast shows a slowdown in paid search listings in the next five years. Will the projection affect Google's prospects when it goes public?"
503,"How long is the wall of china?

The Wall stretches over a formidable 6,350 km (3,946 miles), from Shanhai Pass on the Bohai Gulf in the east, at the limit between China proper and Manchuria, to Lop Nur in the southeastern portion of Xinjiang Uygur Autonomous Region."
504,"What's the best age gap between siblings?

The New England Journal of Medicine recently published a study suggesting that parents should wait 18 to 23 months after a full-term birth before conceiving again.  Interestingly enough, the average age gap between siblings in America is about two and a half years -- which means we must be following this advice!  I personally have two sisters, one 6 years older and the other 11 years older, and we get along famously.  You have to worry about competition between siblings when the age gap is too small; but with families with wide gaps in age between the siblings, you have to worry that they'll be raised almost like one ""only child"" after another.  Best,\n`k."
505,"Why do men wear neckties?

I believe it originated in Croatia sometime in the middle ages where it was primarily worn by men to show allegiance to their King. It seems to have gained popularity in France where the French form for Croatia resulted in them being called 'cravat'. Details in the article."
506,"Should teachers be required to renew their credentials every 5 years?

On one side I say yes and on the other I say no. It depends really. Some teachers I do not think should be teachers, and I think this will help remove them, yet the good teachers also may be removed because of that too."
507,"How come the usage of alternate power generators is not more prevalent in a state like Californi

California electricity is generated by several sources, including hydroelectric, wind, geothermal and nuclear (in addition to the more traditional natural gas).  The question is why these other sources aren't used more, and the answer is that historically, they've either been more expensive or have environmental risks of their own (esp. for nuclear).  As petroleum and natural gas sources start to get used up, and world demand for energy increases, the cost of electricity from natural gas will go up and the other sources will become more cost effective and more prevalent.\nIncidentally, solar power is another source used in California, but it's provided by individuals, not power companies.  If your house has solar power and you have the right equipment, you can sell your surplus electricity to the power company and your electric meter will literally run backward."
508,"Perseid Meteor Shower Peaks Overnight (SPACE.com) SPACE.com - A fine display of shooting stars is underway and peaks overnight Wednesday into early Thursday morning. Astronomers expect the 2004 Perseid meteor shower to be one of the best versions of the annual event in several years.

Perseid Meteor Shower Peaks Overnight (SPACE.com) SPACE.com - A fine display of shooting stars is underway and peaks overnight Wednesday into early Thursday morning. Astronomers expect the 2004 Perseid meteor shower to be one of the best versions of the annual event in several years."
509,"What is the only state in the US whose governor has no veto power?

North Carolina."
510,"What can you say to someone on their deathbed to help put their mind at ease?

It really depends on the beliefs of the individual. If they are religious, talk to them about their beliefs about the afterlife. If they are worried about how their actions in life may affect their disposition after death, recall for them (if possible) their good works and deeds. If they believe in God, remind them of the principles of divine forgiveness. If they're not religious, ask them about their beliefs. Reassure them of their impact on your life. If you're there at their bedside, I assume they've touched you somewhat, somehow.\n\nThis is not a time to hold a grudge. If you have a disagreement with them, try to forgive. Remember you will have to live with yourself after the other person is gone. Let them know you will remember them fondly. Recall good times with them to help ease their pain."
511,"Do you have a recommendation for a quiet and decent apartment complex around Houston?

Take a look on Barker Cypress Rd. there are a few places that looks like a place you would call home.\nthe rent would you from $750.00 to $1,100"
512,"What is the difference between AGP and PCI graphics cards?

AGP or Accelerated Graphics Port succeeded PCI or Peripheral Component Interconnect as a technology to connect graphics cards to a computer's motherboard. PCI is still used to connect other devices like ethernet and sound cards.\n\nAGP slots provide a dedicated link between the card and the CPU and thus providing faster communication between them.  There are other enhancements as well.  See the source for more.  But the bottom line is that AGP cards perform much better.\n\nBut now AGP is getting phased in favor of PCIe or PCI Express which is even faster and can be used as the bus for all the devices in a machine."
513,"PrimalScream Music

PrimalScream Music is an award-winning music production company in Los Angeles CA and Austin TX that creates original music for television advertising. They have operated out of The Village Recorder in Los Angeles for the last decade and Cedar Creek Studios in Austin. Their commercial and branding projects includes work for McDonald's Ford Hyundai Firestone BMW PetSmart 21st Century Starz and FX. They are certified by the Women's Business Enterprise National Council."
514,"Poachers Putting Endangered Rhinos at Risk (AP) AP - Gangs of poachers in Congo have been slaughtering the world's minuscule population of northern white rhinos, reducing the population by about one-half in just more than a year, a key conservation organization said Friday.

Poachers Putting Endangered Rhinos at Risk (AP) AP - Gangs of poachers in Congo have been slaughtering the world's minuscule population of northern white rhinos, reducing the population by about one-half in just more than a year, a key conservation organization said Friday."
515,"Google to Give Yahoo More Stock to Settle Dispute Online search engine leader Google Inc. (GOOG) will surrender more than \$300 million of its stock to Yahoo Inc. (YHOO) in a settlement that removes a legal threat hanging over its IPO at the expense of enriching a nettlesome rival.

Google to Give Yahoo More Stock to Settle Dispute Online search engine leader Google Inc. (GOOG) will surrender more than \$300 million of its stock to Yahoo Inc. (YHOO) in a settlement that removes a legal threat hanging over its IPO at the expense of enriching a nettlesome rival."
516,"Oil and Economy Cloud Stocks' Outlook (Reuters) Reuters - Soaring crude prices plus worries\about the economy and the outlook for earnings are expected to\hang over the stock market next week during the depth of the\summer doldrums.

Oil and Economy Cloud Stocks' Outlook (Reuters) Reuters - Soaring crude prices plus worries\about the economy and the outlook for earnings are expected to\hang over the stock market next week during the depth of the\summer doldrums."
517,"Heavy water

Heavy water is like regular water except that instead of two hydrogen atoms and an oxygen atom (H20) it has two deuterium atoms and an oxygen atom (D20). Deuterium is a hydrogen atom with an extra neutron.\nWater is used in nuclear reactors to moderate the reaction speed, and to absorb heat. Nuclear fission starts by giving off neutrons that create a chain reaction. Any water around it absorbs those neutrons (becoming heavy water) and slows the reaction. If heavy water is used instead of regular hydrogen water, the neutrons are not absorbed. This means that less pure nuclear material can be used to sustain a reaction. For example unrefined uranium, which is much less expensive, can be used instead of enriched uranium."
518,"'Invisible' technology for Olympics Getting the technology in place for Athens 2004 is an Olympic task in itself.

'Invisible' technology for Olympics Getting the technology in place for Athens 2004 is an Olympic task in itself."
519,"Deep-Sea Vessel Puts Ocean Floor in Reach (AP) AP - A new deep-sea research vessel will be able to carry people to 99 percent of the ocean floor, diving deeper than the famed Alvin that pioneered the study of seafloor vents, plate tectonics and deep ocean creatures over the past 40 years.

Deep-Sea Vessel Puts Ocean Floor in Reach (AP) AP - A new deep-sea research vessel will be able to carry people to 99 percent of the ocean floor, diving deeper than the famed Alvin that pioneered the study of seafloor vents, plate tectonics and deep ocean creatures over the past 40 years."
520,"What is the 4th largest city in the U.S.?

Assuming that ""largest"" refers to the greatest population, the 4th largest city in the U.S. is Houston Texas."
521,"Oldsmobile: The final parking lot Why General Motors dropped the Oldsmobile. The four brand  paradoxes GM had to face - the name, the product, image re-positioning, and the consumer - all added up to a brand that had little hope of rebranding.

Oldsmobile: The final parking lot Why General Motors dropped the Oldsmobile. The four brand  paradoxes GM had to face - the name, the product, image re-positioning, and the consumer - all added up to a brand that had little hope of rebranding."
522,"what is the biggest number  in the world?

infinity \n\nand for those people..\n\ninfinity + 1, infinity x infinity\nand infinity ^ infinity"
523,"Why is the sky blue?

The sky is blue due to atmospheric scattering of blue light. Blue photons are the most energetic of the visible light photos, and interact more with the atmosphere as a result. To be clear, all colors get scattered, it s just that blue is affected the most because of it is more energetic.   A related effect happens around sunset. At this time of day, sunlight needs to travel through significantly more air to reach your eyes. The length of air is so long that nearly all the blue and green is scattered away before it reaches you. All that is left is yellows, oranges and reds, some of which reaches your eyes, and the rest scattered in the sky within your view."
524,"Can you recommend a good preschool with childcare around New York?

You don't specify-- do you mean around Manhattan? The Urban Baby message boards are a good and very active source of information: \nhttp://newyork.urbanbaby.com/community/messageboards_main.html\nI also like the GoCityKids site: \nhttp://www.gocitykids.com/?area=197\n\nI'd recommend contacting moms in your area for recommendations, and touring schools that are near your home. (GCK can help you find one in your neighborhood.)\n\nHere's a nationwide roundup of childcare websites: \nhttp://www.babycenter.com/refcap/baby/babychildcare/6104.html"
525,"Iraq Halts Oil Exports from Main Southern Pipeline (Reuters) Reuters - Authorities have halted oil export\flows from the main pipeline in southern Iraq after\intelligence showed a rebel militia could strike\infrastructure, an oil official said on Saturday.

Iraq Halts Oil Exports from Main Southern Pipeline (Reuters) Reuters - Authorities have halted oil export\flows from the main pipeline in southern Iraq after\intelligence showed a rebel militia could strike\infrastructure, an oil official said on Saturday."
526,"Cheqbook

Cheqbook is a cloud accounting Software-As-A-Service for small-to-medium business. Cheqbook automates downloading and categorizing transactions as well as offering invoicing (Accounts Receivable) bill pay (Accounts Payable) and reporting. The software is available via monthly subscription on Mac PC and tablet computers running a modern web browser. Subscriptions are tiered based on the number of companies or books being managed. Accountants and business owners can share their books."
527,"Waters Corporation

Waters Corporation is a publicly traded laboratory analytical instrument and software company headquartered in Milford Massachusetts."
528,"HP partners with 3G gear maker Major cell phone infrastructure provider plans to use HP's telecom software in 3G mobile network gear.

HP partners with 3G gear maker Major cell phone infrastructure provider plans to use HP's telecom software in 3G mobile network gear."
529,"Banca di Credito Sardo

The Banca di Credito Sardo SpA is an italian bank headquartered in Cagliari Sardinia. It was established in 2009 after the fusion with the Banca CIS (acronym of Credito Industriale Sardo) and the financial group Intesa Sanpaolo.Template:What?The Bank has 1200 employees 116 bank offices and 240000 clients.The head office building located in Cagliari was designed by the italian architect Renzo Piano."
530,"Studies Find Rats Can Get Hooked on Drugs (AP) AP - Rats can become drug addicts. That's important to know, scientists say, and has taken a long time to prove. Now two studies by French and British researchers show the animals exhibit the same compulsive drive for cocaine as people do once they're truly hooked.

Studies Find Rats Can Get Hooked on Drugs (AP) AP - Rats can become drug addicts. That's important to know, scientists say, and has taken a long time to prove. Now two studies by French and British researchers show the animals exhibit the same compulsive drive for cocaine as people do once they're truly hooked."
531,"Earth is Rare, New Study Suggests (SPACE.com) SPACE.com - Flip a coin. Heads, Earth is a common sort of planet. Tails, and ours is as unusual as a coin landing on edge. That's about the state of knowledge for scientists who ponder the question of our planet's rarity.

Earth is Rare, New Study Suggests (SPACE.com) SPACE.com - Flip a coin. Heads, Earth is a common sort of planet. Tails, and ours is as unusual as a coin landing on edge. That's about the state of knowledge for scientists who ponder the question of our planet's rarity."
532,"Monster (company)

Monster Inc. is an American company that manufactures and markets 6000 different products but is best known for audio and video cables. It also produces speakers headphones power strips mobile accessories and audio devices for automobiles. The company was founded by an audiophile and engineer Noel Lee in 1979 by experimenting with different ways to build audio cables."
533,"Fargo Moorhead Metro Area Transit

Fargo Moorhead Metro Area Transit (popularly known as MAT or MATBUS) is a bus company serving the Fargo North Dakota and Moorhead Minnesota Metropolitan area."
534,"what's the best Sirius satellite radio to get?

You want one of the dockable tuners, all of them have some sort of line out capability.  After that the prime factor is form factor and UI.  I prefer the look of the Clarion but the JVC and Audiovox are also good.  Also, if you have broadband at home, you don't need a tuner, all sirius subscribers can stream Sirius channels via the internet for free."
535,"Globoforce

Globoforce is a multinational company co-headquartered in Southborough Massachusetts and Dublin Ireland providing cloud-based (software as a service) human capital management (HCM) software solutions. Its social recognition solutions are designed for employees to recognize and reward each other as incentive for performance and behaviors that are mapped to company values. A private corporation Globoforce is co-headquartered in Southborough Massachusetts and Dublin Ireland."
536,"Is Thanksgiving only celebrated in the United States?

No, Canadians have Thanksgiving too."
537,"Dunnhumby

Dunnhumby is a United Kingdom-based customer science company that helps retailers and brands analyze data in order to improve customer experiences and build loyalty."
538,"Kerry's Disgusting Ad \\A few days ago Kerry sent around this ad:\\""Yesterday, the Bush-Cheney campaign, losing any last sense of decency, placed\a disgusting ad called ""The Faces of John Kerry's Democratic Party"" as the\main feature on its website. Bizarrely, and without explanation, the ad places\Adolf Hitler among those faces.""\\""The Bush-Cheney campaign must pull this ad off of its website. The use of\Adolf Hitler by any campaign, politician or party is simply wrong.""\\Which of course is a mistake.  I went and downloaded the video (which is just\stupid btw.  Not a masterpiece by any means.) and there are shots of Hitler in\there, but only from the MoveOn contest from a few months back.\\Here's the problem.  The ...\\

Kerry's Disgusting Ad \\A few days ago Kerry sent around this ad:\\""Yesterday, the Bush-Cheney campaign, losing any last sense of decency, placed\a disgusting ad called ""The Faces of John Kerry's Democratic Party"" as the\main feature on its website. Bizarrely, and without explanation, the ad places\Adolf Hitler among those faces.""\\""The Bush-Cheney campaign must pull this ad off of its website. The use of\Adolf Hitler by any campaign, politician or party is simply wrong.""\\Which of course is a mistake.  I went and downloaded the video (which is just\stupid btw.  Not a masterpiece by any means.) and there are shots of Hitler in\there, but only from the MoveOn contest from a few months back.\\Here's the problem.  The ...\\"
539,"what is the cause for headaches

There are several possible causes for headaches.  According to a Chiropractor friend of mine, dehydration is a major cause.  For example, too many Margaritas one night can leave you seriously dehydrated, hung over and with a headache the next day.\nOther causes are stress, allergies, etc. Dr. Hoffman's reference below explains some of these in detail."
540,"Hebmüller

The coachbuilding company Hebmüller And Sons was founded in 1889 by Joseph Hebmüller it was established in the town of Wuppertal in Germany.At start it constructed horsedrawn carriages but after the death of the founder Joseph in 1919 his sons started building bodies to automobiles."
541,"if a plane was on some type of treadmill that detects speed, will it ever take off?

If the plane is on a treadmill like the ones we run on at the gym, then it won't really be 'going' anywhere and will not take off because no air is passing by the wings to generate lift.  \n\nI think you might have to clarify this one further..."
542,"Researchers seek to untangle the e-mail thread E-mail is a victim of its own success. That's the conclusion of IBM Corp. researchers in Cambridge, who have spent nearly a decade conducting field tests at IBM and other companies about how employees work and use electronic mail. It's clear to them that e-mail has become the Internet's killer application.

Researchers seek to untangle the e-mail thread E-mail is a victim of its own success. That's the conclusion of IBM Corp. researchers in Cambridge, who have spent nearly a decade conducting field tests at IBM and other companies about how employees work and use electronic mail. It's clear to them that e-mail has become the Internet's killer application."
543,"Storage, servers brings down HP results Hewlett-Packard blindsided analysts with news that its third- and fourth-quarter earnings would badly miss estimates primarily because of problems in its server and storage division.

Storage, servers brings down HP results Hewlett-Packard blindsided analysts with news that its third- and fourth-quarter earnings would badly miss estimates primarily because of problems in its server and storage division."
544,"Who invented the mouse?

According to the bible, it was God.\nAccording to Darwin, it was natural evolution.\nMany others will convince you that it was Steve Jobs and Apple.\n\nThe answer, according to http://www.superkids.com/aweb/pages/features/mouse/mouse.html, is Doug Engelbart.\n\n(which I found via this Yahoo! Search http://myweb2.search.yahoo.com/search?p=who+invented+the+mouse.)"
545,"Vonage hangs up on some callers VoIP company suffers ""delays,"" the second glitch in two weeks. Those affected are told to reboot their adaptors.

Vonage hangs up on some callers VoIP company suffers ""delays,"" the second glitch in two weeks. Those affected are told to reboot their adaptors."
546,"Reds Knock Padres Out of Wild-Card Lead (AP) AP - Wily Mo Pena homered twice and drove in four runs, helping the Cincinnati Reds beat the San Diego Padres 11-5 on Saturday night. San Diego was knocked out of a share of the NL wild-card lead with the loss and Chicago's victory over Los Angeles earlier in the day.

Reds Knock Padres Out of Wild-Card Lead (AP) AP - Wily Mo Pena homered twice and drove in four runs, helping the Cincinnati Reds beat the San Diego Padres 11-5 on Saturday night. San Diego was knocked out of a share of the NL wild-card lead with the loss and Chicago's victory over Los Angeles earlier in the day."
547,"NTP in Debian \\The Network Time Daemon (NTP  Daemon) implementation within Debian leaves a\lot to be desired.\\First off they don't include it with a working config.  You have to create your\own /etc/ntpd.conf.  To make matters worse the configuration doesn't accept DNS\names so you have to manually enter IPs.  Fun.  I can understand that they might\not want to provide ONE configuration and overwhelm one or two NTP servers but\they can provide a dynamic config that balances load among all available\servers.  There is of course the public serves list  but you have to Google\for it.\\All you really need to do here is enter a list of servers:\\server time.nist.gov\\server 192.43.244.18\

NTP in Debian \\The Network Time Daemon (NTP  Daemon) implementation within Debian leaves a\lot to be desired.\\First off they don't include it with a working config.  You have to create your\own /etc/ntpd.conf.  To make matters worse the configuration doesn't accept DNS\names so you have to manually enter IPs.  Fun.  I can understand that they might\not want to provide ONE configuration and overwhelm one or two NTP servers but\they can provide a dynamic config that balances load among all available\servers.  There is of course the public serves list  but you have to Google\for it.\\All you really need to do here is enter a list of servers:\\server time.nist.gov\\server 192.43.244.18\"
548,"Greatist

Greatist is a fitness health and happiness Internet media startup. Founded in 2011 by Derek Flanzraich. Acknowledged for its high-quality content aimed primarily at an 18-35 audience the site now reaches over 4 million unique visitors per month with its traffic driven primarily by social media."
549,"Why Windows isn't Unix \\""I first heard about this from one of the developers of the hit game SimCity, who\told me that there was a critical bug in his application: it used memory right\after freeing it, a major no-no that happened to work OK on DOS but would not\work under Windows where memory that is freed is likely to be snatched up by\another running application right away. The testers on the Windows team were\going through various popular applications, testing them to make sure they\worked OK, but SimCity kept crashing. They reported this to the Windows\developers, who disassembled SimCity, stepped through it in a debugger, found\the bug, and added special code that checked if SimCity was running, and if it\did ...\\

Why Windows isn't Unix \\""I first heard about this from one of the developers of the hit game SimCity, who\told me that there was a critical bug in his application: it used memory right\after freeing it, a major no-no that happened to work OK on DOS but would not\work under Windows where memory that is freed is likely to be snatched up by\another running application right away. The testers on the Windows team were\going through various popular applications, testing them to make sure they\worked OK, but SimCity kept crashing. They reported this to the Windows\developers, who disassembled SimCity, stepped through it in a debugger, found\the bug, and added special code that checked if SimCity was running, and if it\did ...\\"
550,"Does anyone know a good apartment rental agency around Washington DC?

I've had personal experience with Archstone apartments and Summit (just bought by Camden) apartments in the past two years. While neither one is stellar, both were acceptable. Both of these were in the Northern Virginia area - bedroom communities for D.C. \n\nBest of luck apartment hunting! The housing market around here is absolutely insane."
551,"Is it legal to publicly rate medical doctors?

NOT LEGAL ADVICE:\nAs long as you make it clear that you are offering your opinion, then your ratings will be protected by the US Constitution's 1st Amendment protection for free speech. (You are in the US, right?)  \n\nIf you falsely or misleadingly indicate that your rankings are based on something other than your opinion, then there may be liability for libel or even fraud.  However, if the rankings are based on some criteria other than your opinion, and you are explicit about the basis for the rankings and truthful about the results, you are similarly protected.  \n\nShouldn't be a difference for medical or mechanical rankings. But, keep in mind that if people rely on your endorsement and then something goes wrong, they may seek to hold you liable.  The best protection against this is to be explicit about your sources (opinion, etc.) and have a lawyer advise you.\n\nGood luck!"
552,"Thune

Thunes Mekaniske Værksted A/S Thune for short was a Norwegian manufacturing company that among other things built locomotives. The production facilities were last located at Skøyen."
553,"How come stars are generally round?

Largely because of the massive amounts of gravitational force involved.  A sphere is the only sustainable shape when talking about forces of that magnitude.  Stars are incredibly dense towards their core, and over billions of years the matter will coalesce in a sphere like shape."
554,"The Beautiful Music

The Beautiful Music (TBM) is a Canadian record label started in 2002 by Wally Salem specializing in indie pop. Acts include Skytone Nick Danger & the Danger City Rebels The Mules Jeremy Gluck Dot Dash The Higher Elevations and The Social Icons. TBM has gained popularity since 2004 as the label that is releasing a ten volume tribute series to the Television Personalities.Articles on the TVP Tribute SeriesDetour Magazine[1]Stylus Magazine[2]HIPCRANK Magazine[3]"
555,"Scientists given cloning go-ahead The first request by British scientists to clone human embryos has been granted by experts.

Scientists given cloning go-ahead The first request by British scientists to clone human embryos has been granted by experts."
556,"Java3D - Half Right \\SUN has announced that Java3D will be released in a different manner than any\other SUN project in existence.\\""We announce the availability of the source code for the Java 3D API on\java.net.  We are involving developers in the evolution of the Java 3D API.\Come join the Java 3D projects on java.net, and download the source code for\the core Java 3D API, vecmath, the Java 3D core utilities, and the Java 3D\program examples.""\\The key thing here is that they have provided the core utils under a BSD license\and even have the CVS available .\\Good job SUN!  You're headed in the right direction!\\Here's the only problem:\\""We are releasing the source code for the j3d-core and vecmath projects u ...\\

Java3D - Half Right \\SUN has announced that Java3D will be released in a different manner than any\other SUN project in existence.\\""We announce the availability of the source code for the Java 3D API on\java.net.  We are involving developers in the evolution of the Java 3D API.\Come join the Java 3D projects on java.net, and download the source code for\the core Java 3D API, vecmath, the Java 3D core utilities, and the Java 3D\program examples.""\\The key thing here is that they have provided the core utils under a BSD license\and even have the CVS available .\\Good job SUN!  You're headed in the right direction!\\Here's the only problem:\\""We are releasing the source code for the j3d-core and vecmath projects u ...\\"
557,"Deutsche Grammophon

Deutsche Grammophon is a German classical record label which was the foundation of the future corporation to be known as PolyGram. It is now part of Universal Music Group (UMG) since its acquisition and absorption of PolyGram in 1999 and it is also UMG's oldest active label. It is also the oldest surviving established record company."
558,"Experts Downplay Texas Shark Attacks (AP) AP - Three shark attacks off the Texas coast in the past two months are unusual but don't mean there are more sharks than normal along the beach or that they are getting bolder, marine biologists and other experts say.

Experts Downplay Texas Shark Attacks (AP) AP - Three shark attacks off the Texas coast in the past two months are unusual but don't mean there are more sharks than normal along the beach or that they are getting bolder, marine biologists and other experts say."
559,"What is the other nickname of Georgia besides Peach State?

Empire State of the South"
560,"Indians fill rail skills shortage Network Rail flies in specialist Indian engineers to work on the West Coast Mainline because of a UK skills shortage.

Indians fill rail skills shortage Network Rail flies in specialist Indian engineers to work on the West Coast Mainline because of a UK skills shortage."
561,"Kansas Academy of Science

The Kansas Academy of Science is a public organization for the promotion and promulgation of scientific research in the state of Kansas United States. It was created as the Kansas Natural History Society at a meeting at Lincoln College (now Washburn University) in Topeka. The first president was Benjamin Franklin Mudge the former State Geologist and a professor at the Kansas State Agricultural College (now Kansas State University)."
562,"Target Australia

Target Australia Pty Ltd is an Australian department store chain owned by the Wesfarmers Group (formerly by the Coles Group). It operates 183 Target stores and 125 Target Country stores across Australia making 308 combined stores with its national store support office located in North Geelong Victoria. It sells clothing cosmetics toys homewares electrical and consumer electronics but not food."
563,"Off Madison Ave

Off Madison Ave is a full-service marketing communications firm based in Tempe Arizona. The firm was founded by partners David Anderson and Roger Hurni. Off Madison Ave specializes in new media strategic planning interactive marketing public relations advertising market research and strategies and media planning. Both partners have received the American Advertising Federation's Phoenix Chapter Ad Person of the Year - Hurni in 2007 and Anderson in 2002."
564,"China Sandi Holdings

China Sandi Holdings Limited(Short name China Sandi Holdings) formerly China Grand Forestry Resources Group Limited and China Grand Forestry Green Resources Group Limited is a public company engaged in the ecological forestry business in China. It involves in tree plantation and the manufacture and distribution of timber.It was established in 1991 with the origin name of Good Fellow Group Limited. It was listed on the Hong Kong Stock Exchange in 1998. It is headquartered in Hong Kong."
565,"Puregold

Puregold Price Club Inc. (PSE: PGOLD) is a chain of supermarkets in the Philippines established in 1998.It began in 1998 when Puregold opened its first branch in Mandaluyong City. Presently it has grown into a retail chain with more than 200 stores nationwide.In 2011 Puregold Price Club went public and inaugurated as listing on the Philippine Stock Exchange.In 2012 Puregold acquired Kareila Management Corp. which owns S&R Membership Shopping and Parco."
566,"Does anyone know a good tutoring service for k-12 around Philadelphia?

Please try http://www.TutorVista.com for high-quality tutoring for K-12 and College students.\n\nWe offer UNLIMITED tutoring hours in all subjects for only $99.99 a month! The tutoring is done over the Internet. It is one-on-one tutoring, one tutor per student. You can try it FREE - two hours of tutoring to try it for yourself! \n\nVisit http://www.TutorVista.com or call 866-735-0516 (toll-free)"
567,"The Next Great Space Race: SpaceShipOne and Wild Fire to Go For the Gold (SPACE.com) SPACE.com - A piloted rocket ship race to claim a  #36;10 million Ansari X Prize purse for privately financed flight to the edge of space is heating up.

The Next Great Space Race: SpaceShipOne and Wild Fire to Go For the Gold (SPACE.com) SPACE.com - A piloted rocket ship race to claim a  #36;10 million Ansari X Prize purse for privately financed flight to the edge of space is heating up."
568,"Cruise & Maritime Voyages

Cruise & Maritime Voyages is a passenger shipping company headquartered in Essex United Kingdom."
569,"Google, Yahoo Settle Patent and Share Disputes Google and Yahoo announced today that they have resolved two contentious issues between the companies.

Google, Yahoo Settle Patent and Share Disputes Google and Yahoo announced today that they have resolved two contentious issues between the companies."
570,"Should the A's trade Zito this off-season?

IMHO, the A's will be traded Zito this off-season or in the middle of next season.  The ""Money-ball"" philosophy has been working for them and they will continue.  Trading Zito will also get them some good young players too."
571,"Should cell phones and PDAs be allowed in school? Why or why not?

I don't think Cell Phones and PDAs should be allowed since students may spend lot of time playing with (and showing off) the  cool features of these gadgets. Also, some features can be misused (eg. camera phones). For communicating during emergency situations, I am sure school phones can be used."
572,"How do I end a date with a girl I'm not interested in?

It's best to be honest. She'll appreciate you not wasting her time."
573,"What is the role of music in evolution?

There's also an interesting section on how birdsong matches some very intellectual Music Theory in the book Animals in Translation.  The conclusion seems to be that music might be a precursor to language in brain formation.\n\n(Check around page 278 on Look Inside at the Amazon link below, or search for ""birdsong"")"
574,"Grinnell Mutual

Grinnell Mutual Reinsurance Company is a mutual reinsurance company based in Grinnell Iowa. The company operates in 12 midwestern states reinsuring 250 mutual insurance companies.The company earned an A rating from AM Best for 2014."
575,"T. Rex Had Teen Growth Spurt, Scientists Say (Reuters) Reuters - Tyrannosaurus Rex grew incredibly fast\during a teenaged growth spurt that saw the dinosaur expand its\bulk by six times, but the fearsome beasts ""lived fast and died\young,"" researchers said on Wednesday.

T. Rex Had Teen Growth Spurt, Scientists Say (Reuters) Reuters - Tyrannosaurus Rex grew incredibly fast\during a teenaged growth spurt that saw the dinosaur expand its\bulk by six times, but the fearsome beasts ""lived fast and died\young,"" researchers said on Wednesday."
576,"Namco Networks

Namco Networks America Inc. is a developer and publisher of small-scale games targeting the mobile and casual game markets. The startup company based in San Jose California was strategically acquired by Namco Bandai Holdings and renamed as Namco Networks to serve as its mobile games division."
577,"The New Monthly Magazine

The New Monthly Magazine was a British monthly magazine published by Henry Colburn between 1814 and 1884."
578,"The Age of Doom In 1993 six geeks had a digital nightmare that changed the culture. It's about to get far creepier

The Age of Doom In 1993 six geeks had a digital nightmare that changed the culture. It's about to get far creepier"
579,"Sneaky Pete's

Sneaky Pete's is a Birmingham Alabama-based chain of hot-dog restaurants founded by Pete Graphos in 1966 and sold to the present-owner Bernard D'Amico in 1986. Sneaky Pete's corporate offices are located in Vestavia Hills Alabama. As part of its franchise plan many Sneaky Pete's stores are located inside gas station convenience stores under the nameplate Sneaky Pete's Express."
580,"How to get rid of stretch marks after pregnancy?

One word: Strivectin. And, its been reappropriated by the pretty people as a fantastic facial wrinkle cream. Everyone I know swears by it. Banish the stretch marks and forego the Preparation-H. All at the same time. :-)"
581,"Intel Shows Wireless Transceiver Prototype 90-nanometer radio chip promises more power than current CMOS technology.

Intel Shows Wireless Transceiver Prototype 90-nanometer radio chip promises more power than current CMOS technology."
582,"How to fight graft and corruption?

If it is in a corporation, there are special laws to grant you whistleblower status, and you can move into this role under a degree of legal protection from retribution.\n\nIf it is in a government, then it can be very difficult depending on the nature of the government.  Dictatorships are notorious for systemic corruption, and there is little that can be done without coup or significant intervention (or perhaps populist uprising, although you'd be risking your life).  In a democracy, the corruption is of a softer sort, and you may be able to counter-act it via a public interest campaign, or story presented to the news media.\n\nNow if the graft and corruption is within your own heart... that's a real toughie.  It requires a degree of personal strength and conviction to ideals which extend beyond your person.  I think all human beings have the capacity for such strength and compassion, but it requires a willingness to make the hard choices both for yourself and your community."
583,"Columnists: Redmond's Salvation Service Pack 2 for XP represents a sea change in Microsoft's security posture. Here's why you should ignore the naysayers and start planning your upgrade.\

Columnists: Redmond's Salvation Service Pack 2 for XP represents a sea change in Microsoft's security posture. Here's why you should ignore the naysayers and start planning your upgrade.\"
584,"If light travels faster than sound, then why do we hear sound first and then see picture when we turn on TV ?

In most cases, the television needs to 'warm-up' its cathode ray tube before it can start to display an image on the screen.\n\nThe audio coils require much less charging time and can start to emit sound sooner than we can see the image on the television."
585,"Panago

Panago is a Canadian pizza delivery and takeout chain with over 180 locations across 6 provinces. Panago is a franchise business with each location being franchisee-owned and operated. In 2012 Panago served more than 12 million pizzas and generated over 135 million dollars in sales."
586,"Finance Trust Bank

Finance Trust Bank (FTB) commonly called Finance Trust is a commercial bank in Uganda. It is licensed by the Bank of Uganda the central bank and national banking regulator."
587,"What should I have in my disaster emergency kit stored out side my house?

it's probably not a bad idea to stock up on the following: flashlight, battery powered radio (and batteries), non-perishable food (i.e. canned food and juices), non-electric can opener, bottled water, medications (both non-prescription and prescription if taking any regularly), first aid kit, paper plates, cups, and plastic utensils, toothbrushes, toothpaste, comb, brush, contact lens supplies, and feminine hygiene supplies, plastic garbage bags and ties, change of clothes and shoes, and an extra pair of prescription glasses if needed.<br />\nthe red cross offers a checklist for an emergency kit, the link is below."
588,"Angstrem (company)

Angstrem Group (Russian: ОАО «Ангстрем» named after angstrom) is a group of Russian companies one of the largest manufacturers of integrated circuits in Eastern Europe.The group includes: OAO Angstrem (the parent company design and manufacturing of electronic products and semiconductors); OAO Angstrem-M (custom design of integrated circuits staff training); OAO Angstrem-T (under-construction plant with 130-90 nm topology); OAO Angstrem-2M NGO Angstrem OAO Antek↑"
589,"McCarthy Tétrault

McCarthy Tétrault LLP is a law firm with offices in Canada’s major commercial centres and in London UK."
590,"CIB Bank

CIB Bank is the second-biggest commercial bank in Hungary after the 1 January 2008 merger with Inter-Európa Bank. This follows the 2007 merger of their respective Italian parent companies Banca Intesa and Sanpaolo IMI to form Intesa Sanpaolo."
591,"What is the difference betwen a close knit family and extended family?

A close knit family is simply a family that is close--it could apply to a nuclear family (mom, dad, kids) or extended family (cousins, uncles, grandparents).\nAn extended family describes a family unit that extends beyond mom, dad, and kids to include cousins, uncles/aunts, and grandparents."
592,"E. D. Abbott Ltd

Abbott of Farnham E D Abbott Limited was a British coachbuilding business based in Farnham Surrey trading under that name from 1929. A major part of their output was under sub-contract to motor vehicle manufacturers. Their business closed in 1972."
593,"'Madden,' 'ESPN' Football Score in Different Ways  PROVIDENCE, R.I. (Reuters) - Was absenteeism a little high  on Tuesday among the guys at the office? EA Sports would like  to think it was because ""Madden NFL 2005"" came out that day,  and some fans of the football simulation are rabid enough to  take a sick day to play it.

'Madden,' 'ESPN' Football Score in Different Ways  PROVIDENCE, R.I. (Reuters) - Was absenteeism a little high  on Tuesday among the guys at the office? EA Sports would like  to think it was because ""Madden NFL 2005"" came out that day,  and some fans of the football simulation are rabid enough to  take a sick day to play it."
594,"Thoughts on the Google IPO About the Google IPO\\For the past nine months the financial and Internet world has been watching Google in anticipation of what could be the largest Initial Public Offering of stock in history. If you are reading this column and have not been living on Mars for the past year, you ...

Thoughts on the Google IPO About the Google IPO\\For the past nine months the financial and Internet world has been watching Google in anticipation of what could be the largest Initial Public Offering of stock in history. If you are reading this column and have not been living on Mars for the past year, you ..."
595,"Mater Health Services

Mater Health Services is a public and private collocated hospital and health care provider located in and around the corner of Stanley Street and Annerley Road South Brisbane Queensland. Australia. Mater Health Services provides care for some 500000 patients each year. The Mater was established in 1906 by the Sisters of Mercy."
596,"Armchair Arcade

Armchair Arcade is a video game journalism website based in the United States."
597,"Google IPO Registration Ends Today Google IPO Registration Ends Today\\Google has set their IPO registration deadline at today for investors to register for the Google initial public offering.\\Investors wishing to participate in Google's initial public offering have until 5 pm today to register for the auction at ipo.google.com, according to a statement issued Tuesday on ...

Google IPO Registration Ends Today Google IPO Registration Ends Today\\Google has set their IPO registration deadline at today for investors to register for the Google initial public offering.\\Investors wishing to participate in Google's initial public offering have until 5 pm today to register for the auction at ipo.google.com, according to a statement issued Tuesday on ..."
598,"Guitar Player Honors GarageBand Guitar Player magazine announced during the summer NAMM show in Nashville that it has awarded GarageBand the magazine #146;s reader #146;s choice for Best Software of 2004. Jul 29

Guitar Player Honors GarageBand Guitar Player magazine announced during the summer NAMM show in Nashville that it has awarded GarageBand the magazine #146;s reader #146;s choice for Best Software of 2004. Jul 29"
599,"Nice apartment building near SBC Park?

I can't tell you which of the many are best, but I can tell you about one I lived in briefly.\nI lived for a month in the Avalon at 4th and King. I was put up there as a corporate apartment. While it was fine, it was relatively expensive, and the rooms were small. It also had one of those rooms that served as kitchen, dining room and living room all in one. I'm not fond of these kinds of rooms, which are particularly American. The smell of cooking, people watching TV, people eating -- these all seem like activities that should be separated from one another. Call me old fashioned.  \nThe Avalon had a big gym, however, which was very good, and concierge service, which was very convenient. Most of them were very friendly. One concierge even hugged me when we left and said she was going to miss me!  Also convenient was its proximity to the Caltrain, the Safeway across the street and the Starbucks. But if you crave culture, this ain't it: everything is a chain store nearby.\nSo depending on your budget, your need for convenience and culture, and your tolerance for small rooms and/or omnirooms, it may suit you."
600,"Spectrum Aeronautical

Spectrum Aeronautical is a business jet developer based in Carlsbad California with its development center located in Spanish Fork Utah.Since approximately 2006 The company has been involved in the development of two very light jets the Spectrum S-33 Independence and the S-40 Freedom which are to be constructed making extensive use of composite materials."
601,"Indian Overseas Bank

Indian Overseas Bank (IOB) (BSE: 532388) is a major bank based in Chennai (Madras) with about 3300 domestic branches 3 extension counters and six branches overseas as of 31.03.2012. Indian Overseas Bank has an ISO certified in-house Information Technology department which has developed the software that 3257 branches use to provide online banking to customers; the bank has achieved 100% networking status as well as 100% CBS status for its 3257 branches."
602,"Elsewhere: Blaster B Virus Creator Pleads Guilty A 19-year-old man has pleaded guilty to infecting thousands of businesses and U.S. government computers with the Blaster B virus.\\Jeffrey Lee Parson of Hopkins, Minnesot...

Elsewhere: Blaster B Virus Creator Pleads Guilty A 19-year-old man has pleaded guilty to infecting thousands of businesses and U.S. government computers with the Blaster B virus.\\Jeffrey Lee Parson of Hopkins, Minnesot..."
603,"Does anyone have a recommendation for a good CPA who charges reasonable fees in Indianapolis?

i have used Dunbar,Cook and Shepard and the accountant was very good.As far as the ""reasonable""part goes,they may have been a bit more than someone down the street,but if they are thorough and save you money-it's worth it ,isn't it?"
604,"will golden state warriors make it to the playoffs this year ?

No they won't. There are too many better teams in front of them in the Western Conference. Likely locks for the West include San Antonio, Houston, Dallas, Phoenix, Denver, Seattle. Which leaves the Warriors battling for the last 2 spots against LAL, Memphis and Sacramento - all of which are better teams."
605,"My Blog as a Time Machine \\I'm starting to realize that my blog is a bit of a time machine.  For example I\can create a blog entry to warn myself about something that WILL happen in the\future.  \\My current NTP  blog entry is a good example.  I wrote this for myself as\much as for the people who read my blog (or find me via Google).\\I know for sure that NTP on Debian is going to bite me sometime in the future\and I'm going to forget WHY.  Then I'm going to (of course) go to Google or my\aggregator and search for NTP and then find my blog post.  \\I've done this about a dozen times now and its saved me a TON of time!\\

My Blog as a Time Machine \\I'm starting to realize that my blog is a bit of a time machine.  For example I\can create a blog entry to warn myself about something that WILL happen in the\future.  \\My current NTP  blog entry is a good example.  I wrote this for myself as\much as for the people who read my blog (or find me via Google).\\I know for sure that NTP on Debian is going to bite me sometime in the future\and I'm going to forget WHY.  Then I'm going to (of course) go to Google or my\aggregator and search for NTP and then find my blog post.  \\I've done this about a dozen times now and its saved me a TON of time!\\"
606,"ATI Brings Digital TV to Your PC HDTV Wonder snags free high-definition transmissions for budget viewing.

ATI Brings Digital TV to Your PC HDTV Wonder snags free high-definition transmissions for budget viewing."
607,"Britain Grants Human Cloning License (AP) AP - Britain granted its first license for human cloning Wednesday, joining South Korea on the leading edge of stem cell research, which is restricted by the Bush administration and which many scientists believe may lead to new treatments for a range of diseases.

Britain Grants Human Cloning License (AP) AP - Britain granted its first license for human cloning Wednesday, joining South Korea on the leading edge of stem cell research, which is restricted by the Bush administration and which many scientists believe may lead to new treatments for a range of diseases."
608,"Adventist Health System

The Adventist Health System is a non-profit health care organization which operates facilities within the Southern and Midwestern regions of the United States. It is run by the Seventh-day Adventist Church.As of 2014 the system supports 44 hospitals and claims to be the largest not-for-profit Protestant healthcare provider in the nation."
609,"What does LASER stand for?

LASER is an acronym for\nLight Amplification by Stimulated Emission of Radiation"
610,"Help's on the Way for Bad Dates Via Cell Phone The peak time for dates from hell in New York City is Friday at 8 p.m. - judging by the cell phone calls delivering emergency excuses to bolt. Truth is, they're fake ""rescue"" calls - now being offered by two cell phone providers, Cingular Wireless and Virgin Mobile USA.

Help's on the Way for Bad Dates Via Cell Phone The peak time for dates from hell in New York City is Friday at 8 p.m. - judging by the cell phone calls delivering emergency excuses to bolt. Truth is, they're fake ""rescue"" calls - now being offered by two cell phone providers, Cingular Wireless and Virgin Mobile USA."
611,"The Muppets Studio

The Muppets Studio LLC formerly The Muppets Holding Company LLC is a wholly owned entertainment subsidiary of The Walt Disney Company formed in 2004 through the acquisition of The Muppets and Bear in the Big Blue House assets from The Jim Henson Company."
612,"Ashlee Vance: the readers have spoken &lt;strong&gt;Poll results&lt;/strong&gt; Bright news for resident &lt;em&gt;Reg&lt;/em&gt; ladyboy

Ashlee Vance: the readers have spoken &lt;strong&gt;Poll results&lt;/strong&gt; Bright news for resident &lt;em&gt;Reg&lt;/em&gt; ladyboy"
613,"Chrysler's Bling King After a tough year, Detroit's troubled carmaker is back -- thanks to a maverick designer and a car that is dazzling the hip-hop crowd

Chrysler's Bling King After a tough year, Detroit's troubled carmaker is back -- thanks to a maverick designer and a car that is dazzling the hip-hop crowd"
614,"GAO Calls Stryker Too Heavy for Transport The Army's new medium-weight armored vehicle, the Stryker, weighs so much that it curtails the range of C-130 military cargo aircraft that carry it and under certain conditions make it impossible for the planes to take off, a new report for Congress found.

GAO Calls Stryker Too Heavy for Transport The Army's new medium-weight armored vehicle, the Stryker, weighs so much that it curtails the range of C-130 military cargo aircraft that carry it and under certain conditions make it impossible for the planes to take off, a new report for Congress found."
615,"Creaform (3D)

Creaform makes handheld 3D scanner software and hardware. It markets the Handyscan 3D line of self-positioning portable handheld laser scanners for medical and industrial applications including 3D scanning and reverse engineering."
616,"Most Spam is Domestic, Study Says Spammers aren't ducking antispam laws by operating offshore, they're just ignoring it.

Most Spam is Domestic, Study Says Spammers aren't ducking antispam laws by operating offshore, they're just ignoring it."
617,"Jabong.com

Jabong.com is an Indian fashion and lifestyle e-commerce portal. It retails apparel footwear accessories beauty products fragrances home accessories and other fashion and lifestyle products. The company is headquartered in Gurgaon NCR."
618,"Is Lin Qingxia (aka Brigitte Lin) ""the most beautiful woman in Chinese cinema?""

Well.  Everyone has different definition on what 'beauty' is.  I like Lin Qingxia, but I think many girls are prettier than she was. (She is more than 40 years old now). \nIf ""Lin Qingxia"" is the most beautiful woman in the Chinese cinema, the most handsome man in Chinese cinema should be ""Chin Han"" because they always made movies together.\nHowever, A male movie star once was asked his girlfriend in real life or the girlfriend in movie is more beautiful.  He gave a very good answer: ""I think my mother is the most beautiful woman in the world.""  :)"
619,"Evil Twin Brewing

Evil Twin Brewing is the name of a gypsy brewery originating in Denmark. Founded in 2010 by Jeppe Jarnit-Bjergsø (brother of Mikkel Borg Bjergsø of gypsy brewery Mikkeller) Evil Twin produces limited-edition and one-off beers as well as a series of seasonal and year-round beers available internationally.Jarnit-Bjergsø a former schoolteacher in Copenhagen is also the proprietor of the Ølbutikken bottle shop in Copenhagen which imports and distributes craft beer throughout Europe."
620,"A Digital Doctor Treats Computer Contamination Unfortunately for users, computer equipment manufacturers and resellers don't adequately inform Windows users of the risks involved in accessing the Internet without proper security measures.&lt;br&gt;&lt;FONT face=""verdana,MS Sans Serif,arial,helvetica"" size=""-2""\ color=""#666666""&gt;&lt;B&gt;-The Washington Post&lt;/b&gt;&lt;/font&gt;

A Digital Doctor Treats Computer Contamination Unfortunately for users, computer equipment manufacturers and resellers don't adequately inform Windows users of the risks involved in accessing the Internet without proper security measures.&lt;br&gt;&lt;FONT face=""verdana,MS Sans Serif,arial,helvetica"" size=""-2""\ color=""#666666""&gt;&lt;B&gt;-The Washington Post&lt;/b&gt;&lt;/font&gt;"
621,"Why do filipinos eat with their bare hands?

Filipinos aren't the only cluture group who do so,\nand it makes historic sense: homo sapiens had hands long before tools and spoons were ""invented""."
622,"Rockstar Games

Rockstar Games is a multinational video game developer and publisher based in New York City owned by Take-Two Interactive following its purchase of British video game publisher BMG Interactive. The publisher are known for the Grand Theft Auto Max Payne L.A. Noire The Warriors Bully Manhunt Midnight Club State of Emergency and Red Dead games as well the use of open world free roaming settings in their games."
623,"Raven Records

For the defunct Canadian label of the same name see Raven Records (Canadian label)Raven Records is an Australian record label that specializes in retrospectives and reissues or recordings by American British and Australian artists.Raven Records was established in 1979 by Glenn A. Baker Kevin Mueller and Peter Shillito.There is also an American label called Raven which specializes in organ music. It is not connected with the Australian label."
624,"GEICO

The Government Employees Insurance Company (GEICO /ˈɡaɪkoʊ/) is an auto insurance company. It is a wholly owned subsidiary of Berkshire Hathaway that as of 2007 provided coverage for more than 13 million motor vehicles owned by more than 12 million policy holders. GEICO writes private passenger automobile insurance in all 50 U.S. states and the District of Columbia."
625,"Rescuing an Old Saver If you think you may need to help your elderly relatives with their finances, don't be shy about having the money talk -- soon.

Rescuing an Old Saver If you think you may need to help your elderly relatives with their finances, don't be shy about having the money talk -- soon."
626,"Hacker Cracks Apple's Streaming Technology (AP) AP - The Norwegian hacker famed for developing DVD encryption-cracking software has apparently struck again  #151; this time breaking the locks on Apple Computer Inc.'s wireless music streaming technology.

Hacker Cracks Apple's Streaming Technology (AP) AP - The Norwegian hacker famed for developing DVD encryption-cracking software has apparently struck again  #151; this time breaking the locks on Apple Computer Inc.'s wireless music streaming technology."
627,"KMR Communications

KMR Communications Inc is a privately held public relations firm based in New York City founded in 1998 by Katherine Rothman. The company has been a pioneer in the field of medical public relations and has likely represented more physicians group practices and divisions of hospitals than any other PR firm in the nation. The firm also represents an array of industries including: beauty fitness fashion parenting products and specific lifestyle brands."
628,"The J.M. Smucker Company

The J. M. Smucker Company is an American manufacturer of fruit spreads ice cream toppings beverages shortening natural peanut butter and other products in North America. Smucker's headquarters are located in Orrville Ohio."
629,"Why's watching Television so addictive?

I'd say that TV is more popular than books because it is multimedia and much more closely matches how we normally take in information. TV is video and audio. You can see and hear it and thus more information can be squeezed into a short amount of time while also giving a much richer experience. Next time you're watching TV, consider how much you would have to write just to completely describe a single frame.\nLast, TV is also much easier because it's a passive medium. Reading requires your brain to work harder to both read the words and then interpret them into visuals. TV is already visual and can be watched with much less focus & energy."
630,"Benhamou will resign as chairman of PalmSource Eric Benhamou will resign as chairman of PalmSource Inc. on Oct. 28, the company announced Friday. The company said it expects he will continue in his role as chairman of sister company PalmOne Inc.

Benhamou will resign as chairman of PalmSource Eric Benhamou will resign as chairman of PalmSource Inc. on Oct. 28, the company announced Friday. The company said it expects he will continue in his role as chairman of sister company PalmOne Inc."
631,"how do Elephants communicate?

There make very low frequency sounds that we cannot hear. They also make sounds that we do hear and it is because they what other animals to hear it."
632,"What is the name of the second US astronaut to land on the moon?

Edwin Eugene (Buzz) Aldrin Jr<br />\n""On July 20, 1969, Aldrin became the second human being to set foot on the moon. He was joined Neil Armstrong on the surface for two hours of ceremonies and moon rock collecting."""
633,"Orange Music Electronic Company

Orange Music Electronic Company is a British amplifier manufacturing company famous for its distinctive sound and bright orange Tolex-like covering on amplifier heads and speaker cabinets. Orange also manufactures amplifiers for bass guitar speaker cabinets for instrument amplifiers and combination (combo) amplifiers."
634,"News: NASA Extends TRMM Operations Through 2004 Hurricane Season NASA will extend operation of the Tropical Rainfall\Measuring Mission (TRMM) through the end of 2004, in light of a\recent request from the National Oceanic and Atmospheric\Administration (NOAA).

News: NASA Extends TRMM Operations Through 2004 Hurricane Season NASA will extend operation of the Tropical Rainfall\Measuring Mission (TRMM) through the end of 2004, in light of a\recent request from the National Oceanic and Atmospheric\Administration (NOAA)."
635,"Scientists Probe Pacific for Dead Zone (AP) AP - His hand on a toggle switch and his eyes on a computer screen, Oregon State University graduate student Anthony Kirincich uses an array of scientific instruments to probe the vibrant waters of the Pacific. He is searching for the absence of life.

Scientists Probe Pacific for Dead Zone (AP) AP - His hand on a toggle switch and his eyes on a computer screen, Oregon State University graduate student Anthony Kirincich uses an array of scientific instruments to probe the vibrant waters of the Pacific. He is searching for the absence of life."
636,"How come it seems like Lottery winners are always the ones that buy tickets in low income areas.?

I would put it down to psychology.\n\nPeople who feel they are well-off feel no need to participate in the lottery programs. While those who feel they are less than well off think ""Why not bet a buck or two on the chance to make a few million?"". \n\nIt would seem to make sense to me.\n\naddition: Yes Matt - agreed. I just didn't state it as eloquently. Feeling 'no need to participate' is as you say related to education, and those well off tend to have a better education."
637,"Why do human have five fingers and five toes?

According to a column that I read written by Joël Carbonnel, ""Nature has never been able to count above five.""\n\nA researcher has discovered that when the limbs have more than five digits they become distorted into a bow-legged shape which seriously interferes with normal walking or running.\n\nhttp://www.positivehealth.com/permit/Articles/Regular/joel74.htm"
638,"Security pro: Windows easier to 'own' Windows beats Linux in total cost of 'ownership.' Hold on, that's not a good thing.

Security pro: Windows easier to 'own' Windows beats Linux in total cost of 'ownership.' Hold on, that's not a good thing."
639,"What do you call the 4-stringed Hawaiian instrument which looks like a little guitar?

The ukulele, or uke, is a fretted string instrument. It's a smaller, four-stringed version of the guitar. In the early 20th century, the instrument's name was often rendered as ""ukelele"", a spelling still used in Great Britain. The Hawai'ian spelling 'ukulele is also sometimes seen."
640,"IBAHN

iBAHN is a global provider of digital information and entertainment systems for the hospitality and meeting industries. They have approximately 400 employees spread over 17 regional offices throughout North America Asia and Europe. They offer services to more than 3000 hotels in 40+ countries. In March 2014 following Chapter 11 Bankruptcy proceedings the company was purchased by rival Guest-Tek."
641,"Flaw opens AOL chat software to intruders Attackers could bombard PCs using instant messenger's ""away"" feature. AOL says a fix is imminent.

Flaw opens AOL chat software to intruders Attackers could bombard PCs using instant messenger's ""away"" feature. AOL says a fix is imminent."
642,"Reading the Prospectus Critical to IPO Decisions By MICHAEL J. MARTINEZ      NEW YORK (AP) -- Ever read a company's Security and Exchange Commission filings? No? Consider yourself lucky...

Reading the Prospectus Critical to IPO Decisions By MICHAEL J. MARTINEZ      NEW YORK (AP) -- Ever read a company's Security and Exchange Commission filings? No? Consider yourself lucky..."
643,"who was the second leading scorer on philadelphia the night wilt chamberlain scored 100 points in a game?

Warriors guard Al Attles with 17 points."
644,"Kleinhans

Kleinhans formally The Kleinhans Company was a high-end men's clothing store located in Buffalo New York. Edward Kleinhans and his brother Horace opened the store in 1893 and shortly after located in the Brisbane Building at Main and Clinton Streets in Downtown Buffalo. The store would eventually grow to be 54000 square feet (5000 m2) and was said to be the largest men's clothing store in the country."
645,"Joseph Henry Press

Joseph Henry Press is an American publisher which is an imprint of the National Academies Press publisher for the United States National Academy of Sciences. The imprint is named after American scientist Joseph Henry.Press publishes books on science technology and health for the science-interested general public. JHP books represent a broad range of topics from modern physics and frontiers of medicine to scientific biography and early childhood development."
646,"Cobb Community Transit

Cobb Community Transit or CCT is the bus public transit system in Cobb County Georgia one of metro Atlanta's three most populous suburban counties. (The others are Gwinnett County which operates Gwinnett County Transit and Clayton County which formerly operated Clayton County C-TRAN.)"
647,"TLA Entertainment Group

TLA Entertainment Group is a privately held corporation based in Philadelphia Pennsylvania. It was founded in 1981.Originally formed to operate a repertory movie theater the company subsequently moved into catalog and online sales retail stores film festivals and film distribution. The catalog began as a pornographic mail order business and grew to include also gay and lesbian non-pornographic films and books and mainstream films."
648,"Microsoft to Introduce Cheaper Version of Windows  SEATTLE (Reuters) - Microsoft Corp. &lt;MSFT.O&gt; said it will  begin selling a stripped-down, low-cost version of its Windows  XP operating system in the emerging markets of Indonesia,  Malaysia and Thailand in order to spread the use of computing  and develop technology markets.

Microsoft to Introduce Cheaper Version of Windows  SEATTLE (Reuters) - Microsoft Corp. &lt;MSFT.O&gt; said it will  begin selling a stripped-down, low-cost version of its Windows  XP operating system in the emerging markets of Indonesia,  Malaysia and Thailand in order to spread the use of computing  and develop technology markets."
649,"Why are the colors of Christmas red and green?  What do these colors symbolize?

The origin of the popular Christmas colors red and green is speculated to be Italy, since the Italian flag's colors are red, green, and white and most of the Christmas traditions we have were usurped from early Pagan people of the 3rd Century.\n\nIn AD 274, Emperor Aurelian decreed December 25 as natalis solis invicti (""birth of the invincible sun""), a festival honoring the sun god Mithras known as Saturnalia. It had been celebrated by Pagans for centuries, but the emperor moved it to this later date.\n\nShortly thereafter, the Church Fathers likewise set the official date for celebrating the birth of Jesus as being December the 25th.\n\nThe Italians today commemorate Christmas for an entire month. Just as in the days of Pagan Rome with Saturnalia, the period between mid-December and early January is one constant celebration.\n\nRich Nativity scenes and the playing of bagpipes by the zampognari (shepards) are very important to the look and feel of Christmas in Italy."
650,"Can you recommend a residential real estate appraisal firm around Kansas?

I have a trusted real estate agent that could definitely recommend you to a great one.\n\nemail her at courtney@kansascityhomes.com and tell her jill and steve sent you"
651,"Olympic-size security demands advance planning ATHENS -- If there's one thing the Atos Origin SA team understands as lead contractor for the Olympic IT infrastructure, it's that you must learn from your mistakes.

Olympic-size security demands advance planning ATHENS -- If there's one thing the Atos Origin SA team understands as lead contractor for the Olympic IT infrastructure, it's that you must learn from your mistakes."
652,"News: New England Forests at Greater Risk from Air Pollution When it comes to forests, air pollution is not an equal opportunity hazard. While dirty air spreads across large areas of the New England region, it's more scattered in the southeastern part of the United States. (University of Wisconsin-Madison press release)

News: New England Forests at Greater Risk from Air Pollution When it comes to forests, air pollution is not an equal opportunity hazard. While dirty air spreads across large areas of the New England region, it's more scattered in the southeastern part of the United States. (University of Wisconsin-Madison press release)"
653,"Another Expanded Whois Service Doing in-depth investigation of a web site?  Whois.sc offers a wealth of detail about the people and technology behind just about any web site on the planet.

Another Expanded Whois Service Doing in-depth investigation of a web site?  Whois.sc offers a wealth of detail about the people and technology behind just about any web site on the planet."
654,"Rest of the world

Within sports and games played at the international competitive level the Rest of the World refers to a team of players from many countries of origin that compete against a single individual or a team from a single group such as a club or country. The team was formed in 1998."
655,"Annual Study Finds Rise in Beach Closures (AP) AP - The number of days that beaches closed or posted warnings because of pollution rose sharply in 2003 due to more rainfall, increased monitoring and tougher standards, an environmental group said on Thursday.

Annual Study Finds Rise in Beach Closures (AP) AP - The number of days that beaches closed or posted warnings because of pollution rose sharply in 2003 due to more rainfall, increased monitoring and tougher standards, an environmental group said on Thursday."
656,"What was Earvin ""Magic"" Johnson's nickname as a youngster in Michigan, before he came to be known as Magic?

His neighbors used to call him Junior or June Bug."
657,"Líneas Aéreas La Urraca

Líneas Aéreas La Urraca was a Colombian airline."
658,"What did Nate ""Tiny"" Archibald do in the 1972-73 NBA season that no one had done before or since?

He lead the league in both scoring and assists in a single season."
659,"Abu Dhabi Investment Authority

The Abu Dhabi Investment Authority (ADIA) is a sovereign wealth fund owned by Emirate of Abu Dhabi (in United Arab Emirates) founded for the purpose of investing funds on behalf of the Government of the Emirate of Abu Dhabi. It manages the emirate’s excess oil reserves estimated to be as much as $500 billion."
660,"How far is it to the moon?

Mean Distance of Moon from Earth - 238,712 mi (384,400 km)\nGreatest Distance of Moon from Earth (Apogee) - 252,586 mi (406,740 km) Shortest Distance of Moon from Earth (Perigee) - 221,331 mi (356,410 km)"
661,"Elan Snowboards

Elan Snowboards is a member of Slovenian ski company Elan Group and is one of the world's largest producer of high-end snowboards and produces boards since 1987. While the company headquarters with the rest of Elan Group is located in Begunje in north-western part of Slovenia the production of snowboards takes place in the neighboring country - in Furnitz Austria."
662,"Why do people amputate dogs tail?

There are a couple of reasons why this was done a few decades ago.  Dogs with curved tails are known to be chasing flies and fleas that got on their tails. Owners of the dogs found this a nuisance that all of a sudden a dog would keep chasing its tail for several hours in a week. Due to this dogs forgot their ""job"" which was to guard sheep, or pull carts, etc.\nSecondly, certain dogs go very wild if we pull their tails, even if its done playfully. They simply get mad at you, bite you or even kill you, if you are small.  Since little children always found it playful to pull the tails of the dogs and this meant a potential danger to their lives, the owners cut their tails short. \nEver thought of the word CUR-TAIL? :-)"
663,"Car prices down across the board The cost of buying both new and second hand cars fell sharply over the past five years, a new survey has found.

Car prices down across the board The cost of buying both new and second hand cars fell sharply over the past five years, a new survey has found."
664,"Forum Media Group

The Forum Media Group (FMG) is an international publishing company with headquarters in Bavaria Germany founded in 1988. Mr Ronald Herkert is founder as well as managing partner of the FORUM MEDIA GROUP.Today the FMG consists of 20 subsidiaries and has more than 800 employees worldwide. Except for a few acquisitions the company grew from inside and by foundations. In 2008 its turnover was more than 50 million Euros with nearly 700 employees."
665,"Money Funds Fell in Latest Week (AP) AP - Assets of the nation's retail money market mutual funds fell by  #36;1.17 billion in the latest week to  #36;849.98 trillion, the Investment Company Institute said Thursday.

Money Funds Fell in Latest Week (AP) AP - Assets of the nation's retail money market mutual funds fell by  #36;1.17 billion in the latest week to  #36;849.98 trillion, the Investment Company Institute said Thursday."
666,"Seiter & Miller Advertising

Seiter & Miller Advertising is an independently owned full service advertising agency based in New York City. Seiter & Miller was founded over 20 years ago by defectors from some of the largest advertising agencies in the country. Seiter & Miller is a member of AMIN Worldwide (Advertising and Marketing International Network) a global alliance of independently owned agencies growing through collaboration."
667,"How should I act on a date?

Some fundamentals for men: talk 30-40% and let her talk the rest of the time.  Open doors, pick up the tab, and make eye contact.    One big mistake I see guys make, and one that I made back in my dating days, is making the date seem more like an interview.    Sure, you want to get to know the person, but that doesn't have to be crammed into one night of Q&A.  Make an effort to strike up casual conversation, and talk about things that are in the moment.  Remember, people evaluate how much they like or dislike you based upon the quality of the experience they have in your presence.  If you are able to show people a good time, they will be attracted to you.  If you make people feel like they are interviewing for a job, they will not be so keen on another date. (Watch any episode of Blind Date to find out what NOT to do.)"
668,"SCAN Health Plan

SCAN Health Plan (SCAN) is a not-for-profit health plan founded in 1977 and based in Long Beach California. The organization serves more than 110000 people with Medicare in Kern Los Angeles Orange Riverside San Bernardino San Diego and Ventura counties California and Maricopa county Arizona. The company also offers a health plan for Medicare and Medicaid-eligible individuals as part of the state’s long term care program in Maricopa county."
669,"Flight Design

Flight Design (Flight Design GmbH) is a German aircraft manufacturer based in Leinfelden-Echterdingen.The company started building hang gliders and ultralight aircraft in the 1980s and added paragliders in 2001.The CT series first flew in March 1996 and was put into production in 1997. The company currently manufactures the aircraft line which can be flown under microlight/ultralight regulations in several countries and under the Light-sport aircraft (LSA) rules in the US."
670,"If you were on the world's biggest island, where would you be?

You'd be on Greenland in the North Atlantic.  Its area is 839,999 sq. mi. or 2,175,597 sq. km."
671,"Are there good surf spots on India's coast?

You can surf in the beaches of Goa.  \n\nhttp://www.indianbeachesportal.com/goa%2Dbeaches/"
672,"How many albums does an artist have to sell to get a gold or platinum record?

In the US, the threshold for gold is half a million, the threshold for platinum is one million.\n\nSo an album that goes ""triple platinum"" has sold 3 million+ copies."
673,"Getrag

Getrag (written by the company as GETRAG) is the world's largest supplier of transmission systems for passenger cars and commercial vehicles."
674,"Hopkins & Allen

Hopkins & Allen Arms Company was a US firearms manufacturing company based in Norwich Connecticut that was founded in 1868 by Charles W. Allen Charles A. Converse Horace Briggs Samuel S. Hopkins and Charles W. Hopkins. The Hopkins brothers ran the day-to-day operations of the company."
675,"Muji

Ryohin Keikaku Co.Ltd. (株式会社良品計画 Kabushiki-gaisha Ryōhin Keikaku) (TYO: 7453) or Muji (無印良品 Mujirushi Ryōhin) is a Japanese retail company which sells a wide variety of household and consumer goods.Muji is distinguished by its design minimalism emphasis on recycling avoidance of waste in production and packaging and no-logo or no-brand policy.The name Muji is derived from the first part of Mujirushi Ryōhin translated as No Brand Quality Goods on Muji's European website."
676,"Barrel of Monkeys, 2004 Edition: Notes on Philippine Elections Well, it's election time in the Republic of the Philippines, and that means the monkeys are rolling around in those political barrels, having as much fun as they can while laughing their heads off at the strange goings-on that characterize a democratic process loosely based on the American model  but that de facto looks more like a Fellini movie crossed with a Tom and Jerry cartoon - column includes a useful election-year glossary!

Barrel of Monkeys, 2004 Edition: Notes on Philippine Elections Well, it's election time in the Republic of the Philippines, and that means the monkeys are rolling around in those political barrels, having as much fun as they can while laughing their heads off at the strange goings-on that characterize a democratic process loosely based on the American model  but that de facto looks more like a Fellini movie crossed with a Tom and Jerry cartoon - column includes a useful election-year glossary!"
677,"Are Wireless Networks Secure?

Unfortunately, no computer network is truly secure. It's always theoretically possible for eavesdroppers to view or ""snoop"" the traffic on any network, and it's often possible to add or ""inject"" unwelcome traffic as well. However, some networks are built and managed much more securely than others. For both wired and wireless networks alike, the real question to answer becomes - is it secure enough?\n\nWireless networks add an extra level of security complexity compared to wired networks. Whereas wired networks send electrical signals or pulses of light through cable, wireless radio signals propogate through the air and are naturally easier to intercept. Signals from most wireless LANs (WLANs) pass through exterior walls and into nearby streets or parking lots.\n\nNetwork engineers and other technology experts have closely scrutinized wireless network security because of the open-air nature of wireless communications. The practice of wardriving, for example, exposed the vulnerabilities of home WLANs and accelerated the pace of security technology advances in home wireless equipment.\n\nOverall, conventional wisdom holds that wireless networks are now ""secure enough"" to use in the vast majority of homes, and  many businesses. Security features like 128-bit WEP and WPA can scramble or ""encrypt"" network traffic so that its contents can not easily be deciphered by snoopers. Likewise, wireless routers and access points (APs) incorporate access control features such as MAC address filtering that deny network requests from unwanted clients.\n\nObviously every home or business must determine for themselves the level of risk they are comfortable in taking when implementing a wireless network. The better a wireless network is administered, the more secure it becomes. However, the only truly secure network is the one never built!"
678,"PLATIT

Platit AG is a Swiss company that manufactures and markets coating equipment for the manufacturing cutting tool industry. It is one of the technology leaders in Physical vapor deposition coating technology . Platit was founded by the Blösch group in 1992 .The company’s headquarters are located in Selzach Switzerland. Subsidiaries are located in the Chicago USA Shanghai China Seoul South Korea Roskilde Denmark Switzerland and the Czech Republic."
679,"Tandberg

Tandberg was a manufacturer of videoconferencing systems located in Oslo Norway (product development sales and distribution) and New York City United States (sales and distribution). The company's main competitor was Polycom and other competitors were HP Sony Radvision VTEL and Aethra.Cisco Systems acquired Tandberg on 19 April 2010."
680,"Engine Components Inc.

Engine Components International Inc. (ECI) is a private aviation piston engine manufacturer.[citation needed] It was founded in 1943 as Pennington Channelcromium Co. to support the Army Air Force and Navy during World War II.ECi certified its Quality Management System to the ISO 9001:2000 international standard and AS9100 aerospace standard. Recertified to the ISO 9001:2000 standard in Feb 2008."
681,"Why is Dick a shortened version of the name Richard?

There doesn't seem to be a consensus on this. \nFrom http://www.searchforancestors.com/surnames/origin/d/dick.php: <br />\n""It may come from the Dutch Dyck, a bank or dike, a bulwark thrown up in the Low Countries against the sea or rivers to prevent inundation.""\nAccording to http://www.mybirthcare.com/favorites/M/English/meaning.asp?name=Dick<br />\n""Rhyming nickname from medieval times. Richard 'strong ruler' was shortened to Rick then rhymed to Dick.""\nI trust ""The Straight Dope"" in all things, and according to them, over the years ""Dick"" has meant ""a riding whip, an apron, abbreviation for ""dictionary,"" a policeman, a declaration, and (of course), the penis.""  <br />\nhttp://www.straightdope.com/mailbag/mspotteddick.html"
682,"Trojan Bites Symbian Phones Mobile phones are target of virus traveling through illegal version of the game Mosquitos.

Trojan Bites Symbian Phones Mobile phones are target of virus traveling through illegal version of the game Mosquitos."
683,"What's a good way to find a pick-up basketball game?

Find local parks, YMCAs, gyms, churches (with courts) etc.  There are usually great pick up games at these locations in whatever town you live in."
684,"Canadian Robot a Candidate to Save Hubble (AP) AP - NASA said Tuesday it is moving ahead with plans to send a robot to the rescue of the aging Hubble Space Telescope.

Canadian Robot a Candidate to Save Hubble (AP) AP - NASA said Tuesday it is moving ahead with plans to send a robot to the rescue of the aging Hubble Space Telescope."
685,"Beyerdynamic

Beyerdynamic (stylized beyerdynamic) GmbH & Co. KG is a German audio equipment manufacturer which produces microphones headphones wireless audio systems and conference systems. Beyerdynamic remains a family owned company since it was founded in 1924. Beyerdynamic is one of the oldest audio companies along with Shure and RG Jones Sound Engineering. Most of their products are made in Germany."
686,"How can I tell if my software includes spyware or adware?

You can't be sure if you dont read the source code or disassemble the software, so you basically have to trust the vendor. For additional security its recommended to scan your PC with scanners like AdAware ( http://www.lavasoft.com/software/adaware/ ). \nThis still wont give 100% security, because this program can only find most Spyware, but not all."
687,"Flying Tiger Line

Flying Tiger Line also known as Flying Tigers was the first scheduled cargo airline in the United States and a major military charter operator during the Cold War era for both cargo and personnel (the latter with leased aircraft). The airline was bought by FedEx in 1989."
688,"Reuters Market Light

Reuters Market Light (RML) is a pioneering mobile phone-based agri information service provider. The service is designed to provide farmers with personalised timely and actionable agricultural information from pre-sowing to post-harvest stages through SMS on their mobile phones in their local language. About 1.2 million Indian farmers from an estimated 50000 villages have used this service across 17 states. Through sharing among farmers it is estimated to have reached 5 million farmers."
689,"What triangle shaped island is the largest in the Mediterranean?

It's Sicily."
690,"AOL to Sell Cheap PCs to Minorities and Seniors  NEW YORK (Reuters) - America Online on Thursday said it  plans to sell a low-priced PC targeting low-income and minority  households who agree to sign up for a year of dialup Internet  service.

AOL to Sell Cheap PCs to Minorities and Seniors  NEW YORK (Reuters) - America Online on Thursday said it  plans to sell a low-priced PC targeting low-income and minority  households who agree to sign up for a year of dialup Internet  service."
691,"Group to Propose New High-Speed Wireless Format (Reuters) Reuters - A group of technology companies\including Texas Instruments Inc. (TXN.N), STMicroelectronics\(STM.PA) and Broadcom Corp. (BRCM.O), on Thursday said they\will propose a new wireless networking standard up to 10 times\the speed of the current generation.

Group to Propose New High-Speed Wireless Format (Reuters) Reuters - A group of technology companies\including Texas Instruments Inc. (TXN.N), STMicroelectronics\(STM.PA) and Broadcom Corp. (BRCM.O), on Thursday said they\will propose a new wireless networking standard up to 10 times\the speed of the current generation."
692,"Alta Partners

Alta Partners is a venture capital firm based in San Francisco CA. The company was founded in 1996 by Dr. Jean Deleage Ph.D. who was also a founder of the venture capital firms Burr Egan Deleage & Co. (BEDCO) and Sofinnova together with Garrett Gruener a former general partner at BEDCO.The company was founded in 1996 and invests in biotechnology and life science companies."
693,"Canadian Red Cross

The Canadian Red Cross Society is a Canadian humanitarian charitable organization and one of 187 national Red Cross and Red Crescent societies.It was established in the fall of 1896 as an affiliate of the British Red Cross Society (then known as the National Society for Aid to the Sick and Wounded in War). Colonel Dr. George Sterling Ryerson spearheaded the organization's founding; he was earlier responsible for setting up Canada's St. John Ambulance Association in 1895."
694,"California urged to use open source, VoIP Authors of a performance review tell the beleaguered state government it could save millions of dollars by adopting open-source software and Internet-based phone calling.

California urged to use open source, VoIP Authors of a performance review tell the beleaguered state government it could save millions of dollars by adopting open-source software and Internet-based phone calling."
695,"Why can I see myself in a mirror?

When a mirror is hit by particles of light called photons, it reflects the photons back to us. When photons hit a smooth surface like a mirror, they bounce back off of the mirror at roughly the same angle at which they hit the object, creating a reflection that looks the same."
696,"Tech market indeed soft, but HP woes one of a kind HP and Cisco spooked investors with recent comments about sales, but analysts say the overall tech market is still inching along.

Tech market indeed soft, but HP woes one of a kind HP and Cisco spooked investors with recent comments about sales, but analysts say the overall tech market is still inching along."
697,"Jes Air

JES Air was founded in 1991 and was one of the first privately owned airlines in Bulgaria. The airline was supported with capital from Singapore-based companies. Its first route was Sofia–New York due to an agreement between the two countries and it then expanded its destinations towards Canada and Asia. The company was famous for its delays but despite this passengers used the airline because of the cheap prices it offered.One of the aircraft - LZ-JXB was wet leased to REGION AIR PTE."
698,"EBay Buys 25 Percent Stake in Craigslist Network By MAY WONG    SAN JOSE, Calif. (AP) -- Online auctioneer eBay Inc...

EBay Buys 25 Percent Stake in Craigslist Network By MAY WONG    SAN JOSE, Calif. (AP) -- Online auctioneer eBay Inc..."
699,"Hangzhou Wahaha Group

This article refers to the Chinese holding company. For the Sino-French joint venture please see Wahaha Joint Venture CompanyThe Hangzhou Wahaha Group Co. Ltd. (WHH; Chinese: 杭州娃哈哈集团有限公司) is a private group of companies and the largest beverage producer in China. The company is headquartered in Hangzhou Zhejiang province. Wa ha ha signifies laughing child. Wahaha has roughly 150 subsidiary companies and 60 manufacturing bases scattered throughout China."
700,"Who said the statement below and what does it mean?

That is kind of a tricky little quote. Sometimes placing it in context can help. This is a quote from Ralph Waldo Emerson's essay ""Self Reliance,"" which discourages basing one's opinions and actions on common opinion in favor of self-trust (see the full essay at http://www.emersoncentral.com/selfreliance.htm). \nI think the point of this quote is that it's very desireable to have one's own original thoughts and opinions, and to live by them.  It's easier to live by one's own convictions and not be persuaded by others when in isolation (that's the ""independence of solitude""). However, not so special to isolate oneself from others in order to attain this ideal. Because it's difficult to live by one's own thoughts and opinions while being a part of society, it's something only a ""finished man"" can truly do. Also, in the essay, Emerson refers to being childlike - unselfish, non-judgmental, open-minded, uncynical, unhesitant - as something to admire. So I think that's where the seemingly misplaced ""perfect sweetness"" comes in. When a man can remain pure of heart while living in the harsh world and also keeping and living by his own ideals. \nWhat do you think?"
701,"what is the number one formula one car?

The McLaren MP4-20 is considered to be the strongest car.  When it doesn't break down it beats the Renault handily.  The Renault is the best balance this year between performance and reliability.  I think the vast majority of F1 journalists consider the McLaren to be the strongest car, even the Renault F1 team admits that McLaren's car is better."
702,"who won the world series?

The Chicago White Sox won the 2005 World Series."
703,"iPod chipmaker plans stock offering PortalPlayer, whose chip powers Apple's MP3 player, files for IPO. Paperwork gives glimpse of potential evolution of iPod.

iPod chipmaker plans stock offering PortalPlayer, whose chip powers Apple's MP3 player, files for IPO. Paperwork gives glimpse of potential evolution of iPod."
704,"More Big Boobs in Playboy An interview with Google's co-founders due out in the current issue of Playboy may delay the company's IPO. Securities regulations restrict what executives can say while preparing to sell stock for the first time.

More Big Boobs in Playboy An interview with Google's co-founders due out in the current issue of Playboy may delay the company's IPO. Securities regulations restrict what executives can say while preparing to sell stock for the first time."
705,"New Method May Predict Quakes Weeks Ahead (AP) AP - Swedish geologists may have found a way to predict earthquakes weeks before they happen by monitoring the amount of metals like zinc and copper in subsoil water near earthquake sites, scientists said Wednesday.

New Method May Predict Quakes Weeks Ahead (AP) AP - Swedish geologists may have found a way to predict earthquakes weeks before they happen by monitoring the amount of metals like zinc and copper in subsoil water near earthquake sites, scientists said Wednesday."
706,"Chorus Frog Found Croaking in Virginia (AP) AP - The Southern chorus frog has been found in southeastern Virginia, far outside its previously known range. The animal had never before been reported north of Beaufort County, N.C., about 125 miles to the south.

Chorus Frog Found Croaking in Virginia (AP) AP - The Southern chorus frog has been found in southeastern Virginia, far outside its previously known range. The animal had never before been reported north of Beaufort County, N.C., about 125 miles to the south."
707,"Judge Says Amazon, Toys 'R' Us Must Work Together By Jeffrey Gold    PATERSON, N.J.(AP) - A state judge ordered Toys ""R"" Us and Amazon.com to work together so the online retailer can abide by her order requiring Amazon to keep sellers on its Web site from listing products to which Toys ""R"" Us, which also markets through Amazon, has exclusive rights.     Superior Court Judge Margaret M...

Judge Says Amazon, Toys 'R' Us Must Work Together By Jeffrey Gold    PATERSON, N.J.(AP) - A state judge ordered Toys ""R"" Us and Amazon.com to work together so the online retailer can abide by her order requiring Amazon to keep sellers on its Web site from listing products to which Toys ""R"" Us, which also markets through Amazon, has exclusive rights.     Superior Court Judge Margaret M..."
708,"Aircraft Spruce & Specialty Co

Aircraft Spruce & Specialty Co is an American producer of aircraft parts and services including plans for homebuilt aircraft.Aircraft Spruce Co. was founded in 1965 by Bob and Flo Irwin. The company sold only one product aircraft grade spruce lumber for aircraft construction and restoration. Aircraft Spruce Co. added more products and adopted the name Aircraft Spruce & Specialty CoJim Irwin Bob and Flo's older son managed kit programs such as the Vari-Eze in 1975 while still in college."
709,"Where can I find help about an inventor or invention?

Wikipedia has a list of inventors and invention.  Also, about.com has a list of famous inventors."
710,"Can someone explain to me what Ruby on Rails is all about?

Rails is a full-stack, open-source web framework in Ruby for writing real-world applications with joy and less code than most frameworks spend doing XML sit-ups    Look at the site in the Source."
711,"Health PEI

Health PEI is the single health authority for the Canadian province of Prince Edward Island."
712,"Astrotech Corporation

Astrotech Corporation formerly Spacehab Inc. is an aerospace company headquartered in Austin Texas which provides commercial space products and services to NASA the U.S. Department of Defense international space agencies and global commercial customers. The Company changed its name to Astrotech Corporation in 2009 to align the corporate name with the company's core business offering Astrotech Space Operation."
713,"HP shares tumble on profit news Hewlett-Packard shares fall after disappointing third-quarter profits, while the firm warns the final quarter will also fall short of expectations.

HP shares tumble on profit news Hewlett-Packard shares fall after disappointing third-quarter profits, while the firm warns the final quarter will also fall short of expectations."
714,"In the six nations, why is 'prize' for the team that does not win a single game called ""wooden spoon""?

It possibly came from the Cambridge University tradition of giving a large wooden spoon to the student who scored lowest on final exams.   No wooden spoons were given after 1909 at Cambridge, when the scores for exams started being read in alphabetical rather than score order.  One theory is that early on in the Six Nations, many of the players were from Cambridge and carried on the wooden spoon tradition after it no longer was a part of university life."
715,"TK Brøvig

T. K. Brøvig AS is a Norwegian holding company concentrating on bus operation in Vest-Agder. The company owns Bussen Trafikkselskap Sørlandsruta and Vaagsbygdruta. The holding company was founded in 1965 by Tørres Kristian Brøvig and now controls about 85% of all bus operations in Vest-Agder. In total the corporation has 410 employees 210 buses and a revenue of NOK 235 million per year."
716,"why does the bird flu considered to be such a frightening disease?

The 1918, 1957 and and 1968 flu pandemics can be traced back to bird flu mutating with human virus. These pandemics killed scores of people. The panic also stems from the fact that there is no vaccine for H5N1 virus, the bird flu that is currently affecting Asia. Like last year, vaccines for ""regular"" human flu are in short supply as well.\nUnder normal circumstances, when the flu hits you're just feverish, achey and fatigued for a few days. When the flu strikes more vulnerable people, like the elderly and very young babies, it can cause respiratory problems and even kill them."
717,"Playboy Article May Raise Concerns for Google By MICHAEL LIEDTKE     SAN FRANCISCO (AP) -- Google Inc. (GOOG)'s highly anticipated IPO faced a possible stumbling block Thursday with the release of a Playboy interview that the online search engine leader's co-founders gave just before the company filed its plans raise \$3 billion with its stock offering...

Playboy Article May Raise Concerns for Google By MICHAEL LIEDTKE     SAN FRANCISCO (AP) -- Google Inc. (GOOG)'s highly anticipated IPO faced a possible stumbling block Thursday with the release of a Playboy interview that the online search engine leader's co-founders gave just before the company filed its plans raise \$3 billion with its stock offering..."
718,"Syarikat Bekalan Air Selangor

Syarikat Bekalan Air Selangor Sdn Bhd or SYABAS is a Selangor state government-linked companies which responsible for water supply services in Selangor and the Federal Territory of Kuala Lumpur and Putrajaya. The executive chairman is Tan Sri Rozali Ismail. SYABAS is a member company of the Puncak Niaga Holdings Berhad."
719,"In the quest for dazzling teeth, how harmful are teeth whitening strips?

Depends on your teeth.  I used Crest Whitestrips for a time, and they worked really well (I definitely noticed a difference in the whiteness of my teeth).  However, they irritated my gums to the point where my dentist told me to stop using them and they made my teeth super sensitive to cold and hot (i.e. eating ice cream or drinking tea was painful).  I've never done the laser whitening/Brite Smile, but I've seen those treatments work wonders for folks who have (they are not cheap though).  I would advise trying the strips (making sure to abide by the time guidelines) - you will like the effects of them (they do really work) and if they don't bother your teeth/gums, you should be able to continue use."
720,"Olivetti

Olivetti S.p.A. is an Italian manufacturer of computers tablets smartphones printers and other business products such as calculators and fax machines. Headquartered in Ivrea province of Turin the company has been part of the Telecom Italia Group since 2003.The primacy of the first PC can be assigned to Olivetti thanks to Programma 101 which was produced in 1964 and had a big success in the U.S. market."
721,"what are the materials that can be used to produce laser beam?

Materials that form an inverse energy distribution?  Not quite.\n\nThere are three basic components for getting a laser to work.  First, one needs an excitation source (pumping source) such as a flashlamp, an electrical spark, etc.  Second, one needs a material (the gain medium) which can exhibit what's known as population inversion - the capacity for a material to raise the electron energy level from the lower to the upper energy states.  Nearly all materials will exhibit this behavior with some more efficiently than others.  Finally, one needs to direct the stimulated energy by using a resonator.\n\nThere are many combinations of pump sources, lasing materials and optical configurations depending on the intended use.  There are solid state (ruby, Nd:YAG), gas (nitrogen, helium-neon) and semiconductor (gallium-arsenide) lasers that come in a variety of wavelengths (colors) to choose from, again, depending on what you want to do with it.\n\nJust a little bit of background: My degree is in Physics, and I've been working in the lasers and electro-optics field for the past 10+ years.  You can see what my graduate lab at SDSU looked like at: http://www.equationlab.com/mtp/quantumblog/about.html"
722,"TXI

TXI formerly Texas Industries was set up in 1946 and now is headquartered in Dallas Texas. The company is focused on heavy construction materials in the southwestern United States market (e.g. Texas and California). There are mainly three products: cement (portland masonry and oil well cements) aggregates and concrete related products. Until 2012 Texas Industries owned 82 manufacturing facilities in six states."
723,"Spinning Brains One day, astronauts could zip across the solar system in spinning spaceships.  How will their brains adapt to life onboard a twirling home where strange  quot;Coriolis forces quot; rule?

Spinning Brains One day, astronauts could zip across the solar system in spinning spaceships.  How will their brains adapt to life onboard a twirling home where strange  quot;Coriolis forces quot; rule?"
724,"Ballet Fantastique

Ballet Fantastique is a 501(c)3 nonprofit chamber ballet company based in Eugene Oregon and co-directed by mother-daughter team Donna and Hannah Bontrager. Ballet Fantastique was founded in October 2000 and currently has three components: A professional chamber ballet company a pre-professional academy in the Russian Vaganova method of training and a busy outreach wing (bringing dance to a range of audiences both in-school and in-theater)."
725,"Could a very powerful directional microphone pickup sounds from the past?

In a sense, any microphone is picking up sounds from the past, due to the speed of sound. This is similar to what you mentioned with radio telescopes.\n\nThe main differences are 1) velocity -- light moves at about 1 foot per nanosecond while sound moves around 1 foot per 1/1000 second, and 2) that sound moving though a medium diffuses quite rapidly. Something really loud, like thunder, you might hear from 20-30 seconds away. For normal, everyday sounds, the delay won't be more than maybe a few tenths of a second."
726,"Faxing a pizza

We're pretty far away from being able to beam anything in the way that you are describing.  There are some experiments where splitting entangled electrons allows us to observe some interesting 'action at a distance' effects, but the amount of data that would need to be stored to transmit something with as many atoms as a pizza is incredible.  Also, such an operation would require nano-assemblers that could interpret such data an reassemble the pizza from the info provided."
727,"Wash. State Team's Private Rocket Explodes (AP) AP - A team taking a low-budget stab at the  #36;10 million Ansari X Prize for private manned spaceflight suffered a setback Sunday, when their rocket malfunctioned and exploded after shooting less than 1,000 feet in the air.

Wash. State Team's Private Rocket Explodes (AP) AP - A team taking a low-budget stab at the  #36;10 million Ansari X Prize for private manned spaceflight suffered a setback Sunday, when their rocket malfunctioned and exploded after shooting less than 1,000 feet in the air."
728,"Rescuers Free Beached Whale in Brazil (AP) AP - Rescuers succeeded in freeing a minke whale that washed up on a beach in southeastern Brazil, the fire department said Thursday.

Rescuers Free Beached Whale in Brazil (AP) AP - Rescuers succeeded in freeing a minke whale that washed up on a beach in southeastern Brazil, the fire department said Thursday."
729,"CraftWorks Restaurants & Breweries

CraftWorks Restaurants & Breweries Inc. is a multi-brand restaurant operator headquartered in Broomfield Colorado USA. The company owns several casual dining restaurant chains most notably Old Chicago Gordon Biersch Brewery Restaurants and Rock Bottom Restaurants Breweries."
730,"What are some tips on finding a good mortgage broker?

the most basic thing is to have someone you have a decent amount of trust for. someone recommended by a friend etc.\nthe things you have to look for are:<br />\n1. top priority is seeing that the broker can actually get your loan on time. many deals fall through b/c the broker cannot get the deal through on time and has less control than the original lender<br />\n2. secondary priority is to see that they have access to competitive rates. not all brokers have access to all sources and rates, although most of them will be similar.<br />\n3. you need to see that the broker is someone you trust to get you the best rate regardless of how much money they make off the transaction."
731,"If your co-worker has a white head thats ready to pop should you be able to go over there and pop it for him?

Yes, but you have to clean up the mess."
732,"Progress Is Made Battling Strep Germ By LINDSEY TANNER     CHICAGO (AP) -- Scientists say they are making headway in developing a vaccine against a common strep germ, the cause of millions of sore throats as well as a deadly but uncommon flesh-eating disease.    A test of an experimental vaccine in just 28 people prompted an immune response with no serious side effects, but it's still not known if the shot would keep people from catching the strep germ...

Progress Is Made Battling Strep Germ By LINDSEY TANNER     CHICAGO (AP) -- Scientists say they are making headway in developing a vaccine against a common strep germ, the cause of millions of sore throats as well as a deadly but uncommon flesh-eating disease.    A test of an experimental vaccine in just 28 people prompted an immune response with no serious side effects, but it's still not known if the shot would keep people from catching the strep germ..."
733,"Millennium Pharmaceuticals

Millennium Pharmaceuticals Inc. The Takeda Oncology Company is a leading biopharmaceutical company based in Cambridge Massachusetts. The Company markets Velcade (bortezomib) for injection a cancer product and has a growing clinical development pipeline of product candidates. Millennium's research development and commercialization activities are focused in two therapeutic areas: oncology and inflammation."
734,"American Police Force

American Police Force (APF) and under its revised name American Private Police Force was a fraudulent entity claiming to be a private military company. It never possessed any legitimacy to operate in the United States."
735,"How to get rid of a beehive?

Call an area apiarist.  They should be able to help you and would most likely remove them at no charge in exchange for the hive.  The bees have value and they now belong to you."
736,"Charley's Force Took Experts by Surprise (AP) AP - Hurricane Charley's 145-mph force took forecasters by surprise and showed just how shaky a science it still is to predict a storm's intensity  #151; even with all the latest satellite and radar technology.

Charley's Force Took Experts by Surprise (AP) AP - Hurricane Charley's 145-mph force took forecasters by surprise and showed just how shaky a science it still is to predict a storm's intensity  #151; even with all the latest satellite and radar technology."
737,"Vending Machines Making Room for Healthy Products By IRA DREYFUSS     WASHINGTON (AP) -- The typical vending machine fare consists of chocolate bars and potato chips, leaving few options for people seeking low-calorie or low-salt snacks.    That is changing now as companies develop markets for products they expect to satisfy both nutritionists and consumers...

Vending Machines Making Room for Healthy Products By IRA DREYFUSS     WASHINGTON (AP) -- The typical vending machine fare consists of chocolate bars and potato chips, leaving few options for people seeking low-calorie or low-salt snacks.    That is changing now as companies develop markets for products they expect to satisfy both nutritionists and consumers..."
738,"Animating for the Super Bowl Against an impossible deadline, a small team at Sony Cinematics Solutions Group created a two-minute animated promo to prove that a tech-savvy group could do dazzling broadcast work. Aug 13

Animating for the Super Bowl Against an impossible deadline, a small team at Sony Cinematics Solutions Group created a two-minute animated promo to prove that a tech-savvy group could do dazzling broadcast work. Aug 13"
739,"News: U.S. tackles Emergency Alert System insecurity The FCC acknowledges that the government-mandated network that lets officials interrupt radio and television broadcasts in an emergency  is vulnerable to electronic tampering.\

News: U.S. tackles Emergency Alert System insecurity The FCC acknowledges that the government-mandated network that lets officials interrupt radio and television broadcasts in an emergency  is vulnerable to electronic tampering.\"
740,"What exactly is the difference between stock options and stock grants?

Stock option grants and stock grants are two forms of compensation often offered as incentives in addition to base salary offered to a newly hired employee. This practice is especially common in the high tech industry. \n\nStock options are contracts that allow you to buy or sell specific amount of a particular stock at a certain price within a set period of time. The set price is called the strike price. When you (the stock option holder) make use of your right to buy/sell stock according to the terms of the option, you are exercising the option. Call options are options giving you the right to buy stock. Put options are options giving you the right to sell stock. Employers grant call options to employees. Let's take an example: Let's say you are hired by Google and they offer you options to buy 100 shares of Google stock at $400 within the next 5 years. This stock option gives you the right to buy 100 shares of Google stock at exactly $400 any time within the next 5 years. Let's say it's after four years now. Suppose Google stock is at $300 now, now your options are worthless, because you could buy Google stock in the market for $300, much less than the $400 price offered by your stock option. Now suppose Google stock is at $500 now, then if you exercise your option, you could buy 100 shares at $400. Then you can turn around and sell it on the stock market for the current price of $500, making a $100*100=$10000 profit. So the stock option is basically not worth anything if currently the stock price is lower than your option strike price. But as long as your option has not expired, it's possible that the stock price could go above your strike price and make your stock options worth something.\n\nStock grants are simpler to understand. The employer gives you some shares of stock for free. So let's use the Google example again. Suppose Google hired you and gave you 100 shares in a stock grant. Now you own 100 shares of Google stock. At anytime, you could sell that stock for whatever price it is trading at on the stock market.\n\nStock option and stock grants are usually offered on terms called vesting. That means that you are not given the full amount of options or stock right away, but rather the employer gives it to you over time. A common vesting schedule is vesting over four years, so that you get 1/4 of the stock or options offered after the first, second, third, and fourth year you have been at the company. This is done to give employees an incentive to stay at the company."
741,"SYBO Games

SYBO Games is an independent game development studio located in Copenhagen Denmark. They are known for developing the game application Subway Surfers together with Kiloo. The game is by far the most played game ever created in Denmark. The game was created in Unity (game engine) and is about a graffiti boy escaping a grumpy security guard.One week after the release of Subway Surfers the freemium running game for iOS had three million downloads and was the most downloaded game in 20 countries."
742,"How can I tell if the moon is waxing or waning?

For those who live in the Northern Hemisphere:\nThe Moon is waxing or waning based on whether the right side of the Moon is dark or light. \n\nThe Moon's lighted area increases over time from right to left. \n\nA good diagram of this can be found at: http://www.astro.umd.edu/education/astro/moon/waxing.gif\n\nFor those who live in the Southern Hemisphere the effect is the opposite.\n\nMore details can be found at: http://www.astro.umd.edu/education/astro/moon/phases.html"
743,"Takaki Bakery

Takaki Bakery Co. Ltd. (株式会社タカキベーカリー Kabushiki-gaisha Takaki Bakery) is a Japanese Bakery based in Hiroshima Japan. It was the first company of the Andersen Institute of Bread and Life group of companies."
744,"Pengrowth Energy

Pengrowth Energy Corporation (TSX: PGF NYSE: PGH) is a Canadian oil and natural gas company based in Calgary Alberta. Established in 1988 by Calgary entrepreneur James S Kinnear it was one of the largest of the Canadian royalty trusts (Canroys) with a market capitalization of US$ 4.12 billion at the end of 2007."
745,"SumZero

SumZero is an investment website for professional investors (collectively referred to as the buyside) and buyside professionals are granted membership per an application where they must be on the research team at a hedge fund mutual fund private equity fund or investment banking proprietary trading desk."
746,"Trajectory Maneuver Brings Genesis Spacecraft Closer to Home Jet Propulsion Lab -- Thirty days before its historic return to Earth with NASA's first samples from space since the Apollo missions, the Genesis spacecraft successfully completed its twentieth trajectory maneuver.     At 12:00 Universal Time (5:00 a.m...

Trajectory Maneuver Brings Genesis Spacecraft Closer to Home Jet Propulsion Lab -- Thirty days before its historic return to Earth with NASA's first samples from space since the Apollo missions, the Genesis spacecraft successfully completed its twentieth trajectory maneuver.     At 12:00 Universal Time (5:00 a.m..."
747,"Axis Lines International

Axis Lines International was a start-up airline planned to be based in Douala Cameroon. It was intended to fly regional services with two McDonnell Douglas MD-80 aircraft and international services to Brussels Madrid and Paris with a Boeing 767-300ER."
748,"What does the term playing hooky mean?

To play hooky is to skip school, to be truant."
749,"Google to Pay Yahoo to Settle Patent Dispute  SEATTLE (Reuters) - Google Inc. &lt;GOOG.O&gt; on Monday again  boosted the number of shares it plans to sell in its initial  public offering, saying it will issue 2.7 million shares to  Yahoo Inc. &lt;YHOO.O&gt; to settle a lawsuit over technology used to  display ads.

Google to Pay Yahoo to Settle Patent Dispute  SEATTLE (Reuters) - Google Inc. &lt;GOOG.O&gt; on Monday again  boosted the number of shares it plans to sell in its initial  public offering, saying it will issue 2.7 million shares to  Yahoo Inc. &lt;YHOO.O&gt; to settle a lawsuit over technology used to  display ads."
750,"how can i watch soccer on tv in California?

Your best bet is to look at soccertv.com which has the schedule. The channels you want are:  Fox Soccer channel (Premiership, bundesliga and Italian Serie A)  Setanta (Chelsea TV and Champions League)  Gol (SPanish and Latam Soccer)  These are all available via Directv    If you want to go to a pub the best is Mad dog in the fog in San Francisco, Fibbar Magees in Sunnyvale is good for lunch time champions league games."
751,"Why do I Sound Different When I Hear My Own Voice?

Specifically, ""when you speak you hear yourself not only through your ears, but also through the bones and tissues of your head (i.e., internally)""."
752,"News: New Study to Investigate Demise of Coral Reef Ecosystems Scientists are embarking on a project which will explore how global warming is devastating one of the world's most diverse ecosystems, coral reefs. (University of Newcastle press release)

News: New Study to Investigate Demise of Coral Reef Ecosystems Scientists are embarking on a project which will explore how global warming is devastating one of the world's most diverse ecosystems, coral reefs. (University of Newcastle press release)"
753,"Why we are not using the sea waves to generate electricity?

Same reason solar power isn't more popular despite lots of sunshine: with current technology the cost per kwh is still much higher than for power generated with fossil fuels. As fossil fuel prices rise and technology improves so-called ""alternative"" energy sources become more cost effective, but the crossover point still appears to be several years in the future.\nForcing expensive alternative technologies on the market before they are economically viable simply raises electricity prices for homeowners--this is part of the reason CA electric rates were so far above the national average in the 1990's, opening the door for Enron and like to make their ill-fated arbitrage plays..."
754,"Mitsubishi Electric United States

Mitsubishi Electric United States (officially Mitsubishi Electric US Holdings Inc.) is the principal subsidiary of Mitsubishi Electric in the United States. It is headquartered in Cypress California and was incorporated in 2002. It has nearly 2500 employees in more than 50 locations throughout North America. Its five main subsidiaries are: Mitsubishi Electric Power Products Inc.; Mitsubishi Electric US Inc.; Mitsubishi Electric Automotive America Inc.; Mitsubishi Electric Automation."
755,"How can i run a regression in Excel?

First load the add-in:\nTools > Add-Ins > Analysis Tool Pack\nthen find it:\nTools > Data Analysis & Choose Regression\nIf you need any more help mail me."
756,"Metz Brewery

The Metz Brothers Brewing Company was among the first brewers in the U.S. state of Nebraska having been established in the city of Omaha in 1859. It was among the earliest manufacturers in the city. After originally opening as the McCumbe Brewery the facility was sold several times until brothers Frederick and Philip Metz purchased it in 1861. Metz was one of the Big 4 brewers located in Omaha which also included the Krug Willow Springs and Storz breweries."
757,"Spirit of Alaska Federal Credit Union

Spirit of Alaska Federal Credit Union (SoAFCU) is the largest National Credit Union Administration insured credit union based in Fairbanks AK. There are 4 branches in the Fairbanks area. SoAFCU has around ten thousand members. Any person who lives works or worships within the Fairbanks North Star Borough is eligible to join the credit union."
758,"What are the best ways to incentivise people to answer questions here?

I think that, though counterintuitive, one of the most effective ways was to limit the number of questions a user can answer per day. A casual user will still answer the 11th question the next day, and more hard-core users will try to answer as many questions as allowed. For this to work, the limit has to be pretty small, at least starting out, so that it is reasonably easy for someone with other commitments to achieve it. Setting a small limit also requires users to choose which questions they most want to answer, which increases the likelihood that their answers will be useful. When more answers are useful, it increases the usefulness of the service, which in turn ""incentivizes"" people to answer questions. And by placing a premium on the number of questions a user can answer per unit time, the likelihood that the user will throw him/herself into it full-throttle but then quickly become bored is also decreased.\n\nSee my answer to the question, ""Why am I only allowed to answer 10 questions a day here?"":\n\nhttp://answers.yahoo.com/question/?qid=1005120801767\n\nOn the issue of the term ""incentivize""--it is shameless corporate-speak, but it describes an impersonal, profit-oriented process. To attempt to use softer language to describe something that is inherently cold, calculating, and opportunistic (though not necessarily bad or wrong) would constitute euphemism, and would be both misleading and dangerous."
759,"Where can I find a not-for-profit humane society in Denver?

Mile High Humane Society is non profit.  They are located at 11470 York St, Northglenn, CO."
760,"Orange County Transportation Authority

The Orange County Transportation Authority (OCTA) is the public sector transportation planning body and mass transit service provider for Orange County California. Its ancestor agencies include not only the prior Orange County Transit District but also such diverse entities as the Pacific Electric Railway and the South Coast Transit Corporation."
761,"What are good sources to find out about new gospel artists?

CCM Magazine or their online website will give you information on up and coming artists in the Christian Music field."
762,"how can I recover the security key for my Yahoo! account?

Yahoo! Help\n\nYou can get a new password, a Yahoo! ID reminder, or both. Visit the Sign-in Problems page (http://edit.yahoo.com/config/eval_forgot_pw?new=1&.done=&.src=&partner=&.intl=us) and supply some basic verification information, such as your birthday and the ZIP or postal code you provided when you registered. \nMake sure to provide the same information you gave during registration or when you last updated your account. Without the correct verification information, you will not be able to obtain a new password. \n\nYou can obtain any other information with Customer Care."
763,"Mittal hospital

Mittal Hospital & Research Centre is a healthcare corporation that operate multi specialist hospitals in Ajmer Rajasthan. It is the largest healthcare provider in Ajmer Division.In April 2012 the hospital capacity will increase to 250 beds and facilities of private ICU super delux private rooms private labour rooms and many more will be available."
764,"Capturing light in a container

So the answer to your specific question is 'no'.  The problem is that if the container shines, it means that light and energy is being lost and will eventually run out.  There are materials that will glow for a long time due to radioactive decay or via chemical processes, but all of these are using up their 'fuel' in the process and will eventually run out.\nSome radioactive substances have a pretty long half-life and will appear to glow steadily without much decay over the scale of a human lifetime.\nNow, to get more generalized... it is possible to trap light in a container that doesn't shine. Scientists have been able to free light in its place using supercooled clouds of sodium which are naturally opaque, but can temporarily transmit light when altered via a laser beam.  If the laser is shut off, a light beam that is passing through the cloud will be temporarily frozen in place.  Australian scientists have recently been able to extend this interaction to be nearly as long as a second.\nOnce the laser is reintroduced the beam is recovered and continues on its way.  Now all this is a little debatable, since the photons actually get temporarily swallowed up by the material.  The photons that come out afterwards have the same configuration and quantum state as what went in, but whether they are exactly the same photons is more of a question for philosophy than for physics."
765,"Why is SAT important?

Most colleges and universities use your SAT score as a factor in determining admissions. While it may be possible to get a waiver in some cases, your chances at consideration are much greater if you take the SAT. \nAnother reason to take the SAT is for financial aid consideration. Grants and scholarships, especially those run by the school or private organizations, often take SAT scores along with grade point average into account."
766,"BlackBerries Play Politics Wireless devices slip past anti-gadget policies to open a new communications channel to lawmakers.

BlackBerries Play Politics Wireless devices slip past anti-gadget policies to open a new communications channel to lawmakers."
767,"LinuxWorld, IDs, and Privacy \\Today Jonathan Moore  and I headed over to LinuxWorld after lunch to see what\kind of cool hardware and Linux hacks they had on the expo floor.\\Only \$15 to get in the door so I figure why not.\\I'm a bit of a privacy freak.  When you're trading some security for liberty\there are situations where it *might* be worth it.  In situations of extreme\violence having the police by your side might be a good idea.  \\I think we can all agree that trading liberty for *nothing* isn't worth it.\This country was *founded* on liberty after the British were abusing their\colonial powers.  Every true American should cherish their liberty and think\long and hard about just turning them over for no reason.\ ...\\

LinuxWorld, IDs, and Privacy \\Today Jonathan Moore  and I headed over to LinuxWorld after lunch to see what\kind of cool hardware and Linux hacks they had on the expo floor.\\Only \$15 to get in the door so I figure why not.\\I'm a bit of a privacy freak.  When you're trading some security for liberty\there are situations where it *might* be worth it.  In situations of extreme\violence having the police by your side might be a good idea.  \\I think we can all agree that trading liberty for *nothing* isn't worth it.\This country was *founded* on liberty after the British were abusing their\colonial powers.  Every true American should cherish their liberty and think\long and hard about just turning them over for no reason.\ ...\\"
768,"Alloy Ventures

Alloy Ventures is a private equity firm focusing on early-stage venture capital investments in Life Sciences Information Technology and Cleantech companies. The company was founded in 1996 and is headquartered in Palo Alto California."
769,"Stoking the Steamroller No other recording artist can channel American middle-class tastes quite like Chip Davis and his best-selling band

Stoking the Steamroller No other recording artist can channel American middle-class tastes quite like Chip Davis and his best-selling band"
770,"Google IPO Auction Off to Rocky Start  WASHINGTON/NEW YORK (Reuters) - The auction for Google  Inc.'s highly anticipated initial public offering got off to a  rocky start on Friday after the Web search company sidestepped  a bullet from U.S. securities regulators.

Google IPO Auction Off to Rocky Start  WASHINGTON/NEW YORK (Reuters) - The auction for Google  Inc.'s highly anticipated initial public offering got off to a  rocky start on Friday after the Web search company sidestepped  a bullet from U.S. securities regulators."
771,"Dell's second-quarter earnings meet expectations CEO says firm saw no sales slowdown. Could results help calm waters after bad news from HP and Cisco?

Dell's second-quarter earnings meet expectations CEO says firm saw no sales slowdown. Could results help calm waters after bad news from HP and Cisco?"
772,"Al Qaeda member surrenders \\""RIYADH, Saudi Arabia (CNN) -- One of Saudi Arabia's most wanted militants has\turned himself into the authorities, the first senior suspect to surrender under\a one-month government amnesty announced last week.""\\""Othman Al-Omari, number 19 on Saudi Arabia's most wanted list of 26, accepted\King Fahd's offer of amnesty, which was made last week, according to Saudi\sources Monday.""\\""Al-Omari, who turned himself in on Sunday night, was a business partner of\Shaban Al Shihri -- the first al Qaeda member to accept the offer when he turned\himself in Friday.""\\When I first saw this I was really upset.  I thought that it would certainly\lead to more violence if they just let terrorists off the ...\\

Al Qaeda member surrenders \\""RIYADH, Saudi Arabia (CNN) -- One of Saudi Arabia's most wanted militants has\turned himself into the authorities, the first senior suspect to surrender under\a one-month government amnesty announced last week.""\\""Othman Al-Omari, number 19 on Saudi Arabia's most wanted list of 26, accepted\King Fahd's offer of amnesty, which was made last week, according to Saudi\sources Monday.""\\""Al-Omari, who turned himself in on Sunday night, was a business partner of\Shaban Al Shihri -- the first al Qaeda member to accept the offer when he turned\himself in Friday.""\\When I first saw this I was really upset.  I thought that it would certainly\lead to more violence if they just let terrorists off the ...\\"
773,"How can I find the state symbols for a state?

I listed two sites.  The other site provides you info about the state, each state's map and state symbols."
774,"Who will win 2005 heisman trophy? Reggie? Vince? Matt?

reggie bush"
775,"What is the Arizona river that flows into the Colorado?

Gila River"
776,"Printers Inc. Bookstore

Printers Inc. Bookstore (1978-2001) was an independent bookstore in Palo Alto California not far from Stanford University. It is referenced in section 8.14 of Stanford University alumus Vikram Seth's 1986 novel The Golden Gate.Printers Inc. was founded in 1978 by alumni of Kepler's Books in nearby Menlo Park. The original store was located on California Avenue in Palo Alto. A second store was located on Castro Street in Mountain View California. The Printers Inc."
777,"Hubble Peers Inside a Celestial Geode Hubble Space Telescope -- In this unusual image, NASA's Hubble Space Telescope captures a rare view of the celestial equivalent of a geode  a gas cavity carved by the stellar wind and intense ultraviolet radiation from a hot young star.    Real geodes are baseball-sized, hollow rocks that start out as bubbles in volcanic or sedimentary rock...

Hubble Peers Inside a Celestial Geode Hubble Space Telescope -- In this unusual image, NASA's Hubble Space Telescope captures a rare view of the celestial equivalent of a geode  a gas cavity carved by the stellar wind and intense ultraviolet radiation from a hot young star.    Real geodes are baseball-sized, hollow rocks that start out as bubbles in volcanic or sedimentary rock..."
778,"Prairie Dog Won't Be on Endangered List (AP) AP - The black-tailed prairie dog has been dropped from a list of candidates for the federal endangered species list because scientists have concluded the rodents are no longer threatened.

Prairie Dog Won't Be on Endangered List (AP) AP - The black-tailed prairie dog has been dropped from a list of candidates for the federal endangered species list because scientists have concluded the rodents are no longer threatened."
779,"Google Starts Auction Company launched the biggest electronic auction of stock in Wall Street history Friday but warned that it could face legal liability from a Playboy magazine interview in which some aspects of the Internet search engine's performance were overstated. &lt;FONT face=""verdana,MS Sans Serif,arial,helvetica"" size=""-2""\ color=""#666666""&gt;&lt;B&gt;-The Washington Post&lt;/b&gt;&lt;/font&gt;

Google Starts Auction Company launched the biggest electronic auction of stock in Wall Street history Friday but warned that it could face legal liability from a Playboy magazine interview in which some aspects of the Internet search engine's performance were overstated. &lt;FONT face=""verdana,MS Sans Serif,arial,helvetica"" size=""-2""\ color=""#666666""&gt;&lt;B&gt;-The Washington Post&lt;/b&gt;&lt;/font&gt;"
780,"Wireless net to get speed boost Wireless computer networks could soon be running 10 times faster than they do now.

Wireless net to get speed boost Wireless computer networks could soon be running 10 times faster than they do now."
781,"Jimmyjane

Jimmyjane is a privately held company in San Francisco California that produces high-end design-oriented sexual accessories including vibrators and sex toys. Ethan Imboden the company’s founder and creative director launched the company in 2003.Jimmyjane’s product collection ranges from lotions games blindfolds and massage candles to award winning vibrators which include flagship steel gold and platinum models."
782,"Red Deer Transit

The Red Deer Transit Department is part of the Community Services Division of the City of Red Deer which lies mid way between Calgary and Edmonton in the province of Alberta Canada. The city took over operation of the public transit system from private operators in 1966. In 2009 transit service was extended to Springbrook and Gasoline Alley in Red Deer County."
783,"Grinnell Mechanical Products

Grinnell Mechanical Products a brand of Tyco International Ltd. manufactures grooved piping and mechanical products. Grinnell Mechanical Products specializes in mechanical fire HVAC commercial mining institutional and industrial applications. Grinnell grooved products are used in various industries because they are historically more efficient than flanged welded and threaded pipe joining methods."
784,"how much does ebay charge for selling stuff?

There are two basic fees:\n1.  Insertion fee\n2.  Final value fee\n\nThe lower your set the opening price, the lower the insertion fee.  Low opening prices help drive more bids.\n\nYou can also add feature fees (galley, bold, etc...) or add a reserve price or Buy It Now price.  \n\nWhatever you sell, make sure you accept PayPal.  It protects both you and buyer and it's listed on more than 85% of listings."
785,"What kind of guitar is that?

Can't answer your question exactly, but it looks an awful lot like a Gibson archtop or a Gretsch.  You can poke around either of their websites to see guitars that look pretty similar to the one in the picture.  There are particular models of Gibson & Gretsch that have the diagonal bridge piece that appears in the movie -- Gretsch calls it a ""chromatic tailpiece"".  I didn't see that Gibson had a particular name for their version but they definitely have guitars sporting that same shape.\n\nThe one thing I'll agree with you about is that unless it's an anachronism (a modern guitar that doesn't belong in the time period depicted in the movie), it's not an electric guitar -- you can clearly see there's no obvious ""soapbar"" pickup like there would be on an archtop electric guitar (there are sneaky mics/pickups in acoustic guitars today, but I can't believe that was available then)."
786,"Life on Mars Likely, Scientist Claims (SPACE.com) SPACE.com - DENVER, COLORADO -- Those twin robots hard at work on Mars have transmitted teasing views that reinforce the prospect that microbial life may exist on the red planet.

Life on Mars Likely, Scientist Claims (SPACE.com) SPACE.com - DENVER, COLORADO -- Those twin robots hard at work on Mars have transmitted teasing views that reinforce the prospect that microbial life may exist on the red planet."
787,"Reverse Psychology \\I really hope SUN doesn't Open Source Java at JavaOne this year.  It would be a\terrible decision and seriously hurt the tech industry.  Also, it would hurt SUN\and I'm sure their responsible enough to realize this.\\(Lets hope that works!)\\

Reverse Psychology \\I really hope SUN doesn't Open Source Java at JavaOne this year.  It would be a\terrible decision and seriously hurt the tech industry.  Also, it would hurt SUN\and I'm sure their responsible enough to realize this.\\(Lets hope that works!)\\"
788,"KPC Media Group

KPC Media Group Inc. is an American privately owned printer and publisher of daily and weekly newspapers based in Kendallville Indiana.It was founded in 1911 as Kendallville Publishing Company Inc. by the owners of two competing newspapers in Kendallville when they merged into The News Sun. Starting in the 1970s the company extended its reach to other northeastern Indiana locations and now owns two other daily newspapers and several weeklies and monthlies in the area."
789,"Arctic team reaches destination A team of British explorers, who are retracing the steps of a Victorian  pioneer, have reached Thom Bay.

Arctic team reaches destination A team of British explorers, who are retracing the steps of a Victorian  pioneer, have reached Thom Bay."
790,"How can we improve the quality of the teachers in high schools?

hi,\n\nThis question is of particular interest to me because I have been interested in education reform for some time. I'm a believer that the quality of education has a lot to do with the quality of the teachers. To have quality teachers, many different initiatives should be put into place. \n\nThere are several areas to focus on improving teachers:\n\n1) preparation and credentialing- some states have focused on improving teacher education programs and raising the passing score on qualifying exams like the PRAXIS.\n\n2) induction and retention- it's well known that the teaching profession has a high burnout rate. it's not suprising. they're essentially expected to raise our society's children and many times spend more time when them than the parents do. that's why some states have instituted better support programs for new teachers. assigning each new teacher a teacher-mentor and having a supportive adminstration that encourages teacher autonomy and professional development are a few ways to help retain new teachers.\n\n3) professional development- states should encourage the professional development of their teachers. this doesn't just mean that they raise the expectations for the classes they take, it means that they tie these developments to compensation as well. one way in which states have given teachers incentives to grow professionally is by instituting national board certification programs. a teacher who passes this test gets a raise as well as the privelege of teaching in any other state w/o additional requirements.\n\n4) accountability- it's a problem when non-performing teachers are allowed to stay because of tenure. while it's important to ensure teacher accountability, it seems that some states see this area as a panacea for generating good teachers. it's not. the other factors are equally important, if not more so. to weed out deadbeats, you just have to nurture a better teaching staff.\n\n5) fair compensation- obviously, this is very important.\n\nhope this helps?"
791,"Benoist Aircraft

The Benoist Aircraft Company was an early manufacturer of aircraft in the United States. It was formed in 1912 in St Louis Missouri by Thomas W. Benoist. Over the next five years it would manufacture some 106 aircraft including Benoist XIVs that would be used for the first heavier-than-air airline service. The company dissolved with Tom Benoist's accidental death in 1917.The first airline service was from Tampa to St. Petersburg Florida in January 1914."
792,"What is the best Tennis club in or near Sunnyvale, CA?

the Sunnyvale Municipal Tennis Center (right next to the Cherry Orchard plaza) has great facilities. it's near the sunnyvale/saratoga and el camino real intersection."
793,"Bids Placed Despite Mixed News Umesh Patel, a 36-year old software engineer from California, debated until the last minute.

Bids Placed Despite Mixed News Umesh Patel, a 36-year old software engineer from California, debated until the last minute."
794,"Kenneth Cole Productions

Kenneth Cole Productions Inc. (NYSE: KCP) is an American fashion house founded in 1982 by Kenneth Cole."
795,"Scientists Seek Better Way to Measure Rain (AP) AP - Meteorologists at North Carolina State University are working on a way to more accurately measure rainfall in small areas.

Scientists Seek Better Way to Measure Rain (AP) AP - Meteorologists at North Carolina State University are working on a way to more accurately measure rainfall in small areas."
796,"Khartron

JSC Khartron (Hartron) (Ukrainian: Хартрон formerly NPO Electropribor Russian: НПО Электроприбор means Scientific Production Association Electrical appliance) is a one of the leading design engineering bureaus of Commonwealth of Independent States (and the only in Ukraine) which develops and produces spacecraft and missile control systems."
797,"Sunspot Grows to 20 Times Size of Earth (SPACE.com) SPACE.com - A sunspot group aimed squarely \  at Earth has grown to 20 times the size of our planet and has the potential \  to unleash a major solar storm.

Sunspot Grows to 20 Times Size of Earth (SPACE.com) SPACE.com - A sunspot group aimed squarely \  at Earth has grown to 20 times the size of our planet and has the potential \  to unleash a major solar storm."
798,"What's the Hacker's Diet?

I have not tried it, but from what I have read, it emphasizes that weight loss/control is a simple measure of burning more calories than you take in.  \n\nIt's available online for reading (http://www.fourmilab.to/hackdiet/www/hackdietf.html).  I also found a blog of someone who tried it (http://www.metagrrrl.com/metagrrrl/2004/08/progress_on_the.html).  \n\nGood luck!"
799,"E. A. Juffali and Brothers

Ebrahim A. Juffali and Brothers is one of Saudi Arabia's largest commercial enterprises. Founded in 1948 its expansion coincided with the Kingdom's own growth and by the mid 1970s the Juffali Group had firmly established itself as among the largest business houses in the Middle East.E.A. Juffali & Brothers is recognized as Saudi Arabia's pioneers in electrical power utilities construction insurance telecommunications and vehicle manufacturing and distribution."
800,"Downhome Pinoy Blues, Intersecting Life Paths, and Heartbreak Songs The Blues is alive and well in the Philippines, as evidenced by this appreciation of the Pinoy Blues band 'Lampano Alley', penned by columnist Clarence Henderson as a counterpoint to his usual economics, business, and culture fare.

Downhome Pinoy Blues, Intersecting Life Paths, and Heartbreak Songs The Blues is alive and well in the Philippines, as evidenced by this appreciation of the Pinoy Blues band 'Lampano Alley', penned by columnist Clarence Henderson as a counterpoint to his usual economics, business, and culture fare."
801,"What's the best prog. language to learn? What's the easiest to get into?

If you want to make a career on computer science or engineering, take C++/C and nothing else at first. Other languages  -- like Java -- will hide several key concepts that are very important to have an understanding. Later you should also learn at least half a dozen other languages, including some assembly , lisp (or other functional language, like haske?), prolog and a scripting language.\n\nIf you are just casually learning a programming language, the best will depend on what you want to do: \n\nFor web pages, you should learn a little bit of HTML, javascript and then PHP. Don't try to learn all of them at first, just enough to get you first pages going, and then learn as you need.\n\nIf you want to do some data manipulation, or simple calculations, or windows in the unix (linux) world, learn python.\n\nFinally, if you want to play with windows in MS Windows, learn VisualBasic.\n\nMost important: after you choose a language to learn, be curious, try out stuff, and you'll learn in no time at all ;)"
802,"FCC certifies Freescale ultrawideband technology Freescale Semiconductor starts shipping its XS110 chip, which will help consumers to connect devices wirelessly.

FCC certifies Freescale ultrawideband technology Freescale Semiconductor starts shipping its XS110 chip, which will help consumers to connect devices wirelessly."
803,"Tommy & Lefebvre

Tommy & Lefebvre is a sporting goods chain in the Ottawa Ontario Canada area. There are two Tommy & Lefebvre stores in the greater Ottawa area. The flagship store on Bank Street burned down in May 2009 and a new store has been built in its place and was opened in 2011. On June 252013 Tommy & Lefebvre was bought by Sporting Life a Toronto-based sporting retailer. The staff at Tommy & Lefebvre will move to Sporting Life's new store at Lansdowne Park when it opens in 2014."
804,"Move Records

Move Records is an Australian record label that was started in 1968 by Martin Wright. It concentrates primarily in classical and jazz music particularly Australian and most frequently Melbourne-based musicians and composers."
805,"For Sale: The Ultimate Status Symbol With the country in need of cash and rich people dying to show off their wealth, Mr. Stein proposes a unique solution: having the government sell titles of nobility.

For Sale: The Ultimate Status Symbol With the country in need of cash and rich people dying to show off their wealth, Mr. Stein proposes a unique solution: having the government sell titles of nobility."
806,"Judge moves to unseal documents in Oracle case Says certain documents, which Oracle and others want to keep from eyes of rivals, may be necessary to decide case.

Judge moves to unseal documents in Oracle case Says certain documents, which Oracle and others want to keep from eyes of rivals, may be necessary to decide case."
807,"Microsoft Unveils Windows XP 'Starter Edition' Microsoft announced Wednesday it would offer a low-cost starter edition of its Windows XP operating system in Asia starting in October, as it strives to hold onto market share facing erosion from the open-source Linux system and software piracy.

Microsoft Unveils Windows XP 'Starter Edition' Microsoft announced Wednesday it would offer a low-cost starter edition of its Windows XP operating system in Asia starting in October, as it strives to hold onto market share facing erosion from the open-source Linux system and software piracy."
808,"Update: Google raises gavel for IPO auction Friday Google Inc. is opening the auction for its much-anticipated initial public offering (IPO) on Friday, with plans to announce the pricing of its stock next week.

Update: Google raises gavel for IPO auction Friday Google Inc. is opening the auction for its much-anticipated initial public offering (IPO) on Friday, with plans to announce the pricing of its stock next week."
809,"eBay Buys 25 of CraigList eBay Buys 25 of craiglist\\eBay Inc. today purchased a 25 percent pre-existing minority stake in San Francisco-based craigslist, a popular online network of classified ads and forums. The 25 stake was purchased from a former craigslist employee who first contacted eBay with the proposed sale, according to craigslist officials.\\With dedicated ...

eBay Buys 25 of CraigList eBay Buys 25 of craiglist\\eBay Inc. today purchased a 25 percent pre-existing minority stake in San Francisco-based craigslist, a popular online network of classified ads and forums. The 25 stake was purchased from a former craigslist employee who first contacted eBay with the proposed sale, according to craigslist officials.\\With dedicated ..."
810,"Circuit City chooses Linux for cash registers in 600 stores Circuit City this week bucked the trend of retailers opting for Windows-based point-of-sale systems by announcing plans to migrate to Linux-based IBM cash registers at its 600 stores.

Circuit City chooses Linux for cash registers in 600 stores Circuit City this week bucked the trend of retailers opting for Windows-based point-of-sale systems by announcing plans to migrate to Linux-based IBM cash registers at its 600 stores."
811,"Avon (publisher)

Avon Publications was an American paperback book and comic book publisher. As of 2010 it is an imprint of HarperCollins publishing primarily romance novels."
812,"Revolution Prep

Revolution Prep is a for-profit American company that offers test preparation courses including group classes private tutoring and online courses for the SAT and ACT standardized achievement tests. The SAT is a standardized achievement test offered by the College Board and the ACT is offered by ACT Inc."
813,"How do you negotiate a job offer?

At the point you have a job offer, you are in the best position to negotiate.  This is because they have already spent the money to get all the way through the recruiting process, and if they were to start again from scratch it might cost them an additional 20-50k to bring a different candidate into the position.  Add to this the cost to the project of having an unfilled position for a longer period than expected, and you'll find there is a pretty large margin for you to negotiate where their net costs will be lower if they acquiese to your requests.\n\nThe other factor is the overall job market.  In today's market, where employment is picking up in many sectors you're in a good spot to negotiate.\n\nNow the right place to phrase things is to describe competitive offers (hopefully you'll have some) in terms of their relative advantage.  If one of your alternative offers pays more, you can allude to this vaguely.  Even if they do not, you can allude to the relative advantages (the types of challenge, the convience of the commute etc).  This will create a more competitive landscape where your potential employer feels like they need to overcome other offers (and not that you are simply greedy and would like more cash).\n\nUnless the potential employer has really lowballed you (i.e. you are well below industry averages for your area), you should shoot for a modest counter-proposal of 5-15%.  Put this out there with clear timelines for when they need to respond, and other forms you might accept (signing bonus, trading-up level/rank, etc).\n\nYou should stay professional throughout the process, even if your offer is rejected.  Employers know that this is the right time to bring these things up, so don't worry about burning bridges by putting a request out there at this stage.\n\nOk.  Hope that helps!"
814,"how can you cause a toddler to do something that they don't want to do?

It typically works really well to give them a choice about part of the afair. For example, if they need to take a gross medicine, that's not an option. But it will go down a lot better if they can choose to take it with the blue or the red spoon, or to get a kiss or a hug afterwards. I also try to leave room for ""rewards"". For example, at dinner, the kids can take seconds of whatever they like best after they finish eating. However, I make sure to serve them at least a little bit of everything and make them eat that first, and save some of the stuff they really like for seconds."
815,"How do I protect myself from credit card scam?

If you dont want to pay for the services such as bank of america here are a couple of things you can do to reduce your chances of your identity being stolen\n\n1. shred all your mail\n\n2. By law, you can request 1 copy of your credit history every year from each of the three credit history companies at  www.annualcreditreport.com\n    I suggest you stagger your requests to each of them i.e. request experian first then 4 months later request another report from transunion, and another 4 months later from equifax. this way you get a free report every 4 months. \n\n3. dispute anything that is wrong (most common: credit cards forget to tell the credit history guys that you closed your account or paid all your loans in full)\n\n4. when online, try to use virtual credit numbers to make the purchases. this facility is available for citicard customers, and maybe amex. the virtual numbers are good only for 1 use, and useless after that. so if someone steals that, it is useless.\n\n5. when buying something offline, save your receipts, and make sure your statement is accurate. (a favourite scam is to charge maybe 50cents on a statement, that way you dont notice it, but a scammer who charges 10,000 card owners 50cents a month can make $5000 a month no sweat -- and you dont even realize it)\n\n6. also dont forget to shread any credit card solicitations you dont plan to use."
816,"If you were asked to plan the ""perfect weekend"" for a guy, what would you include?

Sporting event\nGolf\nGambling\nBeer\nCheeseburgers\nAny and all of the above with his buddies."
817,"What is programming?

Programming is instructing a computer to do something for you with the help of a programming language. The role of a programming language can be described in two ways:\n\n   1. Technical: It is a means for instructing a Computer to perform Tasks\n   2. Conceptual: It is a framework within which we organize our ideas about things and processes. \n\nAccording to the last statement, in programming we deal with two kind of things:\n\n    * data, representing ``objects'' we want to manipulate\n    * procedures, i.e. ``descriptions'' or ``rules'' that define how to manipulate data. \n\nAccording to Abelson and Sussman ([ABELSON, 1985, 4,])\n\n    ``.....we should pay particular attention to the means that the language provides for combinign simple ideas to form more complex ideas. Every language has three mechanisms for accomplishing this:\n\n    primitive expressions, which represent the simplest entities with which the language is concerned\n\n    means of combination, by which compound expressions are built from simple ones, and\n\n    means of abstraction, by which compound objects can be named and manipulated as units.''\n\nA programming lanugage should both provide means to describe primitive data and procedures and means to combine and abstract those into more complex ones.\n\nThe distinction between data and procedures is not that clear cut. In many programming languages, procedures can be passed as data (to be applied to ``real'' data) and sometimes processed like ``ordinary'' data. Conversely ``ordinary'' data can be turned into procedures by an evaluation mechanism."
818,"What was James Bond's wife's name?

In the movies, James Bond gets Married at the end of ""On Her Majesty's Secret Service"", but unfortunately his wife dies very soon thereafter when the bad guys  shoot her while trying to gun down James. Her name was ""Contessa Teresa 'Tracy' Di Vicenzo Bond"", she was played by Diana Rigg.\nI've never read the books, so I don't know if he every married in the books."
819,"AllCanada Express

All Canada Express was a cargo airline based in Mississauga Ontario Canada. It operated nightly flights to some of the major United States cargo hubs and to Central America South America and the Caribbean."
820,"Geni.com

Geni is a genealogy and social networking website. Launched on January 16 2007 the Web 2.0 company aims to create a family tree of the world. While family profiles are private Geni’s mission is to create a shared family tree of common ancestors. By combining research into a single tree that users work on together users can focus on verifying information and on new avenues of research rather than spending time duplicating research that others have already done."
821,"What is a good entry-level road bike to purchase?

For $1500, you're starting to get out of the ""entry-level"" stage. I have a Trek 1000 and absolutely love it. I've used it for century rides, triathlons and duathlons no problem. The Trek 1000 was about $900 CDN. The only difference in the bikes up to the $1500 range is the shifters are usually a little better (they don't stretch as easily, which makes shifting cleaner for longer). The weight and wheels are basically the same. \n\nIf you want to trim 30 sec off your race time, you might consider the more expensive bikes. But, you should be an elite athlete to really notice the difference. \n\nI'd go for a $1000 bike and spend the rest on pumps (road and home), spare tires, some nice cycling clothes, tools and a bike computer. Maybe even a trainer for home use."
822,"Thank You IBM! \\I just wanted to say thanks to IBM for Open Sourcing  Cloudscape .\\You guys really have your act together.  Keep up the good work!\\

Thank You IBM! \\I just wanted to say thanks to IBM for Open Sourcing  Cloudscape .\\You guys really have your act together.  Keep up the good work!\\"
823,"Phelps, Thorpe Advance in 200 Freestyle (AP) AP - Michael Phelps took care of qualifying for the Olympic 200-meter freestyle semifinals Sunday, and then found out he had been added to the American team for the evening's 400 freestyle relay final. Phelps' rivals Ian Thorpe and Pieter van den Hoogenband and teammate Klete Keller were faster than the teenager in the 200 free preliminaries.

Phelps, Thorpe Advance in 200 Freestyle (AP) AP - Michael Phelps took care of qualifying for the Olympic 200-meter freestyle semifinals Sunday, and then found out he had been added to the American team for the evening's 400 freestyle relay final. Phelps' rivals Ian Thorpe and Pieter van den Hoogenband and teammate Klete Keller were faster than the teenager in the 200 free preliminaries."
824,"DoubleClick

DoubleClick is a subsidiary of Google which develops and provides Internet ad serving services. Its clients include agencies marketers (Universal McCann AKQA etc.) and publishers who serve customers like Microsoft General Motors Coca-Cola Motorola L'Oréal Palm Inc. Apple Inc. Visa USA Nike Carlsberg among others. DoubleClick's headquarters is in New York City United States.DoubleClick was founded in 1995 by Kevin O'Connor and Dwight Merriman."
825,"New Clot Preventer Saves Lives and Money By Ed Edelson, HealthDay Reporter    HealthDayNews -- A new anti-clotting drug for people having artery-opening procedures lowers the rate of complications, gets patients out of the hospital faster, and probably saves lives, a study finds.    And it saves money to boot, says Dr...

New Clot Preventer Saves Lives and Money By Ed Edelson, HealthDay Reporter    HealthDayNews -- A new anti-clotting drug for people having artery-opening procedures lowers the rate of complications, gets patients out of the hospital faster, and probably saves lives, a study finds.    And it saves money to boot, says Dr..."
826,"When is Jojo going to the shop?

Why don't you ALL go to the shop and stop stealing from my survivors ""end of the world"" kit of food!!!"
827,"Athens Wrestles to Avoid Cell Phone Outages By MATT MOORE    ATHENS, Greece (AP) -- Amid the roar of the crowd, the silence of the phones can be deafening. As thousands of athletes, spectators, journalists, officials and more descend on the Greek capital ahead of the Aug...

Athens Wrestles to Avoid Cell Phone Outages By MATT MOORE    ATHENS, Greece (AP) -- Amid the roar of the crowd, the silence of the phones can be deafening. As thousands of athletes, spectators, journalists, officials and more descend on the Greek capital ahead of the Aug..."
828,"How can the Chicago Cubs break their curse?

Do what the Red Sox did. Fire the coach from last year, trade your best player, and get a long haired guy to bat 1st."
829,"Goodwin Heart Pine

Goodwin Heart Pine is a company located in Micanopy Florida and specializes in reclaiming antique heart pine and heart cypress from rivers and old buildings to produce lumber for flooring stair parts and millwork. Goodwin's product range also includes other sustainable and rare woods including wild black cherry. Goodwin Heart Pine also produces precision-engineered wood flooring from these specialty woods."
830,"Georgia Gulf Corporation

The Georgia Gulf Corporation has historically been a major manufacturer and marketer of chlorovinyls (caustic soda chlorine VCM EDC PVC resins PVC rigid and flexible compounds) and aromatics (acetone cumene phenol)."
831,"Ron Regan Jr is My Kinda Guy \\""Now that the country is awash in Reagan nostalgia, some observers are predicting\that you will enter politics. Would you like to be president of the United\States?""\\""I would be unelectable. I'm an atheist. As we all know, that is something\people won't accept.""\\""What would you do if Senator Kerry asked you to be his vice president?""\\""I would question his sanity.""\\""Do you ever go to church?""\\""No. I visit my wife's sangha.""\\""So you sometimes practice Buddhism?""\\""I don't claim anything. But my sympathies would be in that direction. I admire\the fact that the central core of Buddhist teaching involves mindfulness and\loving kindness and compassion.""\\So lets get this straight.  He's an a ...\\

Ron Regan Jr is My Kinda Guy \\""Now that the country is awash in Reagan nostalgia, some observers are predicting\that you will enter politics. Would you like to be president of the United\States?""\\""I would be unelectable. I'm an atheist. As we all know, that is something\people won't accept.""\\""What would you do if Senator Kerry asked you to be his vice president?""\\""I would question his sanity.""\\""Do you ever go to church?""\\""No. I visit my wife's sangha.""\\""So you sometimes practice Buddhism?""\\""I don't claim anything. But my sympathies would be in that direction. I admire\the fact that the central core of Buddhist teaching involves mindfulness and\loving kindness and compassion.""\\So lets get this straight.  He's an a ...\\"
832,"Olsson Frank Weeda Terman Matz PC

Olsson Frank Weeda Terman Matz PC (OFW Law) is an American law firm and lobbying firm based in Washington D.C. that specializes in representing business interests in the food drug medical device and agriculture industries in their dealings with the Food and Drug Administration and the United States Department of Agriculture. The firm was founded in 1979 as Olsson and Frank PC but has long been best known as Olsson Frank Weeda or more recently OFW Law."
833,"What does ""xoxo"" stand for?

Hugs and kisses."
834,"Forecast: Plenty of Activity On the Weather Blog Front If it's possible to love something just because it could visit torrents upon the Washington region, fling hail from the skies and swell streams into rivers, then Jason Samenow is smitten.

Forecast: Plenty of Activity On the Weather Blog Front If it's possible to love something just because it could visit torrents upon the Washington region, fling hail from the skies and swell streams into rivers, then Jason Samenow is smitten."
835,"Is Microsoft's Firewall Secure? Some say Win XP SP2 enhancements cause conflicts, don't protect as claimed.

Is Microsoft's Firewall Secure? Some say Win XP SP2 enhancements cause conflicts, don't protect as claimed."
836,"Public transportation options in Los Angeles?

Los Angeles does have a public transit system, including the Metro Red Line and other light rail. However, if you want to get around without a car, you'll have to budget significant time (and I mean significant) to catch connections and lines. Plus, if you miss a connection you can get stranded (I have many times). Not recommended unless you're on the main bus or rail lines. Check the MTA site for more info on transportation routes. Also call their help number--their operators can tell you if a line is particularly problematic!"
837,"Nortel wins Indian wireless contract Nortel scores its first major wireless deal with an Indian service provider.

Nortel wins Indian wireless contract Nortel scores its first major wireless deal with an Indian service provider."
838,"Apple Introduces Production Suite Production Suite, essential software suite for film and video that delivers real-time production tools in one comprehensive and integrated package, combines Final Cut Pro HD, Motion and DVD Studio Pro 3. Production Suite is available now for a suggested retail price of \$1,299. Aug 10

Apple Introduces Production Suite Production Suite, essential software suite for film and video that delivers real-time production tools in one comprehensive and integrated package, combines Final Cut Pro HD, Motion and DVD Studio Pro 3. Production Suite is available now for a suggested retail price of \$1,299. Aug 10"
839,"Missing June Deals Slow to Return for Software Cos.  NEW YORK (Reuters) - The mystery of what went wrong for the  software industry in late June when sales stalled at more than  20 brand-name companies is not even close to being solved  although the third quarter is nearly halfway over.

Missing June Deals Slow to Return for Software Cos.  NEW YORK (Reuters) - The mystery of what went wrong for the  software industry in late June when sales stalled at more than  20 brand-name companies is not even close to being solved  although the third quarter is nearly halfway over."
840,"Oracle Sales Data Seen Being Released (Reuters) Reuters - Oracle Corp. sales documents\detailing highly confidential information, such as which\companies receive discounts on Oracle's business software\products and the size of the discounts, are likely to be made\public, a federal judge said on Friday.

Oracle Sales Data Seen Being Released (Reuters) Reuters - Oracle Corp. sales documents\detailing highly confidential information, such as which\companies receive discounts on Oracle's business software\products and the size of the discounts, are likely to be made\public, a federal judge said on Friday."
841,"The Annual Perseid Meteor Shower The annual Perseid meteor shower is coming, and forecasters say it could be unusually good. Like bugs streaking down the side window of a moving car, colorful Perseid Earthgrazers could put on a pleasing show after sunset this week.

The Annual Perseid Meteor Shower The annual Perseid meteor shower is coming, and forecasters say it could be unusually good. Like bugs streaking down the side window of a moving car, colorful Perseid Earthgrazers could put on a pleasing show after sunset this week."
842,"Chapman's

Chapman's is the largest independent ice cream and ice water products manufacturer in Canada. In 1973 David and Penny Chapman purchased the Creamery in Markdale Ontario a village just south of Georgian Bay. The company started out as a small creamery with four employees and two trucks and has grown into a multi million dollar business since then. Chapman's produces products under the company brand name as well as store brand products."
843,"Schwan-Stabilo

Schwan-STABILO is a German maker of pens for writing colouring and cosmetics as well as markers and highlighters for office use. It is the world's largest manufacturer of highlighter pens Stabilo Boss."
844,"DBS Bank (Hong Kong)

DBS Bank (Hong Kong) Limited (Chinese: 星展銀行（香港）有限公司) a subsidiary of DBS Bank headquartered in Singapore is a licensed bank incorporated in Hong Kong. It is the seventh largest bank in Hong Kong as measured by assets."
845,"Celco

Celco is a CRT film recorder manufacturing company. The company has developed xCRT advanced imaging technology that every Celco's recorders are using.Two brands of Celco's film recorder Fury and Firestorm 2X are only two film recorders that supported to record 70 mm IMAX film format."
846,"Junk faxes to be legalized as  quot;opt-out? quot; The Register ran a story on August 6th called 'Phone spam misery looms stateside.' It seems that there's legislative nastiness underway in Washington, DC to essentially gut the existing junk fax law, and replace it with a marketer's wet dream.

Junk faxes to be legalized as  quot;opt-out? quot; The Register ran a story on August 6th called 'Phone spam misery looms stateside.' It seems that there's legislative nastiness underway in Washington, DC to essentially gut the existing junk fax law, and replace it with a marketer's wet dream."
847,"Antitrust Lawyer Takes Helm at FTC As Deborah P. Majoras takes over the Federal Trade Commission on Monday, she's expected to build on the broad agenda set by her predecessor, Timothy J. Muris.

Antitrust Lawyer Takes Helm at FTC As Deborah P. Majoras takes over the Federal Trade Commission on Monday, she's expected to build on the broad agenda set by her predecessor, Timothy J. Muris."
848,"Bacteria gives coral orange glow Orange coral common to the Caribbean has bacteria to thank for its hue, say US marine scientists.

Bacteria gives coral orange glow Orange coral common to the Caribbean has bacteria to thank for its hue, say US marine scientists."
849,"What's the best search engine?

well.. http://www.scroogle.org/ is the best coz.. it doesnt keep logs like google. (Its basically Yahoo and Google scraper.. Ad free and free of access logs)\n\nI also recommend http://www.clusty.com, which has better results than Google and doesn't track you."
850,"Clouds dash Perseids show The annual Perseid meteor shower could provide a ""spectacular"" show, despite a disappointing start.

Clouds dash Perseids show The annual Perseid meteor shower could provide a ""spectacular"" show, despite a disappointing start."
851,"Sharp's Brewery

Sharp's Brewery is an English regional brewery company founded in 1994 in St Minver Lowlands Rock Cornwall by Bill Sharp. The brewery is known for its flagship ale Doom Bar.In 2008 the company was nominated for the Green Business of the Year category for the Fast Growth Business Awards."
852,"Comets, Asteroids and Planets around a Nearby Star (SPACE.com) SPACE.com - A nearby star thought to harbor comets and asteroids now appears to be home to planets, too. The presumed worlds are smaller than Jupiter and could be as tiny as Pluto, new observations suggest.

Comets, Asteroids and Planets around a Nearby Star (SPACE.com) SPACE.com - A nearby star thought to harbor comets and asteroids now appears to be home to planets, too. The presumed worlds are smaller than Jupiter and could be as tiny as Pluto, new observations suggest."
853,"AOL to Sell Cheap PCs to Minorities and Seniors (Reuters) Reuters - America Online on Thursday said it\plans to sell a low-priced PC targeting low-income and minority\households who agree to sign up for a year of dialup Internet\service.

AOL to Sell Cheap PCs to Minorities and Seniors (Reuters) Reuters - America Online on Thursday said it\plans to sell a low-priced PC targeting low-income and minority\households who agree to sign up for a year of dialup Internet\service."
854,"What is the difference between permutations and combinations?

Permutation\nSuppose we want to find the number of ways to arrange the three letters in the word CAT in different two-letter groups where CA is different from AC and there are no repeated letters.\n\nBecause order matters, we're finding the number of permutations of size 2 that can be taken from a set of size 3. This is often written 3_P_2. We can list them as:\n\n      CA   CT   AC   AT   TC   TA\n\nCombination\nWhen we want to find the number of combinations of size 2 without repeated letters that can be made from the three letters in the word CAT, order doesn't matter; AT is the same as TA. We can write out the three combinations of size two that can be taken from this set of size three:\n\n      CA   CT   AT"
855,"PowerSchool University Attendees at this year #146;s PowerSchool University ramped up their student information system skills with the new PowerSchool 4.0 and augmented their development activities through peer networking. Aug 3

PowerSchool University Attendees at this year #146;s PowerSchool University ramped up their student information system skills with the new PowerSchool 4.0 and augmented their development activities through peer networking. Aug 3"
856,"Who is Earth-2 Superman and how is he different from regular Superman?

It's relatively simple.  Back in 1961, DC Comics revealed that all of their Golden Age (c. 1939-1945) characters had lived on a different Earth from their Silver Age (c. 1956-1970) characters.  Some characters (Batman, Robin, Wonder Woman) were virtually the same on each Earth, while others (The Flash, Green Lantern, the Atom) were radically different.  \nEarth 2's Superman was slightly less powerful than Earth 1's, mostly adhering to the classic ""Faster than a speeding bullet, more powerful than a locomotive, able to leap tall buildings in a single bound"" description.  Earth 1's Superman could travel faster than light, juggle planets, and had a host of super powers including super-breath, super-ventriloquism, and super-hypnotism.  Earth 2's Superman eventually married Lois Lane and became the editor of the Daily Star before (temporarily) disappearing in 1985's ""Crisis on Infinite Earths.""  Earth 1's Superman finished his adventures in Alan Moore's ""Whatever Happened to the Man of Tomorrow?,"" a two-parter than wrapped up and resolved some 30 years of continuity.  Both Supermen were supplanted by John Byrne's 1985 reboot of the character, which was intended to simplify that continuity and start over from scratch.\nEarth 2's Superman has reappeared twice since ""Crisis;"" once in 1999's ""Kingdom Come,"" and most recently in 2005's ""Infinite Crisis.""  What his role is in this maxiseries is undetermined as of this writing.  Earth 1's Superman has yet to reappear, but longtime fans can always hope."
857,"Why do we yawn?

Found an interesting article on this...\nYawning is a unique breathing act, which is different from the usual practice of breathing. During yawning, the mouth involuntarily opens due to the spasm of mastoid muscles. These spasms, without your permission, force you to take a deep breath. It also involves many other muscles of your body, such as abdominal muscles. Lung ventilation increases, sending oxygen to the brain. Extra blood is pushed from the liver and spleen to the brain stem. During yawning, intellectual activity stops and for a moment we cannot think. We usually start yawning when we are very tired, before sleep, when we are too excited, or extremely serious. \nThere is a yawn center in our brain that makes this act a reflex like coughing or swallowing. The yawning reflex is very contagious, forcing people to imitate it. This phenomenon even has a fancy name: alolomimea. Yawning can be easily conditioned to become a bad habit. If you fight the urge to yawn, it will return in a similar situation. Yawning is what your body develops to get a “time out” to recharge for a brief moment. It is a signal that we are running out of gas, it is a signal to rest. \nThis is a great compensatory mechanism, without which we would drop into sleep suddenly without warning, as in patients with narcolepsy."
858,"Jetta (electronics company)

Jetta International is an American original equipment manufacturer (OEM) and designer of computer laptops mainly operating in the East Coast. The company was established in 1991 and is based in Monmouth Junction New Jersey (close to Princeton) where its only manufacturing plant is located.Jetbook the laptop series manufactured by Jetta has Intel microprocessors and is supplied with a customizable selection of software."
859,"why some companies have survived for more then 50 years while others have failed only after 5?   why is that ?

a while ago I've red a very good book about this phenomena. \nit called- ""Built to Last: Successful Habits of Visionary Companies"" by James C. Collins, Jerry I. Porras \n\nthey picked only companies that have lasted more then 50 years and tried to point out the reason for succeeding such a long time. I recommend it there is a lot to learn in it"
860,"New Allergy Vaccine Shows Promise In the first trial of its kind, Austrian researchers have achieved success with an allergy vaccine using genetically engineered pollen. The findings are reported in this week's issue of the Proceedings of the National Academy of Sciences.

New Allergy Vaccine Shows Promise In the first trial of its kind, Austrian researchers have achieved success with an allergy vaccine using genetically engineered pollen. The findings are reported in this week's issue of the Proceedings of the National Academy of Sciences."
861,"Where can I find help about a war?

For a general article about war, check out http://en.wikipedia.org/wiki/War.  You can search more specifically there as well."
862,"Should high schools offer classes on SAT for all?

I'd say yes, all high schools should offer SAT test prep. The main two reasons:\n\n1) Workers 18 and over with a bachelor’s degree earn an average of $51,206 a year, while those with a high school diploma earn $27,915. (U.S. Census Bureau). \n\nBasically, college grads earn twice as much money as high school grads. This increased income provides more security, support to raise a family, and the means for furthering ones education.\n\n2) College grads have access to better jobs as many jobs require a college degree."
863,"Why are there 5 rings in the Olympics symbol?

The 5 rings were introduced at the the 1920 games in antwerp games. The rings included at least one color from the flag of every participating country."
864,"What's the capital city of Bolivia?

Sucre is the legal capital, though the government sits in La Paz"
865,"Witcomb Cycles

Witcomb Cycles formerly known as Witcomb Lightweight Cycles is the trading name of the Witcomb Trading Company. It was a British company based in Deptford South London specialising in custom handmade steel bicycle frames. The company was founded in 1949 by Ernie Witcomb and his wife Lily. The London shop closed in May 2009."
866,"Radiant Systems

Radiant Systems was a provider of technology to the hospitality and retail industries that was acquired by NCR Corporation in 2011. Radiant was based in Atlanta Georgia. In its last financial report as a public company Radiant reported revenues of $90 million and net income of $14 million in the six months ended June 30 2011. At the time of its acquisition Radiant employed over 1300 people worldwide. Radiant has offices in North America Europe Asia and Australia."
867,"Microsoft takes down SP2 sharers Microsoft is stopping people getting hold of a key security update via net-based file- sharing systems.

Microsoft takes down SP2 sharers Microsoft is stopping people getting hold of a key security update via net-based file- sharing systems."
868,"Kilpatrick Townsend & Stockton

Kilpatrick Townsend & Stockton is an international law firm headquartered in Atlanta Georgia United States. The firm has seventeen offices including U.S. offices in Georgia California Colorado North Carolina New York Washington State and the District of Columbia and international offices in Japan Shanghai and Sweden. The firm is particularly well known for its intellectual property practice and has represented major clients in cutting-edge IP cases."
869,"Dell Unveils Inexpensive Projector New 2300MP digital model offers high brightness and resolution, at a low price.

Dell Unveils Inexpensive Projector New 2300MP digital model offers high brightness and resolution, at a low price."
870,"US trade deficit swells in June The US trade deficit has exploded 19 to a record \$55.8bn as oil costs drove imports higher, according to a latest figures.

US trade deficit swells in June The US trade deficit has exploded 19 to a record \$55.8bn as oil costs drove imports higher, according to a latest figures."
871,"Who is the world's highest paid actress?

Cameron Diaz briefly surpassed Julia Roberts in 2004, but Julia is back on top:"
872,"What is a router?

A router is a network device which is connected between network subnets and knows where to send a packet it received.\nWhen you use your browser to look at Yahoo!, for example, HTTP data packets from your PC travels to Yahoo  by going from router to router until they reach Yahoo! server. Each router is a ""hop"" on the way and each knows where to send your packet next.\nA response from Yahoo goes back through the network in similar way (not necessarily through same networks).\n\nYou may have a router box at home, which usually knows about your home subnet and your ISP subnet.\nCisco builds ""big iron"" routers which are the backbone of the internet."
873,"Explanation for correlated wave function collapse at a distance (Quantum Mechanics)?

An equally valid question would be ""what is the mechanism that causes WF_A to collapse when it is measured?""  The schroedinger equation does not predict collapse as a result of any interaction, so it is outside the theory taught in undergraduate classes.  There is no accepted theory (or in my opinion, any reasonable theory at all) as to why measurement causes a selection of a single eigenvalue out some non-eigenstate.  The idea that measurement on one object has ramifications on another object seems more mysterious, but it's not fundamentally different than the idea that measurement causes collapse in the first place.  You won't find a satisfying answer."
874,"Is there any proven evidence that Mars at some point in the past had microscopic life?

The answer to your question is no.  There is no absolutely definitive evidence to date.  We do have very strong evidence that significant amounts of water once existed on the Martian surface, and some recent results show that Martian water may still exist below ground, and under heavy packs of ice.    There are many scientists who believe that Mars once had a thicker atmosphere, which would have made it a considerably wetter and warmer place.  Given this, and the ability for solar system bodies to seed each other via ejecta from large impacts, Mars could very possibly have been seeded by Earth or vice versa many billions of years ago.  Still, we're not sure if life exists or every existed there.    The most recent chapter was the recent discovery of methane there.  Methane can be created by non-biological processes, but we have not observed the right conditions for this on Mars.  Another possible explanation would be a biological origin for the gas, potentially from colonies of microscopic organisms in the soil.    Given our current rate of deepening understanding, we will likely solve this mystery sometime in the next 50 years, but as of now we simply don't have enough evidence to constitute ""proof"""
875,"Eurozone economy keeps growing Official figures show the 12-nation eurozone economy continues to grow, but there are warnings it may slow down later in the year.

Eurozone economy keeps growing Official figures show the 12-nation eurozone economy continues to grow, but there are warnings it may slow down later in the year."
876,"Cape Cod Potato Chips

Cape Cod Potato Chips is a snack foods company most famously known for their brand of potato chips. The company is headquartered in Hyannis Massachusetts on Cape Cod. Cape Cod Potato Chips is a subsidiary of Snyder's-Lance."
877,"Clouds are Cooler than Smoke Clouds help regulate the Earths climate by reflecting sunlight into space, thus cooling the surface. When cloud patterns change, they modify the Earths energy balance in turn, and temperatures on the Earths surface.

Clouds are Cooler than Smoke Clouds help regulate the Earths climate by reflecting sunlight into space, thus cooling the surface. When cloud patterns change, they modify the Earths energy balance in turn, and temperatures on the Earths surface."
878,"Who said ""I am not bound to please thee with my answers""?

Shakespeare quoted ""I am not bound to please thee with my answers."""
879,"Labor Environment Action Network

The Labor Environment Action Network is the official environment network of the Australian Labor Party (ALP). LEAN has active branches in New South Wales Queensland South Australia Tasmania Victoria and Western Australia.LEAN seeks to promote responsible environment policy within the Australian Labor Party and to increase awareness about environmental issues in the broader Australian community."
880,"Dipper Dan

Dipper Dan (ディッパーダン) is a popular Japanese ice cream parlors chain. It was founded in 1972 and is operated by Orange Food Court Inc which is affiliated with Daiei. The chain started as a joint venture between Daiei and Swift & Co. of Chicago Illinois which operated the Dipper Dan chain in the U.S. using Swift's Premium ice cream.On the wrapper of Dipper Dan's ice cream: it says Making you feel Nice and Happyby tasting Dipper Dan's flavor. That's Our Happiness."
881,"China Begins Manned Space Flight Countdown (AP) AP - Chinese astronauts are in the final stages of preparing for a manned space mission that will orbit the globe 14 times before returning to Earth, a state-run newspaper reported Thursday.

China Begins Manned Space Flight Countdown (AP) AP - Chinese astronauts are in the final stages of preparing for a manned space mission that will orbit the globe 14 times before returning to Earth, a state-run newspaper reported Thursday."
882,"Do you have a recommendation for a clean, quiet and decent apartment complex in Vegas?

It depends on where you want to move.  I lived in Crystal Creek at Warm Springs, Henderson, NV 89014  Very affordable and the place is pretty decent."
883,"When was Archie comics published?

It was first published in November of 1939 by MLJ Magazines."
884,"when did the Titanic sink?

At 02:20 am on April 15th, 1912, the ""unsinkable"" Titanic slipped into the sea and began its descent to the ocean floor."
885,"Google auction begins on Friday An auction of shares in Google, the web search engine which could be floated for as much as \$36bn, takes place on Friday.

Google auction begins on Friday An auction of shares in Google, the web search engine which could be floated for as much as \$36bn, takes place on Friday."
886,"Why do gas stations mix ethanol into gas?

Right.  Fuel additives are helpful for reduction of emissions, although they are not always economical.  For the most part, the US congress has subsidized the creation of ethanol, which tends to be a net cost unless created from waste agricultural products.\nAnother substance that has the same anti-emissions properties as ethanol is MTBE.  There has been a lot of press about MTBE recently due to its tendency to pollute groundwater."
887,"Why is there often a mirror in an elevator?

The purpose is functional, but it's psychological rather than mechanical.\n\nHere's an explanation, from: http://www.slyasafox.com/book/book_33.html\n\n""In the early industrial age, buildings began to spring up all over the east coast. Many of these new buildings were taller than anything ever built before and most had elevators. As buildings got taller and taller, more people began to use elevators. Elevators in those days were pretty darn slow. People were constantly complaining about how slow the elevators were. \n\nElevator companies were challenged with this problem and came up with the typical problem statement elevators move too slow. So they went off to design elevators that were faster and safer, but at the time it was very expensive to do so. Several companies went off and running to build a safer and faster elevator, and one elevator company proposed a different problem statement. They may have had a different name for the approach, but they were using the fundamentals of the �est problem statement tool. One engineer said, I think our elevator speeds are just fine, people are crazy. \n\nThen an engineer proposed that they work on a different problem statement. He proposed that the problem was people think elevators move to slow. He inserted two words people think into the problem statement which allowed the design team to approach the problem from a completely different angle and thus a whole new set of ideas. Instead of concentrating on larger motors, slicker pulley designs and such, they concentrated on the passenger in the elevator.\n\nWhen they looked at the problem from this angle, the ideas started to snowball. Is it really too slow? Why do they think it is slow? How can we distract them? How can we make it more comfortable? Are customers scared of heights?\n\nThis lead to some first hand customer research. They found that a lot of people thought the elevators were a lot slower then they actually were. \n\n\nThey also discovered that people had an exaggerated sense of time because they had nothing to do but stare at the wall and think about the safety of the elevator  being suspended in the air, and preoccupied with the fear of falling. \n\nt room for additional equipment of any sort, so they brainstormed on that. This lead to the idea of mirrors in elevators so people would think about something else besides danger. Was their hair combed properly? Did her makeup look okay?\n\nBy installing mirrors in the elevators, people became distracted and were no longer preoccupied with the fear of falling. On a follow up survey, customers commented how much faster the new elevators were even though the speed was exactly the same. The elevator design itself had not changed at all."" \n\n"
888,"Will Russia, the Oil Superpower, Flex Its Muscles? Russia is again emerging as a superpower - but the reason has less to do with nuclear weapons than with oil.

Will Russia, the Oil Superpower, Flex Its Muscles? Russia is again emerging as a superpower - but the reason has less to do with nuclear weapons than with oil."
889,"Where can I buy a copy of Hypercard 2.4 for Mac?

Hypercard came with the old mac OS, and it looks like you can download 2.4.1 at http://www.versiontracker.com/dyn/moreinfo/macos/338 . That said, Hypercard is an old, obsolete technology that hasn't been updated in 7 years. I wouldn't be surprised if it didn't even run right under Classic mode in OS X. For you to need this, you must have a really old computer."
890,"What is the best off-road motorcycle trail ?

i hear that the mojave road is amazing!<br />\nsearch for it online."
891,"""Monster"" Waves Suprisingly Common, Satellites Show Rogue waves #151;eight or more stories or higher #151;are freaks of the ocean once thought to be tall tales told by sailors. But now scientists have satellite evidence that the massive upwellings are not only real but also fairly common.

""Monster"" Waves Suprisingly Common, Satellites Show Rogue waves #151;eight or more stories or higher #151;are freaks of the ocean once thought to be tall tales told by sailors. But now scientists have satellite evidence that the massive upwellings are not only real but also fairly common."
892,"AfreecaTV

AfreecaTV (that means 'A Free Casting') is a video streaming service based on P2P technology owned and operated by AfreecaTV Co. Ltd. in South Korea after Nowcom's AfreecaTV Co.Ltd-ZettaMedia split in 2011.Initially started from W beta services and officially performed by the name of “AFREECA” in 9th Mar 2006.The site mainly retransmits TV channels but also allows users to upload their own videos and shows.The functions for Broadcasting watching channel lists and chatting etc."
893,"Taking the Microsoft Rorschach test CNET News.com's Charles Cooper asks what it is about Microsoft that pushes so many people straight over the edge?

Taking the Microsoft Rorschach test CNET News.com's Charles Cooper asks what it is about Microsoft that pushes so many people straight over the edge?"
894,"A bargain hunter's paradise Massachusetts bargain hunters showed up in droves and shopped hard on yesterday's sales tax holiday, buying everything from treadmills and snow blowers to candles and chandeliers, and crediting the 5-percent tax break with bringing them into the stores.

A bargain hunter's paradise Massachusetts bargain hunters showed up in droves and shopped hard on yesterday's sales tax holiday, buying everything from treadmills and snow blowers to candles and chandeliers, and crediting the 5-percent tax break with bringing them into the stores."
895,"Do women expect a kiss on the first date?

It depends on the girl, the date, and how much you like each other. Just go with the flow and do what feels right. And don't think about it too much."
896,"What does 4 8 15 16 23 42 _really_ mean?

Don't know yet, but lots of wild theories and mathematical approaches being tried (some, via\nhttp://myweb2.search.yahoo.com/search?p=4%208%2015%2016%2023%2042):\n\nhttp://www.d.kth.se/~dicander/lost.html\n\nhttp://www.4815162342.com/forum/viewforum.php?f=3"
897,"First Nation Airways

FirstNation Airways Ltd. Is an airline with its headquarters in Lagos Nigeria. The company is owned by Asiwaju Bola Ahmed Tinubu former governor of Lagos State and owner of the newspaper The Nation. FirstNation was founded by former staff of now defunct Bellview Airlines and chaired by the ex-CEO of Bellview Kayode Odukoya. and received its first three leased Airbus A320-200 aircraft in early April 2011."
898,"Who played Will's dad on Will and Grace?

Sydney Pollack played Will's dad."
899,"Nevada Ponders Superfund Status for Mine (AP) AP - Pressured by a ranking senator from Nevada and the Environmental Protection Agency, Gov. Kenny Guinn says he might reconsider his opposition to a federal Superfund cleanup declaration for a huge abandoned mine contaminated with toxic waste and uranium.

Nevada Ponders Superfund Status for Mine (AP) AP - Pressured by a ranking senator from Nevada and the Environmental Protection Agency, Gov. Kenny Guinn says he might reconsider his opposition to a federal Superfund cleanup declaration for a huge abandoned mine contaminated with toxic waste and uranium."
900,"Dolphins Too Have Born Socialites (Reuters) Reuters - Some people are born to be the life and\soul of the party -- and so it seems are some dolphins.

Dolphins Too Have Born Socialites (Reuters) Reuters - Some people are born to be the life and\soul of the party -- and so it seems are some dolphins."
901,"U.S. Warrior Arms Africans to Hunt Sudanese Poachers Armed poachers from Sudan have been raiding and destroying neighboring Central African Republic's wildlife resources for years. Now, with the help of a militant U.S. conservationist, the CAR populace is arming and training itself to fight back.

U.S. Warrior Arms Africans to Hunt Sudanese Poachers Armed poachers from Sudan have been raiding and destroying neighboring Central African Republic's wildlife resources for years. Now, with the help of a militant U.S. conservationist, the CAR populace is arming and training itself to fight back."
902,"321 Studios Reaches Settlement in DVD Copying Dispute By JIM SALTER      ST. LOUIS (AP) -- A company driven out of business by Hollywood and the video game industry over its DVD- and computer game-copying software has reached a settlement with the motion picture industry...

321 Studios Reaches Settlement in DVD Copying Dispute By JIM SALTER      ST. LOUIS (AP) -- A company driven out of business by Hollywood and the video game industry over its DVD- and computer game-copying software has reached a settlement with the motion picture industry..."
903,"Infocus: Deploying Network Access Quarantine Control, Part 1 This article discusses Network Access Quarantine Control with Windows Server 2003, which allows administrators to quarantine mobile users before giving them full network access, by first ensuring these machines are up-to-date according to a baseline security model.

Infocus: Deploying Network Access Quarantine Control, Part 1 This article discusses Network Access Quarantine Control with Windows Server 2003, which allows administrators to quarantine mobile users before giving them full network access, by first ensuring these machines are up-to-date according to a baseline security model."
904,"What does being loyal to a friend mean?

A loyal friend is someone who can keep secrets and promises.  Someone who will not hurt your feelings but will be honest with you."
905,"Red Pajamas Records

Red Pajamas Records is an independent American record label. It was founded in 1982 by Chicago singer-songwriter Steve Goodman with help from his manager Al Bunetta. Between 1983 and his death in 1984 Goodman released two albums on Red Pajamas: Artistic Hair and Affordable Art. Two more Santa Ana Winds and the Grammy Award-winning Unfinished Business were released posthumously in 1984 and 1987."
906,"RedMere

RedMere is an Irish company founded in 2004 and one of the biggest companies in the cable assembly industry.[citation needed]"
907,"News: UK police issue 'vicious' Trojan alert Britain's top cybercrime fighters have joined up with the banking industry today in warning of the latest attempt to defraud online banking customers.\

News: UK police issue 'vicious' Trojan alert Britain's top cybercrime fighters have joined up with the banking industry today in warning of the latest attempt to defraud online banking customers.\"
908,"How can I record audio directly from the browser to the web server?

Userplane has an audio/video recorder that will do that - you can check it out at http://www.userplane.com/apps/videoRecorder.cfm"
909,"Expansion slows in Japan Economic growth in Japan slows down as the country experiences a drop in domestic and corporate spending.

Expansion slows in Japan Economic growth in Japan slows down as the country experiences a drop in domestic and corporate spending."
910,"best place to meet guys in the bay area?

yah, for a sampling of tech guys, visit the northbound mountain view caltrain stop at about 5:20 one afternoon. you'll be giddy when you see you're completely surrounded by cute, intelligent, mostly available men.\n\n(disclaimer: this party accepts no liability for the accuracy of above statements if customer isn't completely satisfied with her experience) \n\n1015 Folsom danceclub is where i met mine. I'm not sure it could work twice though. :)"
911,"Some Globular Clusters May Be Leftovers From Snacking Galaxies Globular star clusters are like spherical cathedrals of light -- collections of millions of stars lumped into a space only a few dozen light-years across. If the Earth resided within a globular cluster, our night sky would be alight with thousands of stars more brilliant than Sirius.

Some Globular Clusters May Be Leftovers From Snacking Galaxies Globular star clusters are like spherical cathedrals of light -- collections of millions of stars lumped into a space only a few dozen light-years across. If the Earth resided within a globular cluster, our night sky would be alight with thousands of stars more brilliant than Sirius."
912,"Schick (razors)

Schick is a brand of safety razors by Energizer Holdings. It was founded in 1926 by Jacob Schick as the Magazine Repeating Razor Company. He sold this company in 1928 to start another unrelated company bearing his name which marketed his newly invented electric shavers. In 1926 Schick introduced its highly successful single blade safety razor system that stored twenty blades in a steel injector."
913,"Is there a good reference for California Landlord-Tenant Law?

Check out ""California Tenants:  A Guide to Residential Tenants' and Landloards' Rights and Responsibilities"" (listed as a reference below) from the department of Consumer Affairs."
914,"Buffy the Censor Slayer &lt;strong&gt;Letters&lt;/strong&gt; Readers drive stake through parents' group

Buffy the Censor Slayer &lt;strong&gt;Letters&lt;/strong&gt; Readers drive stake through parents' group"
915,"Off Color Brewing

Off Color Brewing is an American craft beer brewery located in the Logan Square neighborhood of Chicago Illinois. The brewery began in early 2013 as a partnership between John Laffler formerly with Goose Island Brewery and Dave Bleitner formerly with Two Brothers Brewing. The modus operandi of Off Color's founders when they began operation was to focus on brewing forgotten styles of beer particularly those made in Germany before Reinheitsgebot (i.e."
916,"What Is a Comet Made Of? UC Davis -- A new method for looking at the composition of comets using ground-based telescopes has been developed by chemists at UC Davis. Remnants from the formation of our solar system, the makeup of comets gives clues about how the Earth and other planets formed...

What Is a Comet Made Of? UC Davis -- A new method for looking at the composition of comets using ground-based telescopes has been developed by chemists at UC Davis. Remnants from the formation of our solar system, the makeup of comets gives clues about how the Earth and other planets formed..."
917,"KickApps

KickApps is a hosted platform for creating social networks and adding social software features video players and widgets to websites. More than 100000 sites use KickApps including major media companies (e.g. NBC Universal The BBC H&R Block and Scripps Networks) and a wide variety of niche websites.The KickApps company was acquired in January 2011 by KIT digital. Then in December 2012 the company was acquired again by Perfect Sense Digital."
918,"Loong Air

Loong Air (simplified Chinese: 长龙航空; traditional Chinese: 長龍航空; pinyin: Chánglóng Hángkōng) is a Chinese airline with its headquarters in the Loong Air Office Building (长龙航空办公大楼 Chánglóng Hángkōng Bàngōngdàlóu) on the property of Hangzhou Xiaoshan International Airport in Xiaoshan District Hangzhou. Its main hub is in Hangzhou. Approved by the Civil Aviation Administration of China it started domestic services in 2013."
919,"What is the oldest evidence of life?

Some evidence of photosynthesis was found on rocks in Greenland dating from 3.7 billion years ago. Danish researchers reached that conclusion analyzing the relative abundance of uranium and thorium in some rocks, and the high abundance of uranium in those suggests that there was oxygen present. Their conclusion was that microorganisms like present day cyanobacteria were converting sunlight to chemical energy through oxygen-producing photosynthesis."
920,"Can eyesight be trained or improved?  How?

How to restore 20/20 vision.\n\nExercise 1:  \nhold your index finger six inches from your nose. look at it for 2 seconds then look at an object 20 feet away, and then look at your index finger again. keep doing this for a few minutes.\n\nExercise 2:\nimagine you are looking at a giant clock. raise your eyes to the ceiling to look at the 12 as far as they will go. hold them there for a few seconds then bring them back to the centre.  then look at the 1 for a few seconds as far as your eyes will go and then back to the centre. keep doing this until you look at all the numbers.\n\nExercise 3:\nlook at the imaginary giant clock again but this time instead of bringing your eyes back to the centre, move your eyes to the next digit on the clock and hold them at each number for a few seconds.\n\nRepeat exercises 2 and 3 but going counter-clockwise.\n\nWithin a few days you should 'see' a vast improvement (no pun intended)."
921,"Creditcall

Creditcall Limited is a Payment Service Provider and Payment gateway offering credit card authorisation and settlement services via a single XML protocol to the major banks and processors in the United Kingdom United States and Canada. Creditcall's payment gateway is unique in that it can process card present and card not present transactions for parking ticketing and e-commerce as well as contactless payments via a single protocol."
922,"Hubble peers at celestial bubble The Hubble Space Telescope has looked into a bubble of gas and dust being inflated by a young star's particles.

Hubble peers at celestial bubble The Hubble Space Telescope has looked into a bubble of gas and dust being inflated by a young star's particles."
923,"Vattanac Capital

Vattanac Capital Tower is the tallest skyscraper located in Phnom Penh Cambodia with 39 stories. It is owned by Vattanac Properties Limited an affiliate of the Vattanac Bank. The construction started in 2009 topped out on May 10 2012 and was estimate to reach completion in late 2012."
924,"Does Playboy Interview Violate Google IPO? Does Playboy Interview Violate Google IPO?\\On the day of the IPO comes more Google controversy - Google rsquo;s founders will appear in an upcoming issue of Playboy magazine. Although the interview was apparently held before the IPO hype,  the Playboy interview may have broken US Securities laws over pre-IPO  #8220;quiet ...

Does Playboy Interview Violate Google IPO? Does Playboy Interview Violate Google IPO?\\On the day of the IPO comes more Google controversy - Google rsquo;s founders will appear in an upcoming issue of Playboy magazine. Although the interview was apparently held before the IPO hype,  the Playboy interview may have broken US Securities laws over pre-IPO  #8220;quiet ..."
925,"PalmOne to turn off wireless service Handheld maker says it will close down its Palm.Net wireless e-mail and Web service soon.

PalmOne to turn off wireless service Handheld maker says it will close down its Palm.Net wireless e-mail and Web service soon."
926,"Why are handicapped bathroom stalls always built at the end of the restroom?

Presumably because they tend to be longer/bigger to accommodate extra space, and the most efficient place to put a larger stall is at the end of the room. (It would be in the way if it were in the middle.)"
927,"Yamada Corporation

Yamada Corporation (株式会社山田洋行 Kabushiki-gaisha Yamada Yōkō) is a defense trading company based in Tokyo Japan."
928,"Lee Valley Tools

Lee Valley Tools is a Canadian business specializing in tools and gifts for woodworking and gardening."
929,"Space Science Pioneer Van Allen Questions Human Spaceflight (SPACE.com) SPACE.com - A leading space scientist has called to question the validity of human spaceflight, suggesting that sending astronauts outward from Earth is outdated, too costly, and the science returned is trivial.

Space Science Pioneer Van Allen Questions Human Spaceflight (SPACE.com) SPACE.com - A leading space scientist has called to question the validity of human spaceflight, suggesting that sending astronauts outward from Earth is outdated, too costly, and the science returned is trivial."
930,"How do you set-up a personal video recorder without monthly fees?

Easy, SnapStream, or I think it's now called BeyondTV, there was an article written on it in 2002 on tomsnetworking.com, great article: http://www.tomsnetworking.com/network/20020423/\n\nA little more than $50, but $69.99 ain't bad. If you don't already have a tv tuner card for your PC then get the bundle that comes with it.\n\nI'm not sure but I think the XP Media Edition PCs have similar software already built-in as well."
931,"Hitotsubashi Group

The Hitotsubashi Group (一ツ橋グループ Hitotsubashi Gurūpu) is a keiretsu publishing group in Hitotsubashi Chiyoda Tokyo Japan. It is composed of Shogakukan Shueisha Hakusensha and related publishing companies. The name of the group is derived from the location of its major members' headquarters in the Hitotsubashi area of Tokyo."
932,"Matchbox (brand)

Matchbox is a popular toy brand which was introduced by Lesney Products in 1953 and is now owned by Mattel Inc. The brand was so named as the original die-cast Matchbox toys were sold in boxes similar in style and size to those in which matches were sold."
933,"What's the market share of GM and Ford together in the USA?

From this article:\nhttp://www.detnews.com/2005/autosinsider/0511/04/A01-369542.htm\n\n""Their [U.S. automakers] combined share of the U.S. market shrank to a new low of 52.4 percent last month from 57 percent a year ago and 70 percent in 1999 when American consumers were snapping up light trucks and SUVs.""\n\nIt fluctuates more than you would think, but right now (a 7-year low) it is a little over 50%"
934,"Aquarium Reviews Death of Dolphin (AP) AP - The chief scientist at the National Aquarium in Baltimore has launched a review of the dolphin breeding program after the death of a 4-month-old dolphin.

Aquarium Reviews Death of Dolphin (AP) AP - The chief scientist at the National Aquarium in Baltimore has launched a review of the dolphin breeding program after the death of a 4-month-old dolphin."
935,"Where is the best place around here (Mountain View) for a novice to go for skydiving ?

Check out the link for Skydive Monterey Bay Inc. I haven't done it by my friends have done their first jump there. Their website has a lot of good information on skydiving. As far as I know, your first jumps will always be tandem jumps, where you are strapped to an instructor who will pull the parachute. It seems that the only risk is if the regular parachute and the emergency parachute all fail, which is probably very unlikely."
936,"Molycorp

Molycorp Inc. is an American mining corporation headquartered in Greenwood Village Colorado. The corporation which is traded on the New York Stock Exchange owns the Mountain Pass rare earth mine in California."
937,"Southeast Coast Sees Fewer Turtle Nests (AP) AP - About half the usual number of loggerhead turtles have nested between North Carolina and Florida this season, and scientists have no explanation for the drop.

Southeast Coast Sees Fewer Turtle Nests (AP) AP - About half the usual number of loggerhead turtles have nested between North Carolina and Florida this season, and scientists have no explanation for the drop."
938,"The New Customers Are In Town Today's customers are increasingly demanding, in Asia as elsewhere in the world.  Henry Astorga describes the complex reality faced by today's marketers, which includes much higher expectations than we have been used to.  Today's customers want performance, and they want it now!

The New Customers Are In Town Today's customers are increasingly demanding, in Asia as elsewhere in the world.  Henry Astorga describes the complex reality faced by today's marketers, which includes much higher expectations than we have been used to.  Today's customers want performance, and they want it now!"
939,"Development Alternatives Incorporated

For other uses of the acronym see DaiDAI or Development Alternatives Inc. is a private development company based in Washington D.C.In 2010 it received $382491550.13 of contract funding by USAID to deliver development services.DAI operates offices in Central and North America Europe Sub-Saharan Africa the Middle East and South Asia."
940,"How many planes Fedex has?

according to the www.fedex.com web site:\nAir Fleet<br />\n  <br />\n670 aircraft, including: <br />\n47 Airbus A300-600s  17 Boeing DC10-30s  <br />\n62 Airbus A310-200/300s  36 Boeing MD10-10s  <br />\n2 ATR 72s  5 Boeing MD10-30s  <br />\n29 ATR 42s  57 Boeing MD11s  <br />\n18 Boeing 727-100s  10 Cessna 208As  <br />\n94 Boeing 727-200s  246 Cessna 208Bs  <br />\n30 Boeing DC10-10s  17 Fokker F-27s"
941,"What are the odds of life on another planet?

Answers to this question can vary greatly, but a good framework to think about it is the Drake Equation.  Developed by Frank Drake and Carl Sagan, it runs through some of the key factors that will effect the viability of life on other planets.  As we learn more about extrasolar planets and astrobiology, we are getting better limits on some of the parameters in the equation, but especially when it comes to the terms where we look for intelligent life that can last long enough to contact other species, we have very little data to go on.\n\nSo when it comes down to the last few terms you need to take it all with a grain of salt.\n\nIf you are simply talking about life, I think recent discoveries have made the likelihood very high.  The discovery of many extrasolar planets including some that are closer to Earth size means that there are specific places we can point to where life may have formed or be forming.  Even in stranger systems that feature planets several times Jupiter's mass, it is possible that a terrestrial satellite of such a large planet could harbor the right conditions for life.\n\nIt's a fun thing to work through the Drake equation yourself.  Since the last few terms are more subjective (at least until we get more data), it's fun to play with it and see where you stand.\n\nThe best guess that scientists have put forward right now is:\n\nN = 10 × 0.5 × 2 × 0.33 × 1×10-7 × 0.01 × 67 = 2.211×10-7 = 0.0000002211\n\nwhere N is the number of intelligent extraterrestrial civilizations that might come to communicate with us in a year.  \n\nTo get the number of planets that reach a point of harboring life (not intelligent) in a year, we just take the first 4 terms:\n\n10 × 0.5 × 2 × 0.33 = 3.3\n\nSo about 3.3 new planets reach the point where life forms per year."
942,"Pulsion technology

Pulsion Technology is software company located in Glasgow Scotland. The company develops mobile software products in the facilities management data collection inspection and legionella compliance markets as well as undertaking custom software and web development."
943,"How Much Wood Can A Wood Chuck Chuck?

well...it depends if a wood chuck could chuck wood"
944,"What's in a Name? Well, Matt Is Sexier Than Paul (Reuters) Reuters - As Shakespeare said, a rose by any other\name would smell as sweet. Right?

What's in a Name? Well, Matt Is Sexier Than Paul (Reuters) Reuters - As Shakespeare said, a rose by any other\name would smell as sweet. Right?"
945,"Goldsmith's

Goldsmith's was a department store founded in Memphis Tennessee in 1870 by German immigrant brothers Jacob and Isaac Goldsmith. With a $500 investment they opened a dry goods store on Beale Street. It grew into a chain largely located in the Memphis metropolitan area until 2005 when the nameplate was eliminated and replaced by Macy's."
946,"Infocus: Wireless Attacks and Penetration Testing (part 3 of 3) This third and final part of the wireless pen-test series looks at how to mitigate the security risks outlined in the previous articles, and then looks at some proposed solutions currently in front of the IETF.

Infocus: Wireless Attacks and Penetration Testing (part 3 of 3) This third and final part of the wireless pen-test series looks at how to mitigate the security risks outlined in the previous articles, and then looks at some proposed solutions currently in front of the IETF."
947,"Not All Jobs Belong To The White Man: Asian Minorities, Affirmative Action, And The Quest For Parity At Work Although a smattering of Chinese, Filipinos, Japanese, Indians, Thais, and others may crow about seeing their kind sitting in prominent positions in corporations and organizations in the USA, these accomplishments become mere cultural high-fives and ritualistic chest-thumping goaded and impishly patronized by 'mainstream society' - the milder and gentler term for the white-dominated populace.

Not All Jobs Belong To The White Man: Asian Minorities, Affirmative Action, And The Quest For Parity At Work Although a smattering of Chinese, Filipinos, Japanese, Indians, Thais, and others may crow about seeing their kind sitting in prominent positions in corporations and organizations in the USA, these accomplishments become mere cultural high-fives and ritualistic chest-thumping goaded and impishly patronized by 'mainstream society' - the milder and gentler term for the white-dominated populace."
948,"why ""liberal"" in the US is considered as ""left"", while in europe is used to define a conservative?

Sorry, here in Europe, liberal is not conservative...Is not left (actually, is center-right), but here in Europe, in the Center right has three families: Conservatives, Christian-Democrats and Liberals; and they are pretty differents."
949,"Airmark Indonesia

PT Airmark Indonesia Airlines is an airline based in Jakarta Indonesia. It operates scheduled regional and domestic passenger services as well as scheduled express cargo services ad hoc charter services and relief missions. Its main base is Halim Perdanakusuma International Airport Jakarta."
950,"Airspan

Airspan Networks (OTC Pink: AIRO) is a 4G LTE and WIMAX U.S.-based equipment manufacturer founded in 1998 with headquarters in Boca Raton Florida and R&D facilities in the United Kingdom and Israel.The first product AS4020 platform was based on CDMA radio technology adapted for fixed wireless access. The company currently provides a wide range of LTE and WIMAX base stations and customer premises equipment."
951,"Creating Stunning DVDs  #147;No other DVD authoring program in the \$500 price class is capable of creating such stunning, highly creative DVDs as Apple #146;s DVD Studio Pro 3, #148; writes PC Magazine.  #147;For video pros looking to take their productions to the next level, it #146;s worth a serious look. #148; Aug 4

Creating Stunning DVDs  #147;No other DVD authoring program in the \$500 price class is capable of creating such stunning, highly creative DVDs as Apple #146;s DVD Studio Pro 3, #148; writes PC Magazine.  #147;For video pros looking to take their productions to the next level, it #146;s worth a serious look. #148; Aug 4"
952,"Should the Sharks trade Evgeni Nabokov?

In short, no. \n\nIf they trade him now they will see minimal returns on a trade. They are dealing from a weak position. Should Nolan Schaefer get a shot? Yes. \n\nNabokov should be given a chance to rest, start Nolan for a couple of games and then get him back in there. I believe he will be able to snap out of this funk, but trading him now would be the absolute worst time for them to trade him in terms of what they could get in return."
953,"""Unusually Good"" Meteor Shower Expected Tonight Tonight's annual Perseid meteor shower is likely to be a spectacular show of shooting stars zipping across the night sky, according to astronomers.

""Unusually Good"" Meteor Shower Expected Tonight Tonight's annual Perseid meteor shower is likely to be a spectacular show of shooting stars zipping across the night sky, according to astronomers."
954,"Sender ID gains traction Leading ISPs, anti-spam vendors, and e-mail software companies are moving quickly to add support for the Microsoft-backed anti-spam technology standard Sender ID, even as some e-mail experts raise doubts that the technology will work.

Sender ID gains traction Leading ISPs, anti-spam vendors, and e-mail software companies are moving quickly to add support for the Microsoft-backed anti-spam technology standard Sender ID, even as some e-mail experts raise doubts that the technology will work."
955,"Knocking on Heaven's Door The Milky Way is a vast, diverse neighborhood. If you're hoping to find Earthlike planets that may harbor life, you'll need to narrow the search. Stars are a good place to start, because the dusty discs around stars spawn young planets.

Knocking on Heaven's Door The Milky Way is a vast, diverse neighborhood. If you're hoping to find Earthlike planets that may harbor life, you'll need to narrow the search. Stars are a good place to start, because the dusty discs around stars spawn young planets."
956,"Can I view everything on the Internet via the wireless network?

Yes...you can :)"
957,"Stanley Consultants

Stanley Consultants Inc. is an American-based international engineering construction and environmental engineering services company with its headquarters in Muscatine Iowa U.S.A.. Stanley Consultants also has offices in 17 other locations in the U.S. and 10 countries. The company has undertaken projects in over 96 countries.Stanley Consultants began as a small engineering firm in Muscatine Iowa founded by Charles Young in 1913. In 1932 C."
958,"How do I take my money out of 401k without penalty?

You can withdraw the money for childrens higher education. Details:<br />\nHigher education expenses.   Even if you are under age 59½, if you paid expenses for higher education during the year, part (or all) of any distribution may not be subject to the 10% additional tax. The part not subject to the tax is generally the amount that is not more than the qualified higher education expenses (defined later) for the year for education furnished at an eligible educational institution (defined later). The education must be for you, your spouse, or the children or grandchildren of you or your spouse."
959,"Grupo Aeroportuario del Pacífico

Grupo Aeroportuario del Pacífico (simply known as GAP) is the operator of twelve airports in Mexico. It is a federal government-owned corporation with its own equity capital and legal identity. The corporation is headquartered at Guadalajara Jalisco. The company later cooperated with Videocine and Lionsgate to sponsor and co-produce a Mexican comedy film Viaje de Generacion."
960,"Copiers Need Security, Too Networked multifunction devices share PC vulnerabilities to worms, hackers.

Copiers Need Security, Too Networked multifunction devices share PC vulnerabilities to worms, hackers."
961,"Claria Cancels \$150 million IPO Claria Cancels \$150 million IPO\Contextual advertising and pop up company Claria Corp. has canceled plans for a \$150 million initial public offering due to ""current market conditions,"" it said in a regulatory filing on Wednesday.\\Claria, which filed its original prospectus in April of this year, had not disclosed the number ...

Claria Cancels \$150 million IPO Claria Cancels \$150 million IPO\Contextual advertising and pop up company Claria Corp. has canceled plans for a \$150 million initial public offering due to ""current market conditions,"" it said in a regulatory filing on Wednesday.\\Claria, which filed its original prospectus in April of this year, had not disclosed the number ..."
962,"What is the best microphone or headset for recording a podcast?

OK - I podcast, just wrapped my 160th show. I use a Plantronics Computer headset. Key is to position microphone 3 fingers away from your mouth, not under your nose. I think it was $14 from Fry's\n\nFor calls, I use a Radio Shack call recorder, plugs in between your phone and headset (phone must have headset jack). Was $24.\n\nProcessing your voice afterwards helps: normalize, use a little reverb, and compress. It makes a big difference, and you dont really need to use hardware to do it. \n\nThats the cheap method. You can spend a lot more and there are huge differences and situations. It depends on where you will be using it, who you will be talking to. Big difference between say a portable , interview show, and/or studio."
963,"Sony Urban Music

Sony Urban Music was a division of Sony BMG active from 2004 to 2006 The division handled R&B soul and hip hop releases by artists nominally signed to Sony's Columbia and Epic labels. During its existence Sony Urban managed releases by artists such as Bow Wow John Legend Omarion Bossman DMX Beyoncé Amerie and contemporary Christian music duo Anointed.In November 2006 it was announced that Sony Urban Music would be dismantled."
964,"Who is going to pick up Terrell Owens after he comes off suspension?

It's hard to imagine Terrell in the same locker room with Keyshawn Johnson (Dallas) or Michael Vick (Atlanta).  The Denver Broncos are more likely to pick him up."
965,"Why do we celebrate Christmas eve?

It has become a tradition in some countries."
966,"Mid-South Management Company

Mid-South Management Company Inc. owns or operates newspapers in North Carolina South Carolina Virginia and Georgia. The family-owned company based in Spartanburg South Carolina was started in 1948 by Phil Buchheit who was then publisher and operator of the Spartanburg Herald-Journal."
967,"Abraham Lincoln Institute

The Abraham Lincoln Institute (ALI) founded in 1997 is a non-profit organization promoting scholarly research on the subject of Abraham Lincoln. The institute utilizes dissertation prizes book awards and an annual Lincoln symposium to encourage research and scholarship on the life and legacy of Abraham Lincoln."
968,"What is the maximum number of identical stones so that after a look-alike is added...?

The answer is 9 stones (or maybe more). \n\nAfter adding a look-alike to 9 stones, there will be 10. Name them ABCDEFGHIJ.\n\n""ABC<DEF"" means ""the stones ABC as a group weigh less than the stones DEF.""\n\nWeighing 1. Weigh ABC vs. DEF.\n\nIf ABC<DEF:\n--Weighing 2. Weigh ABC vs. GHI.\n----If ABC<GHI, the look-alike must be light and among ABC.\n----Weighing 3. Weigh A vs. B.\n------If A<B, the look-alike is A.\n------If A=B, the look-alike is C.\n------If A>B, the look-alike is B.\n----If ABC=GHI, the look-alike must be heavy and among DEF.\n----Weighing 3. Weigh D vs. E.\n------If D<E, the look-alike is E.\n------If D=E, the look-alike is F.\n------If D>E, the look-alike is D.\n\nIf ABC=DEF, the look-alike must be among GHIJ.\n--Weighing 2. Weigh G vs. H.\n----If G=H, the look-alike candidates are I and J.\n----Otherwise, the look-alike candidates are G and H.\n----Weighing 3. Weigh one of the two candidates against A.\n------If they differ in weight, the look-alike is that candidate, otherwise it is the other candidate.\n\nIf ABC>DEF:\n--Weighing 2. Weigh ABC vs. GHI.\n----If ABC>GHI, the look-alike must be heavy and among ABC.\n----Weighing 3. Weigh A vs. B.\n------If A<B, the look-alike is B.\n------If A=B, the look-alike is C.\n------If A>B, the look-alike is A.\n----If ABC=GHI, the look-alike must be light and among DEF.\n----Weighing 3. Weigh D vs. E.\n------If D<E, the look-alike is D.\n------If D=E, the look-alike is F.\n------If D>E, the look-alike is E."
969,"Bollack Netter and Co

Bollack Netter et Cie (French: Bollack Netter et compagnie) more commonly known as B.N.C. was a small automobile company in Paris situated on Avenue de Paris 39 in the Levallois-Perret district."
970,"Securing the gold in Athens Despite age-old Olympic truce known as the ekecheiria, or ""holding of hands,"" security experts aren't taking any chances.\

Securing the gold in Athens Despite age-old Olympic truce known as the ekecheiria, or ""holding of hands,"" security experts aren't taking any chances.\"
971,"EBay Buys into Craigslist Auction company is apparently drawn to the classifieds model pioneered by community resource site.

EBay Buys into Craigslist Auction company is apparently drawn to the classifieds model pioneered by community resource site."
972,"Ateliers Germain

The Alteliers Germain was a Belgian engineering manufacturing company based in Monceau-sur-Sambre near Charleroi. The company manufactured motorcars under license in the early 20th century until the First World War after which is concentrated on rail vehicle manufacture.It merged with the Société Anglo-Franco-Belge in the 1960s shortly before becoming defunct."
973,"Microsoft Corp. 2.0: a kinder corporate culture Even a genius can mess up. Bill Gates was a brilliant technologist when he cofounded Microsoft , but as he guided it to greatness in both size and historical consequence, he blundered. He terrorized underlings with his temper and parceled out praise like Scrooge gave to charity. Only the lash inspired the necessary aggressiveness to beat the competition, he thought.

Microsoft Corp. 2.0: a kinder corporate culture Even a genius can mess up. Bill Gates was a brilliant technologist when he cofounded Microsoft , but as he guided it to greatness in both size and historical consequence, he blundered. He terrorized underlings with his temper and parceled out praise like Scrooge gave to charity. Only the lash inspired the necessary aggressiveness to beat the competition, he thought."
974,"Apple to open second Japanese retail store this month (MacCentral) MacCentral - Apple Computer Inc. will open its second Japanese retail store later this month in the western Japanese city of Osaka, it said Thursday.

Apple to open second Japanese retail store this month (MacCentral) MacCentral - Apple Computer Inc. will open its second Japanese retail store later this month in the western Japanese city of Osaka, it said Thursday."
975,"Bashford Manor Stable

Bashford Manor Stable was an American Thoroughbred racing and breeding operation in Louisville Kentucky owned by George James Long. In 1874 James Bennett Wilder built a home on farm acreage he called Bashford Manor. In 1887 George Long purchased Bashford Manor and developed it into a leading Thoroughbred horse farm which bred three Kentucky Derby winners. To stock his new breeding operation. George Long acquired horses from the Erdenheim Stud of Norman W. Kittson."
976,"What can be done to lower the dropout rate in High Schools?

To curb the dropout rate, the National Dropout Prevention Center advocates the ""implementation of alternative strategies based on the principle of continuous improvement, in place of policies supporting student grade retention"".\n\nIn other words, the organization believes that the qualifier of a meaningful education shouldn't solely be based on grades, but on individual performance. \n\nEach learner begins at a different level emotionally, socially, and cognitively, and behaviorally. And because all of these factors play a role in learning, the same standard shouldn't apply to every student. \n\nThe NDPC thinks that more dropouts could be prevented if each child was assessed as an invidividual and their progress was weighed on their individual needs, not based against every other student.\n\nOne of the best educational strategies they recommend is service-learning. This is a theory based on the connection of hands-on experience and academic learning that also incorporates service to the community. Many learners have shown they can grasp concepts better and have greater success through experiential learning instead of the traditional textbook/lecture/text based learning.\n\nhope this helps!"
977,"What would Baby Jesus Think? \\""On Tuesday, Cheney, serving in his role as president of the Senate, appeared in\the chamber for a photo session. A chance meeting with Sen. Patrick J. Leahy\(Vt.), the ranking Democrat on the Judiciary Committee, became an argument about\Cheney's ties to Halliburton Co., an international energy services corporation,\and President Bush's judicial nominees. The exchange ended when Cheney offered\some crass advice.\\'Fuck yourself,' said the man who is a heartbeat from the presidency.""\\Wonder what the moral majority has to say about this?\\It isn't profanity!  Its a freedom praise!\\

What would Baby Jesus Think? \\""On Tuesday, Cheney, serving in his role as president of the Senate, appeared in\the chamber for a photo session. A chance meeting with Sen. Patrick J. Leahy\(Vt.), the ranking Democrat on the Judiciary Committee, became an argument about\Cheney's ties to Halliburton Co., an international energy services corporation,\and President Bush's judicial nominees. The exchange ended when Cheney offered\some crass advice.\\'Fuck yourself,' said the man who is a heartbeat from the presidency.""\\Wonder what the moral majority has to say about this?\\It isn't profanity!  Its a freedom praise!\\"
978,"Witches Brew (record label)

Witches Brew is an underground European record label which mainly sells music via online distribution."
979,"Penway

Penway Industries Ltd. (Traditional Chinese: ) is a privately held Garment Trading/ Production Company based in Hong Kong. The company is controlled by the Choi and Liu family set up by Ms. Lily Liu who founded the company."
980,"Fratmen

Fratmen is an American producer of adult-oriented consumer entertainment content for the Internet. The brand is owned by ICONnewmedia Inc. and licensed to and produced by Pavlov's Dog LLC a production company based in Scottsdale Arizona The founder of Fratmen John Marsh released the first videos on VHS tape in 1999 as well as a small pay-per-view picture gallery on Fratmen.com."
981,"Hearing clue to whale evolution The evolution of whales from four-legged land dwellers into streamlined swimmers has been traced in fossilised ears, Nature reports.

Hearing clue to whale evolution The evolution of whales from four-legged land dwellers into streamlined swimmers has been traced in fossilised ears, Nature reports."
982,"what is a double layer DVD burner?

Movie DVDs you buy in the store can contain up to 8.5 gigabytes of data.  This is because they are pressed (as opposed to burned) dual-layer DVDs (also called DVD-9).  The recordable DVD+-Rs that have been on the market for a while a single-layer DVD-5s and can store  up to 4.7 gigabytes.  This disrepency is why programs that copy movie DVDs need to compress the DVD content after unencrypting it before they can be burned to a normal DVD.  Recently new DVD burners and media were introduced that allowed people to burn DVD-9 DVDs reasonably affordably.\n\nSo a double-layer DVD burner is one that is capable of burning 8.5 gigabyte DVD-9 format DVDs.\n\nhttp://en.wikipedia.org/wiki/Dvd#Technical_information"
983,"The Eyes Are the Window to Hypertension The tiniest blood vessels of the eye can provide a glimpse that may warn of future high blood pressure, Australian researchers report. That finding comes from a computerized analysis of special camera images of the retina, an experimental technique.

The Eyes Are the Window to Hypertension The tiniest blood vessels of the eye can provide a glimpse that may warn of future high blood pressure, Australian researchers report. That finding comes from a computerized analysis of special camera images of the retina, an experimental technique."
984,"Turdo Vineyards & Winery

Turdo Vineyard & Winery (pronounced /tʊərˈdoʊ/ tour-DOE) is a winery in the North Cape May section of Lower Township in Cape May County New Jersey. The vineyard was first planted in 1999 and opened to the public in 2004. Turdo has 5 acres of grapes under cultivation and produces 1100 cases of wine per year. The winery is named after the family that owns it."
985,"PCRUSH

pcRUSH.COM an Atman Inc. company is a internet retailer / etailer authorized value-added reseller and solutions provider that supplies computer/technology consumer electronics and other products. The company is based in El Segundo California United States."
986,"Kalydo

Kalydo is a proprietary cloud gaming technology and service based on file streaming. The Kalydo platform launched commercially in 2008 and has been in service since. The Kalydo file streaming technology allows games to be played immediately without the need of downloading and installation providing faster and easier access to games."
987,"Where's a good place to buy a skirt for beneath the Christmas tree?

Target has a great selection.  You can get plain red felt for $4.99, or a variety of more elaborate ones for a lot more.  As always, Target is a great choice!"
988,"Where do babies come from?

I guess it's because I'm not a parent, but I don't understand why you can't tell your son where babies actually come from?  Don't you know?"
989,"What is a family?

It's the society.  It's the people we love.  It could be our mother, father, siblings, cousins, aunts, uncles, friends, etc.  Family is not only those who are related to us by blood."
990,"How many answers does a typical Q&A question get?

Well... being that people get 'points' for answering questions, I'm sure there will be a lot of 'filler' questions going into this one, so I'd guess you'll get 50 in here, but about 4 or 5 on average."
991,"Heat waves set to become 'brutal' Heat waves in the 21st Century will be more intense, more frequent and longer, US experts say.

Heat waves set to become 'brutal' Heat waves in the 21st Century will be more intense, more frequent and longer, US experts say."
992,"What was the name of King Arthur's sword?

Excalibur"
993,"Is Trigonometry considered high school or college level math?

In the US, Trig is normally considered as a high school level course, however, it is not a required course to graduate. I believe Algebra is the highest of the high school math courses that are required for graduation, although some schools may still only require Geometry.\nIn the US the typical sequence for math courses is Pre-Algebra, Geometry, Algebra, Trigonometry and then Calculus (which is usually taken at the high school level as Pre-Calculus, but may also be taken as full ""AP"" Calculus, where the ""AP"" stands for ""Advanced Placement"" and means that the student can get University-level credit for that course when they go to College)."
994,"Wireless router setup?

Few things to look for:\n\n1. Do you have cable or dsl or dial connection?\n2. Earlier when you did not have the router, were you entering the login/password to connect to internet? If so, you have to configure your cable/dsl modem to host the login/password. For SBC DSL modem you can do it by http://192.168.1.0/ and there is a option available in ""advanced configuration"" to do that.\n3. Did you connect the ethernet cable from the cable/dsl modem to the \n    WAN port of the router?\n4. Are you getting the Dynamic IP assigned by the router? Check it by Start->Run->Cmd->ipconfig. It should show you some IP address like 192.168.1.x.\n5. Run the following command in the command window (start->Run->cmd)\n       ping www.yahoo.com\n\nHope this helps."
995,"Google Sets Date for IPO Google Inc. (GOOG) will close the registration process for its IPO auction Thursday, setting the stage for the online search engine leader's hotly anticipated stock market debut. Google plans to launch an unusual auction to sell 25.7 million shares shortly after closing the registration.

Google Sets Date for IPO Google Inc. (GOOG) will close the registration process for its IPO auction Thursday, setting the stage for the online search engine leader's hotly anticipated stock market debut. Google plans to launch an unusual auction to sell 25.7 million shares shortly after closing the registration."
996,"News: Duke Study Disputes Idea that Trees Can 'Relocate' Quickly in Response to Climate Change In a study with implications for how North American trees might respond to a changing climate, molecular information collected by Duke University researchers refutes a widely accepted theory that many of the continent's tree species migrated rapidly from the deep South as glaciers retreated at the end of the last Ice Age. (Duke University press release)

News: Duke Study Disputes Idea that Trees Can 'Relocate' Quickly in Response to Climate Change In a study with implications for how North American trees might respond to a changing climate, molecular information collected by Duke University researchers refutes a widely accepted theory that many of the continent's tree species migrated rapidly from the deep South as glaciers retreated at the end of the last Ice Age. (Duke University press release)"
997,"Horseflies and Meteors Like bugs streaking colorfully down the side window of a moving car, Earthgrazing Perseid meteors could put on a pleasing show after sunset on August 11th.

Horseflies and Meteors Like bugs streaking colorfully down the side window of a moving car, Earthgrazing Perseid meteors could put on a pleasing show after sunset on August 11th."
998,"Holmen (company)

Holmen is a Swedish company which bases its business in the pulp and paper industry. Holmen's main products are newsprint (both white and colored) and magazine paper for newspapers magazines directories and advertising prints. They also produce paperboard for consumer packaging and graphical applications.The current CEO is Magnus Hall."
999,"Is there a cure for malaria?

There are several means of successfully treating malaria if contracted, yet malaria is still one of the leading causes of preventable death in the developing world.  The reason is that most of these people are too poor to afford even basic preventative measures like bednets (which keeps malarial misquitoes from biting children in their sleep).\n\nBednets are important step to reducing the impact of malaria, because it is much more expensive to treat malaria once it is contracted than it is to prevent it via bednets, removing standing water, etc.\n\nThere are some efforts to find cheaper alternative treatments as well, including one promising one that comes from Chinese herbal medicine. \n\nhttp://archives.cnn.com/2002/WORLD/asiapcf/east/11/26/health.malaria/\n\nI've also attached a CDC (center for disease control) article that describes some of the anti-malarial drugs currently being used."
1000,"Rand falls on shock SA rate cut Interest rates are trimmed to 7.5 by the South African central bank,  but the lack of warning hits the rand and surprises markets.

Rand falls on shock SA rate cut Interest rates are trimmed to 7.5 by the South African central bank,  but the lack of warning hits the rand and surprises markets."
1001,"How much wood could a wood chuck chuck if a wood chuck could chuck wood?

According to a Wall Street Journal article referenced here, Richard Thomas, a wildlife expert from New York, estimated that a woodchuck moves about 700 pounds of dirt in building its burrow...so, he estimated that over that same time and effort, a woodchuck could chuck 700 pounds of wood if a woodchuck could chuck wood."
1002,"What is the best slope in Tahoe for snowboarders?

North Star and Heavenly are my personal favorites. Both seem well groomed and Heavenly top-of-the-slope offers a breathtaking view of Lake Tahoe.\n\nTry the second source link for a picture of Lake Tahoe from the top of Heavenly.\n\nHope this helps!"
1003,"what is the average cost of an engineer in India comparing to the US?

In guess in india, an avg. software engr wud get paid like USD 300-500 pm and an avg engr(not software) wud be paid half of it.\nThis is for college grads(not exp ppl). Exp ppl wud get paid much more ofcourse. In india the salary increases each yr by a much more rate than in US."
1004,"What is Trans Fat? How to reduce that?

Trans fats occur in manufactured foods during the process of partial hydrogenation, when hydrogen gas is bubbled through vegetable oil to increase shelf life and stabilize the original polyunsatured oil. The resulting fat is similar to saturated fat, which raises ""bad"" LDL cholesterol and can lead to clogged arteries and heart disease. \nUntil very recently, food labels were not required to list trans fats, and this health risk remained hidden to consumers. In early July, FDA regulations changed, and food labels will soon begin identifying trans fat content in processed foods."
1005,"Hampton Jitney

Hampton Jitney is a for-profit bus company based in Southampton NY operating three primary routes from the east end of Long Island (The Hamptons and the North Fork) to New York City as well as charter services along with local transit bus service in eastern Suffolk County under contract with Twin Forks Transit which runs the routes under contract with Suffolk County Transit."
1006,"Toei Bus

The Toei Bus (都営バス Toei Basu) is a bus service operated by the Bus Service Division the Tokyo Metropolitan Bureau of Transportation (東京都交通局 Tōkyō-to Kōtsū-kyoku). It is also called To Bus (都バス To Basu).The bureau mainly operates bus routes in the special wards of Tokyo as well as those in the city of Ōme in the western Tama Area."
1007,"Intafact Beverages Limited

SABMiller made an initial investment of over US$100m in the Onitsha brewery that was commissioned on 30 August 2012.In 2014 a decision was made to invest US$110 million to increase the current annual capacity from 700 000 to 2.1 million hectolitres.The capacity upgrade is due to be completed in 2015."
1008,"What does ""buck naked"" mean?

Dating from the 1920's the expression buck naked commonly means completely or totally naked or without a ""stitch"" (as opposed to partially naked). Synonyms include ""bare naked"", ""buck-arse naked"", and ""butt naked"" (also spelled, facetiously, ""butt nekkid""). In the South, ""buck naked"" or ""butt naked"" means not in your house, out looking for trouble on Saturday night and wearing no clothes."
1009,"What are the Seven Sisters schools? Are they considered as good colleges?

The seven sister schools are Smith, Vassar, Wellesley, Bryn Mawr, Mount Holyoke, Radcliffe and Barnard. Indeed, they are considered excellent colleges, I attended two of them myself!"
1010,"Oracle expands midmarket ambitions Company looks to juice its application server business with a version tuned for smaller organizations.

Oracle expands midmarket ambitions Company looks to juice its application server business with a version tuned for smaller organizations."
1011,"Uganda Securities Exchange

The Uganda Securities Exchange (USE) is the principal stock exchange of Uganda. It was founded in June 1997. The USE is operated under the jurisdiction of Uganda's Capital Markets Authority which in turn reports to the Bank of Uganda Uganda's central bank.The exchange's doors opened to trading in January 1998. At the time the exchange had just one listing a bond issued by the East African Development Bank."
1012,"Why do people blush when they are embarrassed?

from ask yahoo...\nhttp://ask.yahoo.com/ask/20040113.html\n<<Blushing is a unique blend of evolutionary and social behavior. It's an involuntary reaction of the sympathetic nervous system, which is responsible for our ""fight or flight"" response, but blushing is solely triggered by social cues. <br />\nPeople generally blush when they're feeling embarrassed, scared, or stressed. As a result of the ""fight or flight"" response, the capillaries that carry blood to the skin widen, and the increased blood flow lends the face, as well as sometimes the chest, neck, or even the body or legs, a reddened color. \nExcessive facial blushing, or erythrophobia, is caused by overactivity of the sympathetic nervous system. The condition can cause a lot of psychological duress and has engendered several support groups. \nIt's common knowledge that animals don't blush. So while there are some evolutionary cues behind blushing, it's also linked to something uniquely human -- moral consciousness.>>"
1013,"Central Aircraft Company

Central Aircraft Company Limited was a British aircraft manufacturer from its formation in 1916 to its closure in 1926."
1014,"Missing June Deals Slow to Return for Software Cos. (Reuters) Reuters - The mystery of what went wrong for the\software industry in late June when sales stalled at more than\20 brand-name companies is not even close to being solved\although the third quarter is nearly halfway over.

Missing June Deals Slow to Return for Software Cos. (Reuters) Reuters - The mystery of what went wrong for the\software industry in late June when sales stalled at more than\20 brand-name companies is not even close to being solved\although the third quarter is nearly halfway over."
1015,"Delightful Dell The company's results show that it's not grim all over tech world. Just all of it that isn't Dell.

Delightful Dell The company's results show that it's not grim all over tech world. Just all of it that isn't Dell."
1016,"Cluster Finds Giant Gas Vortices at the Edge of Earths Magnetic Bubble European Space Agency -- ESAs quartet of space-weather watchers, Cluster, has discovered vortices of ejected solar material high above the Earth.     The superheated gases trapped in these structures are probably tunnelling their way into the Earths magnetic bubble, the magnetosphere...

Cluster Finds Giant Gas Vortices at the Edge of Earths Magnetic Bubble European Space Agency -- ESAs quartet of space-weather watchers, Cluster, has discovered vortices of ejected solar material high above the Earth.     The superheated gases trapped in these structures are probably tunnelling their way into the Earths magnetic bubble, the magnetosphere..."
1017,"Britain Approves Human Cloning By EMMA ROSS     LONDON (AP) -- Britain granted its first license for human cloning Wednesday, more than three years after becoming the first nation to authorize the technique to produce stem cells for medical research.    A team of researchers at Newcastle University hope eventually to create insulin-producing cells that could be transplanted into diabetic patients...

Britain Approves Human Cloning By EMMA ROSS     LONDON (AP) -- Britain granted its first license for human cloning Wednesday, more than three years after becoming the first nation to authorize the technique to produce stem cells for medical research.    A team of researchers at Newcastle University hope eventually to create insulin-producing cells that could be transplanted into diabetic patients..."
1018,"Arado Flugzeugwerke

Arado Flugzeugwerke was a German aircraft manufacturer originally established as the Warnemünde factory of the Flugzeugbau Friedrichshafen firm that produced land-based military aircraft and seaplanes during the First World War."
1019,"Weak Version of Most Powerful Explosions Found (SPACE.com) SPACE.com - Gamma-ray bursts are the most powerful events in the universe, temporary outshining several galaxies and likely signaling the birth of a black hole.

Weak Version of Most Powerful Explosions Found (SPACE.com) SPACE.com - Gamma-ray bursts are the most powerful events in the universe, temporary outshining several galaxies and likely signaling the birth of a black hole."
1020,"When to start / have mammograms?

The National Cancer Institute recommends that women in their 40s and older should have mammograms every 1 to 2 years. Women who are at higher than average risk of breast cancer should talk with their health care providers about whether to have mammograms before age 40 and how often to have them. For more infomation about screening mammogram and diagnostic mammogram, pls check the source."
1021,"What is the United States' annual homeland security budget?

Fiscal year 2004 total budget authority: $35.6 Billion\nFY '05: $38.5B\nFY '06: $41.1B"
1022,"Drees & Sommer

Drees & Sommer is an international consulting company working in the building and real estate sector with head office in Germany. The key services provided by the company are development and process consulting infrastructure consulting project management and engineering as well as real estate consulting. Drees & Sommer accompanies building construction and infrastructure projects of all types and sizes for nearly all branches from the initial idea to implementation and operation."
1023,"why is the earth round?

The Earth is round because it is a large body, and gravity tends to make large bodies round because that is the gravitational efficient configuration for the matter to be in.\n\nThere are a few reasons you can encounter non-round bodies in space:\n\n1) the object is small (for example asteroids), so it's gravity has less say proportionally on the shape\n\n2) It has experienced a catastrophic collision with a large body\n\n3) It is under very strong rotational or tidal forces\n\n4) It is expelling matter/energy in the form of cosmic jets, nova ejecta, etc."
1024,"Microsoft, IE and Bloat \\Zawodny  threads off of Scoble  on the IE issue:\\""I have to say, when I first read that I nearly fell off my chair laughing. I was\thinking ""how stupid ARE these IE guys?!?!?!"" But we all know that Microsoft is\full of smart people who care about what they're doing. So something really\doesn't compute here.""\\""Last time I checked, IE wasn't even close to feature parity with Mozilla's\browsers. No popup blocking, no tabbed browsing, etc.""\\""Does the IE team really not know what their product is missing?""\\Perhaps.  It's highly likely that they just don't know.\\The bigger issue here is that Microsoft products can't fail and they can't\succeed.  Microsoft has 40-50 billion in the bank.  There ...\\

Microsoft, IE and Bloat \\Zawodny  threads off of Scoble  on the IE issue:\\""I have to say, when I first read that I nearly fell off my chair laughing. I was\thinking ""how stupid ARE these IE guys?!?!?!"" But we all know that Microsoft is\full of smart people who care about what they're doing. So something really\doesn't compute here.""\\""Last time I checked, IE wasn't even close to feature parity with Mozilla's\browsers. No popup blocking, no tabbed browsing, etc.""\\""Does the IE team really not know what their product is missing?""\\Perhaps.  It's highly likely that they just don't know.\\The bigger issue here is that Microsoft products can't fail and they can't\succeed.  Microsoft has 40-50 billion in the bank.  There ...\\"
1025,"Rice Is Nice (record label)

Rice Is Nice is an independent record label based in Sydney Australia that takes its name from Welsh post-hardcore band Mclusky's 2000 single Rice Is Nice. The label aims to promote local musicians that are unique and whose music will have longevity rather than based on popularity."
1026,"7digital

7digital Limited is a privately held digital music platform providing access to over 23 million legal tracks. The company powers digital music services for consumers developers and a wide range of partners around the world that are mainly from such sectors as consumer electronics automotive carriers or retailers as well as music including record companies and artists. They also work with fashion and FMCG brands."
1027,"Is it a good time to buy a house in Los Altos CA?

the market for homes over $1m is definitely softening and will continue to soften as rates increase. the active part of the market is in the $600k-$900k range, which in los altos would be a condo. therefore if you are looking to buy you should take your time and be picky and you should be able to negotiate."
1028,"Cavity Search Records

Cavity Search Records is a record label based in Portland Oregon formed in 1992 by Christopher Cooper and Denny Swofford. It is known for producing debut records by bands Hazel Heatmiser The Helio Sequence King Black Acid and Richmond Fontaine along with debut records for singer-songwriters Danny Barnes Saul Conrad Pete Krebs and Elliott Smith."
1029,"Hero Cycles

Hero Cycles Limited based in Ludhiana Punjab India is a manufacturer of bicycles and bicycle related products."
1030,"Pacific Hydro

Pacific Hydro is a renewable energy company headquartered in Melbourne Australia. It is a wholly owned subsidiary of the Industry Funds Management an Australian investment management company. The company was founded in 1992 operating renewable energy projects and started its first wind farm in 2010. Pacific Hydro develops hydro wind solar and geothermal power projects."
1031,"David's Supermarkets

David's Supermarkets (often shortened to David's) was an independently owned supermarket chain headquartered in Grandview Texas United States. Founded in 1964 David's operated 25 stores in North Central Texas and Northeast Texas concentrated in very small communities not served by other chains."
1032,"Chad seeks refugee aid from IMF Chad asks the IMF for a loan to pay for looking after more than 100,000 refugees from conflict-torn Darfur in western Sudan.

Chad seeks refugee aid from IMF Chad asks the IMF for a loan to pay for looking after more than 100,000 refugees from conflict-torn Darfur in western Sudan."
1033,"The Visual World of Michel Gondry A month ago I was introduced to the works of Michel Gondry.  In short, I was amazed and tantalized by his short films and music videos.  Even if you haven't heard of him, you've probably seen his many works in Gap commercials, various music videos, and the recent movie Eternal Sunshine of the Spotless Mind.    Many of his works explode with visual elements that, when taken alone, are simple and mundane.  However, under his masterful guidance, these elements come together to form a highly mesmerizing visual experience.  He never ceases to push visual technologies and challenge our ideas about the visual medium.

The Visual World of Michel Gondry A month ago I was introduced to the works of Michel Gondry.  In short, I was amazed and tantalized by his short films and music videos.  Even if you haven't heard of him, you've probably seen his many works in Gap commercials, various music videos, and the recent movie Eternal Sunshine of the Spotless Mind.    Many of his works explode with visual elements that, when taken alone, are simple and mundane.  However, under his masterful guidance, these elements come together to form a highly mesmerizing visual experience.  He never ceases to push visual technologies and challenge our ideas about the visual medium."
1034,"As a novice runner, how many weeks/months do I need to properly train for a marathon?

The answer, of course, varies for each individual depending on how fit you are, how often do you train and what your goals are. \n\nIf you are very aggressive, you can do it in 28 weeks. Start by walking, slowly, for a\nmile. Two days later, walk 1.5 miles. Every other day, increase the distance by half a mile until you get to 3 miles. Rest your muscles on the ""off"" day. Hold that distance on Tuesday and Thursday, while increasing by one additional mile on your weekend session (either Sat or Sun).\n\nOnce the long walk reaches 10 miles you can cut the distance in half every other weekend, increasing the long one by 2 miles each time. When the long one\ngets to 18 miles, you can do it every third weekend, covering 8-9 miles on the ""short"" weekends.\n\nAfter about the third week of training, insert a one min jog into your runs, after 4 min of walking. If this feels fine after 2 weeks, drop to 3walk/1jog. After 3 more weeks, drop to 2-1. If all goes well after another 3 weeks or so you could go to 1-1 during the week, and 2walk/1jog on the long run.\n\nFind the ratio that works best for you, that will leave you feeling strong at the end, and recovering fast from these long ones. The pace for all of\nthese should be very, very slow."
1035,"Epik Subwoofers

Epik Subwoofers was a US-based home audio manufacturing company specializing in high-end subwoofers. They catered to the direct online market for home audio and music enthusiasts.On January 12 2014 on their web page Epik Subwoofer announced that after 7 years in business they would be closing operations."
1036,"Best Asian Tourism Destinations The new APMF survey of the best Asian tourism destinations has just kicked off, but it's crowded at the top, with Chiang Mai in Thailand just leading from perennial favourites Hong Kong, Bangkok and Phuket in Thailand, and Bali in  Indonesia. Be one of the first to vote and let us know your reasons.

Best Asian Tourism Destinations The new APMF survey of the best Asian tourism destinations has just kicked off, but it's crowded at the top, with Chiang Mai in Thailand just leading from perennial favourites Hong Kong, Bangkok and Phuket in Thailand, and Bali in  Indonesia. Be one of the first to vote and let us know your reasons."
1037,"How can I find the dhcp server on Linux ?

There are a number of different DHCP clients that run on Linux.  Use the command ""ps ax"" to try to determine what processes are running that might have something to do with your ethernet interface.\n\nDHCPCD is a popular one.  Look to /etc/dhcpc for any files that might be there.\n\nPUMP is also a frequent program in use by some versions of RedHat Linux.  Run ""pump -i eth0 --status"" assuming your ethernet interface is eth0\n\nDHCLIENT -- run ""locate dhclient.leases"" and look into that file if you see that process running."
1038,"Sharp brings 3D to PCs, without the funny specs Firm brings tech already used in phones and laptops to desktops. Screen creates different pixel images for each eye.

Sharp brings 3D to PCs, without the funny specs Firm brings tech already used in phones and laptops to desktops. Screen creates different pixel images for each eye."
1039,"First Lady Bashes John Kerry's Pro Stem Cell Stance By RON FOURNIER    LANGHORNE, Pa. (AP) -- First lady Laura Bush defended her husband's policy on embryonic stem cell research Monday, calling Democratic rival John Kerry's criticism ""ridiculous"" and accusing proponents of overstating the potential for medical breakthroughs...

First Lady Bashes John Kerry's Pro Stem Cell Stance By RON FOURNIER    LANGHORNE, Pa. (AP) -- First lady Laura Bush defended her husband's policy on embryonic stem cell research Monday, calling Democratic rival John Kerry's criticism ""ridiculous"" and accusing proponents of overstating the potential for medical breakthroughs..."
1040,"Kinney Shoes

The G.R. Kinney Company was an American manufacturer and retailer of shoes from 1894 until September 16 1998. Its listing on the New York Stock Exchange symbol KNN began in March 1923. The shoe concern was started byGeorge Romanta Kinney whose father ran a general store in rural Candor New York. The father became indebted and George vowed to repay his indebtedness. In 1894 at the age of 28 he had saved enough to purchase a Lester retail outlet in Waverly New York."
1041,"I'm new to road biking and need a bike under $1000. What frame and parts do you recommend?

I'd agree with TaraN's answer. Take the time to really find what you want. Take a lot of extended test rides. You might find that aluminum might be too harsh for you, in which case you might find that steel or carbon might be more comfortable. That's just one example. Lots of test rides will give you a feel for how the various bikes at a given price point can handle very differently. Without getting into too much tech-speak, you might find that one bike handles a bit more twitchy than another. Think of the difference as driving a Mini Cooper versus a basic sedan. Some bikes are set up more for racing, where you'll get a quicker handling bike, whereas others will handle a bit more laid back.\n\nParts wise, you'll find the same component offerings on many of the manufacturers out there for a given price point, as TaraN pointed out. You'll most likely be getting a bike with Shimano componenets, with perhaps a mix of some of the manufacturer's own branded components (for example, Trek outfits their bikes with a lot of Bontrager componentry).\n\nFocus on the overall ride of the bike. For a $1000, you can get a lot of bike.\n\nWade at The Spokesman in downtown Santa Cruz is a GREAT guy - very helpful, and yes, very patient. He's very knowledgeable and will set you up right.\n\nAlso in that same category, I'd highly recommend seeing Vance Sprock over at Cupertino Bike Shop. He's just like Wade - he'll set you up right.\n\nGood luck!"
1042,"I have a desktop with a 82845 GL Intel integrated video card 64MB w/ no AGP slot.  Should I upgrade via PCI?

Most onboard video for PC desktop motherboards are far short of performance for even a PCI-only card.  For the Intel 845 chipset, having a dedicated PCI video card can definitely improve your performance, especially for 3D games."
1043,"Google IPO Bidding Opens Google IPO Bidding Opens\\Google's IPO bidding is officially open. Google and its underwriters expect to open the auction for the shares of Google rsquo;s Class A common stock at 9:00 a.m. EST (press time) on Friday, August 13, 2004. Google bidders must have obtained a bidder ID from ipo.google.com if you ...

Google IPO Bidding Opens Google IPO Bidding Opens\\Google's IPO bidding is officially open. Google and its underwriters expect to open the auction for the shares of Google rsquo;s Class A common stock at 9:00 a.m. EST (press time) on Friday, August 13, 2004. Google bidders must have obtained a bidder ID from ipo.google.com if you ..."
1044,"What is Visual Basic?

Visual Basic is a programming language and software development environment created by Microsoft in the 1990s primarily to make it easy for developers to create client applications on Windows. It featured an way to easily create graphical user interfaces by drawing windows and controls on the screen, and an event-driven paradigm that made it easy to attach code to meaningful events in the lifetime of an application (such as a button click).\n\nThe language was adapted to the Web with a variant called VBScript, and embedded into Microsoft Office and other applications with another variant called Visual Basic for Applications (VBA). Around the time of Windows 98's release, it became possible to create scripts written in VBScript to run on the Windows desktop.\n\nIn 2000 Microsoft introduced a new unified framework for software development called .NET. At that time Visual Basic was thoroughly revised and renamed to Visual Basic .NET. This version of the language added some capabilities, but dropped others, and was incompatible with previous versions of the language, leading some to complain that it should be been released as a separate language with a different name. Still, a great deal of Visual Basic code is in use today and large numbers of developers still use it to create client applications, Web apps, script, and macros embedded in other applications such as Microsoft Excel."
1045,"Honey bees close museum  A Worcestershire museum is forced to close for several weeks while a swarm of honey bees is removed.

Honey bees close museum  A Worcestershire museum is forced to close for several weeks while a swarm of honey bees is removed."
1046,"Chandra Celebrates Five Years of Scientific Breakthroughs Marshall Space Flight Center -- On August 12, 1999, NASA's Chandra X-ray Observatory opened its sunshade doors for the first time, allowing celestial X-ray light to reach the observatory's mirrors. This one small step for the observatory proved to be a giant leap for science as Chandra began its mission to shed new light on a violent, mysterious universe invisible to the human eye...

Chandra Celebrates Five Years of Scientific Breakthroughs Marshall Space Flight Center -- On August 12, 1999, NASA's Chandra X-ray Observatory opened its sunshade doors for the first time, allowing celestial X-ray light to reach the observatory's mirrors. This one small step for the observatory proved to be a giant leap for science as Chandra began its mission to shed new light on a violent, mysterious universe invisible to the human eye..."
1047,"Can water be hotter then 100 Celsius degrees?

I've found a nice web page that support the first answer"
1048,"Video games 'good for children' Computer games can promote problem-solving and team-building in children, say games industry experts.

Video games 'good for children' Computer games can promote problem-solving and team-building in children, say games industry experts."
1049,"If this is a tech rebound, pinch me KnowledgeWharton goes inside the IT conundrum to examine why capital spending--and corporate confidence--remains low.

If this is a tech rebound, pinch me KnowledgeWharton goes inside the IT conundrum to examine why capital spending--and corporate confidence--remains low."
1050,"How does a person live his whole life with the notion of impending death

It's called denial..."
1051,"Caja Madrid

Caja Madrid formally the Caja de Ahorros y Monte de Piedad de Madrid headquartered in Madrid is the oldest of the Spanish savings banks. It was founded on December 3 1702 as Monte de Piedad de Madrid by Francisco Piquer an Aragonese priest. Currently Caja Madrid is the regional-owned bank of the Community of Madrid (Comunidad de Madrid).On 27 June 2011 Caja Madrid merged with six other savings banks to form Bankia."
1052,"News: Climate Change Could Doom Alaska's Tundra In the next 100 years, Alaska will experience a massive loss of its historic tundra, as global warming allows these vast regions of cold, dry, lands to support forests and other vegetation that will dramatically alter native ecosystems. (Oregon State University press release)

News: Climate Change Could Doom Alaska's Tundra In the next 100 years, Alaska will experience a massive loss of its historic tundra, as global warming allows these vast regions of cold, dry, lands to support forests and other vegetation that will dramatically alter native ecosystems. (Oregon State University press release)"
1053,"RuntimeProperties... Reflection from System Properties \\Java developers often load system properties to customize the runtime behavior\of their applications.\\For example a develoepr could define a 'max_connections' system property to\define the maximum number of TCP connections that their application server can\support.  While nice, this prevents all other applications from using this\variable name.\\The first reaction to this would be to namespace your variable names.  Instead\of using max_connections you would now use\'my.application.Server.MAX_CONNECTIONS' as your property name.  This works of\course but now you have to load this property on startup.\\public static int MAX_CONNECTIONS = Integer.parseInt( System.getProperty(\""my.application.Se ...\\

RuntimeProperties... Reflection from System Properties \\Java developers often load system properties to customize the runtime behavior\of their applications.\\For example a develoepr could define a 'max_connections' system property to\define the maximum number of TCP connections that their application server can\support.  While nice, this prevents all other applications from using this\variable name.\\The first reaction to this would be to namespace your variable names.  Instead\of using max_connections you would now use\'my.application.Server.MAX_CONNECTIONS' as your property name.  This works of\course but now you have to load this property on startup.\\public static int MAX_CONNECTIONS = Integer.parseInt( System.getProperty(\""my.application.Se ...\\"
1054,"Formula1 car

Let me break it down-\nEngine- 3 liter V10.  Approximately 900+ hp, 19,000 rpm.  The engine weighs about 200 lbs.  It spins so fast that metal valve springs can't keep, the springs are pneumatic.\nBrakes- The better your brakes, the later you can brake and thus you can spend more time going fast.  These are carbon fiber and take 3 months to make.  They heat up to around 1500 F in use and can be seen glowing.  The wheels are limited to 13 inches in order to limit braking capability.  As they are, the driver experiences 4 G's of decelerating load under heavy braking.  An average person would black out in an F1 car.\nAerodynamics- Surprisingly, drag is not the critical factor, downforce is.  These cars have very high coefficients of drag, due to the open wheels and spoilers.  The downforce is created by aero devices which are basically inverted aeroplane wings, which push the car to the ground under speed.  It is because of the dependence on these devices that F1 cars have a difficult time passing, once the cars enter the dirty air behind another racer, downforce drops dramatically and so does the car's ability to corner quickly.\nTraction control- the cars generate so much power that the throttle is computer controlled to keep the tires from spinning.  The governing body (the FIA) wants to make this illegal but right now it is not feasible because it is merely software in the engine management systems, and it is not feasible to decompile these systems to find illegal code.\nTransmisison- The cars utilize computer controlled sequential manual transmissions.  The computers manage the throttle and clutch to pull off perfect shifts in one tenth of a second.  All the driver does is pull a lever.  The clutch is only used from a standstill and is engaged from a lever on the steering wheel. \nWhat doesn't make the cars fast-\nTires- The tires are grooved to limit traction.  If the drivers were allowed to run slicks, the traction and G loading would be so high that drivers would black out and possibly crash.  Starting in 2005, they also must last the entire race.\nWheels- Size limited to prevent the installation of overlarge brakes which would also push the drivers beyond the limits of human physiology\nBrakes- As stated earlier, size limited.  Also, no ABS at all (outlawed in 1994)."
1055,"What is the difference between phishing and pharming?

Both are entirely made-up terms, of course.  ""Phishing"" generally refers to those e-mail messages that say they're from a bank (or eBay or PayPal or your ISP), but the links actually go to some other web site where the phisher (still pretending to be a bank) asks for your information, and will use it to steal your identity, money, etcetera.\n\n""Pharming"" is another twist on the same thing, using more devious tricks.  In phishing mail you can usually figure out that the site you're about to visit isn't really your bank.  So for ""pharming,"" they'll first trick you into running a program (see ""trojans,"" ""malware,"" ""spyware,"" etcetera) that changes the way your computer looks up domain names.  Then, the pharmer can tell your computer that bank.com is some web server in Russia, and it's much harder to figure out that something's wrong.\n\nThere's some good info about these kinds of scams at http://antispam.yahoo.com/faqs#a13 ."
1056,"Del Monte Motor Works Inc.

Del Monte Motor Works Inc.. also known as Del Monte Motors or DMMC is a bus and truck manufacturer which headquartered in Quezon City Philippines. it is also products for truck and bus bodies under the all brands."
1057,"What is the difference between a state and a nation?

In political science, a ""nation"" refers to a group of people who feel bound into a single body by shared culture, values, folkways, religion and/or language.  A ""state"" just refers to a patch of land with a sovereign government.  States often coincide with nations (and are called ""nation-states,"" but not always.  States that overlap multiple nations tend to have civil wars; states that exclude parts of a nation tend to have wars with the neighboring state(s) that contain the rest of the nation."
1058,"Hope International (Christian microfinance)

Hope International is a Christ-centered microfinance organization that offers micro-loans and savings programs to poor individuals of all faiths in third world countries. The organization has assisted over 400000 entrepreneurs since it began operations in 1997 and approximately 82% of those clients are women. Hope is a non profit organization based in Lancaster PA."
1059,"Fossils Show How Whales Evolved to Hear Underwater Whale fossils found with tiny ear bones reveal for the first time how the ancestors of whales and dolphins developed their acute underwater hearing.

Fossils Show How Whales Evolved to Hear Underwater Whale fossils found with tiny ear bones reveal for the first time how the ancestors of whales and dolphins developed their acute underwater hearing."
1060,"Brownstein Hyatt Farber Schreck

Brownstein Hyatt Farber Schreck LLP is a national law firm based in Denver Colorado United States with 250 attorneys and policy consultants in offices across the western U.S. and in Washington D.C."
1061,"TitanFile

TitanFile Inc. is a Canadian company headquartered in Halifax Nova Scotia and with offices in Waterloo Ontario. TitanFile is an online file sharing and collaboration service."
1062,"Plastic Omnium

Plastic Omnium is an international company specialised in the manufacturing and commercialisation of plastics."
1063,"The Flag of Our Union

The Flag of Our Union (est.1846) was a weekly story paper published in Boston Massachusetts in the mid-19th century. In addition to news it featured works of fiction and poetry including contributions from notable writers such as Louisa May Alcott and Edgar Allan Poe."
1064,"Is a transponder required to fly in class C airspace?

the answer is that you must have a transponder in order to fly in a class C airspace."
1065,"Search Engine Marketing Mistakes Retailers Need to Avoid Search Engine Marketing Mistakes Retailers Need to Avoid\\According to a recent survey conducted by Shop.org and Forrester, in 2003, online retail sales jumped 51 to reach \$114 billion with 79 of all online retailers (etailers) were profitable. Online sales are expected to reach 6.6 percent of total retail sales in ...

Search Engine Marketing Mistakes Retailers Need to Avoid Search Engine Marketing Mistakes Retailers Need to Avoid\\According to a recent survey conducted by Shop.org and Forrester, in 2003, online retail sales jumped 51 to reach \$114 billion with 79 of all online retailers (etailers) were profitable. Online sales are expected to reach 6.6 percent of total retail sales in ..."
1066,"Carlyle Looks Toward Commercial Aerospace (Reuters) Reuters - Private investment firm Carlyle Group,\which has a reputation for making well-timed and occasionally\controversial plays in the defense industry, has quietly placed\its bets on another part of the market.

Carlyle Looks Toward Commercial Aerospace (Reuters) Reuters - Private investment firm Carlyle Group,\which has a reputation for making well-timed and occasionally\controversial plays in the defense industry, has quietly placed\its bets on another part of the market."
1067,"The Co-operative Insurance

The Co-operative Insurance formerly Co-operative Insurance Society is a general insurance company based in Manchester in the United Kingdom."
1068,"Can animals really predict earthquakes?

There was a PBS program 'Nature', just aired a couple of weeks ago, about whether animals can predict nature disasters like earthquakes and tsunamis. Whether animals can predict earthquakes is not conclusive. But there's a scientist in Berkeley (forgot his name) claimed he had predicted earthquakes accurately in the last few decades. What he used was simply newspaper ads on missing pets. He said normally you'd see about 10-15 missing pets ads, but before earthquakes, the missing pets ads would increase. His theory is contraversial, but it's worth a try. You may want to test that theory. \n\nThe program also mentioned about the terrible tsunami in Asia over a year ago. It mentioned none of the animals got harmed since they 'knew' the waves were coming and escaped from the disaster. \n\nOne theory is that animals can hear low frequency sound from beneath the earth, like grinding sound of moving rocks. \n\nAnyway, you'll find some interesting programs on PBS stations."
1069,"Sting of Bug Bites Can Linger Into Adulthood By Amanda Gardner, HealthDay Reporter    HealthDayNews -- Contrary to popular belief, not all kids who are allergic to insect stings outgrow their sensitivity.    Some people whose allergies left them in fear of bees, wasps, and the like as children still react to their stings as adults, but a new study offers relief: Allergy shots given in childhood can protect them for up to 20 years...

Sting of Bug Bites Can Linger Into Adulthood By Amanda Gardner, HealthDay Reporter    HealthDayNews -- Contrary to popular belief, not all kids who are allergic to insect stings outgrow their sensitivity.    Some people whose allergies left them in fear of bees, wasps, and the like as children still react to their stings as adults, but a new study offers relief: Allergy shots given in childhood can protect them for up to 20 years..."
1070,"Capturing Your Personal Web Forget bookmarks: Web content managers allow you to create your own personal, searchable cache of web pages.

Capturing Your Personal Web Forget bookmarks: Web content managers allow you to create your own personal, searchable cache of web pages."
1071,"Red-Footed Falcon Sighted in Mass. (AP) AP - A red-footed falcon spotted for the first time in North America is enticing birdwatchers to Martha's Vineyard.

Red-Footed Falcon Sighted in Mass. (AP) AP - A red-footed falcon spotted for the first time in North America is enticing birdwatchers to Martha's Vineyard."
1072,"EC Harris

EC Harris is an international built asset consultancy firm headquartered in the United Kingdom. It is a key part of the Arcadis group a network of 21000 professionals operating in over 70 countries and 300 offices generating approximately €2.4 billion in annual revenue following the companies merger in 2011."
1073,"Lamagama Entertainment

Lamagama Entertainment is a major Turkish video game developer established in Ankara Turkey. Lamagama Entertainment was founded by Nilay Yüce (a former researcher at The Scientific and Technological Research Council of Turkey) and Gökhan Ertem (an ex-process control engineer for the Turkish Aerospace Industries) in July 2009. In 2009 they produced Lamax Motion Capture and System Analysis by getting a Technopreneurship R&D promotion from the Ministry of lndustry."
1074,"Vision Service Plan

Vision Service Plan often known simply as VSP is the largest provider of vision insurance in the United States. Founded in Oakland California in 1955 the company offered the first prepaid not-for-profit vision benefit. As of 2010 the company has 55 million members and 26000 participating doctors."
1075,"I've heard of a ""Green flash"" when the Sun sets. Does this happen? Only over the ocean? Why?

The green flash is real... here are resources to read about it:\nhttp://mintaka.sdsu.edu/GF/reading.html\n\nAlso, below is a link to go see some pictures of the flash."
1076,"How do I change the nickname I chose when I first logged in to qa.yahoo.com?

You can change the nickname in your 360 profile. Then select that nickname in Q&A by clicking on your current nickname (it's a link). However, you can only have one nickname at a time in Q&A using the same yahoo ID."
1077,"iTunes Music Store Catalog Tops One Million Songs The iTunes Music Store now has more than one million songs available for download in the US, the first online digital music service to offer consumers a million-song catalog. Aug 10

iTunes Music Store Catalog Tops One Million Songs The iTunes Music Store now has more than one million songs available for download in the US, the first online digital music service to offer consumers a million-song catalog. Aug 10"
1078,"Modern Dairy

Modern Dairy is a Chinese dairy and the largest producer of milk in China. The dairy counts 15 industrial farms and an additional 4 are under construction. KKR is a major investor putting in along with other investors $150 million into the dairy."
1079,"Telefónica Czech Republic

Telefónica Czech Republic (operating under the O2 brand) is a major integrated operator in the Czech Republic. It is now operating more than six million lines both fixed and mobile making it one of the Czech Republic’s leading providers of fully converged services."
1080,"Callcredit

Callcredit Limited is a credit reference agency. Credit reference agencies collect and store details about consumers and their personal credit history. Callcredit was created by Skipton Building Society and supplies information to lenders and other organisations to enable them to establish an individual's credit history confirm application addresses and monitor significant events which may be indicators of credit risk."
1081,"What is the difference between quote and quotation?

From About.com:\n\n""To quote means to repeat the exact words of another with the acknowledgement of the source.\n\nA quotation is a phrase or a sentence from a book or a speech that reflects the author's profound thoughts."""
1082,"Rytec Corporation

Rytec Corporation is an American manufacturer of high-cycle high-speed doors for industrial and commercial applications. Headquartered in JacksonWisconsin Rytec is considered a North American leader in the development manufacture and sale of high-performance doors."
1083,"News: UK scientists roll out Wi-Fi proof wallpaper British boffins have developed wallpaper that blocks Wi-Fi traffic but still allows other wireless transmissions to pass through in a bid to prevent unauthorised access to sensitive data via the WLAN.\

News: UK scientists roll out Wi-Fi proof wallpaper British boffins have developed wallpaper that blocks Wi-Fi traffic but still allows other wireless transmissions to pass through in a bid to prevent unauthorised access to sensitive data via the WLAN.\"
1084,"What is the origin of the name 'Soccer'?

In the early days of this game, an association was set up in England to codify the rules.  The game was sometimes referred to as ""association football,"" probably to distinguish it from other variations.  ""association"" was abbreviated to ""assoc.,"" so the game was nicknamed ""soccer.""\nSince the term ""football"" was already used in the U.S. to describe a different game, the name ""soccer"" stuck here."
1085,"A Personal Operator From Verizon Verizon plans to offer a service that would act as a virtual switchboard operator, letting customers stay in touch at all times. The program would send phone calls, voicemails and e-mails wherever customers designate. By Elisa Batista.

A Personal Operator From Verizon Verizon plans to offer a service that would act as a virtual switchboard operator, letting customers stay in touch at all times. The program would send phone calls, voicemails and e-mails wherever customers designate. By Elisa Batista."
1086,"LJN

LJN Toys Limited was an American toy company and a video game publisher in operation from 1970 to 1995. It manufactured toy lines and released video games based on licensed properties from movies television shows and celebrities. It was headquartered in Midtown Manhattan New York City and later in Lyndhurst New Jersey."
1087,"Fed minutes show dissent over inflation (USATODAY.com) USATODAY.com - Retail sales bounced back a bit in July, and new claims for jobless benefits fell last week, the government said Thursday, indicating the economy is improving from a midsummer slump.

Fed minutes show dissent over inflation (USATODAY.com) USATODAY.com - Retail sales bounced back a bit in July, and new claims for jobless benefits fell last week, the government said Thursday, indicating the economy is improving from a midsummer slump."
1088,"Do animals have feelings?

It's clear that humans and animals (especially those close to us in the evolutionary tree), share similar chemical responses in their brain when faced with highly emotional situations.  Whether it be fear, contentment, mating urges, we have a lot of analogous mechanisms going on.  On this basis alone, there is a pretty strong argument that animals have feelings.\nOne possible counter-argument, however, is based on the definition that for certain chemical responses to be called feelings, that the being in question needs to have a conscious awareness of their state.  With this defition, it becomes much harder to say whether animals experience feelings in the same conscious manner even though the neurochemical signatures are similar.\nMy opinion is that this definition based on conscious understanding is a little specious, as it's based on an ongoing desire by some to try to define humans out of the context of the natural world... and to claim that we are categorically better than the other animals.  \nIf the neurochemical basis for consciousness is ever discovered we'll be able to quickly check which animals have this, and I suspect we'll find that many are conscious.  If this is so, then their feelings will be as real as human ones in all senses."
1089,"What is the best way to learn chinese?

The best way is to be born in china :D"
1090,"Bristol Farms

Bristol Farms Inc. is an upscale grocery store chain in California United States. Founded in Los Angeles County Bristol Farms operates fifteen stores twelve in Southern California and one in San Francisco. The fourteenth and fifteenth stores operate as Lazy Acres Market in Santa Barbara and Long Beach respectively. After several changes in ownership over the years the company is now privately owned."
1091,"What do you think is the single most important event of a High Schooler's life?

I think it's receiving your college acceptance letters. It's a reflection of the fruits of your labor."
1092,"ME Bank

Members Equity Bank Limited operating as ME Bank is a national bank based in Melbourne Australia."
1093,"Microsoft Says Battle in Japan Hurting Image By YURI KAGEYAMA     TOKYO (AP) -- The head of Microsoft Corp. (MSFT)'s Japan unit acknowledged Tuesday that the U.S...

Microsoft Says Battle in Japan Hurting Image By YURI KAGEYAMA     TOKYO (AP) -- The head of Microsoft Corp. (MSFT)'s Japan unit acknowledged Tuesday that the U.S..."
1094,"Dax Cars

Dax Cars is a British sports car manufacturer founded in 1968 and based in Harlow Essex England. The company whose official name is D.J. Sportscars International Ltd started as a fibreglass moulding company before becoming the first British company to make a kit based replica of the AC 427 Cobra."
1095,"Izhevsk Mechanical Plant

Izhevsk Mechanical Plant (Russian: Ижевский Mеханический Завод Izhevsky Mekhanchesky Zavod) or IZHMEKH (ИЖМЕХ) was a major firearms manufacturer founded in Izhevsk in 1942 for manufacturing small arms. After the end of World War II it continued producing firearms both for military and hunting applications and later high-tech weapons and civilian machinery."
1096,"Do love relationships with co-workers work?

Yes they do. My wife and I worked for the same company albeit in different depts. We met when a co-worker we both knew has his leaving party. Since we were in different depts there was no issue, although we did keep it a secret for a while."
1097,"PalmSource chairman to step down The separation of PalmOne and PalmSource will be complete with Eric Benhamou's resignation as the latter's chairman.

PalmSource chairman to step down The separation of PalmOne and PalmSource will be complete with Eric Benhamou's resignation as the latter's chairman."
1098,"What's the difference between online chat and instant messaging?

Both are ways to communicate instantly on the web, by typing on your keyboard. In online chat, you communicate with a community of people with similar interests. With instant messaging, you communicate one-to-one, usually with someone you know."
1099,"Making Your Insurer Pay If Hurricane Charley blows your house down, how can you make your insurance company pay?

Making Your Insurer Pay If Hurricane Charley blows your house down, how can you make your insurance company pay?"
1100,"What language gave us the words Kimono and Futon?

Japanese."
